symbol,company_name,cmp,pe,mcap_cr,div_yield_pct,np_qtr_cr,profit_growth_qtr_pct,sales_qtr_cr,sales_growth_qtr_pct,roce_pct,basic_industry
BAJAJ-AUTO,Bajaj Auto,11283.5,26.3,310052.36,1.33,3188.75,45.93,21688.83,65.14,28.24,2/3 Wheelers
EICHERMOT,Eicher Motors,7721.5,38.12,211858.88,1.06,1519.95,11.58,6080.09,16.01,30.52,2/3 Wheelers
TVSMOTOR,TVS Motor Co.,3919.8,53.83,186203.2,0.31,1057.61,67.11,16295.52,33.46,17.37,2/3 Wheelers
HEROMOTOCO,Hero Motocorp,5173.8,18.03,103555.23,3.58,1473.92,25.72,12978.28,30.18,35.22,2/3 Wheelers
ATHERENERG,Ather Energy,1233.2,,48593.95,0.0,-100.23,57.23,1174.66,73.75,-19.77,2/3 Wheelers
OLAELEC,Ola Electric,37.0,,17125.11,0.0,-500.0,42.53,265.0,-56.63,-19.56,2/3 Wheelers
TUNWAL,Tunwal E-Motors,26.7,12.1,154.04,0.37,4.23,-34.72,132.45,27.15,13.28,2/3 Wheelers
DELTIC,Delta Auto.,36.25,8.45,55.43,0.0,3.1,-47.28,37.54,-28.28,11.81,2/3 Wheelers
VICTORYEV,Victory Ele.,16.4,18.38,39.51,0.0,0.53,-86.91,15.27,-52.67,10.52,2/3 Wheelers
TIMKEN,Timken India,3083.1,58.24,23203.15,0.08,154.79,-17.15,1073.14,14.19,18.26,Abrasives & Bearings
GRINDWELL,Grindwell Norton,2004.0,57.27,22186.64,0.95,119.34,28.31,842.21,18.7,21.18,Abrasives & Bearings
CARBORUNIV,Carborundum Uni.,1056.1,78.25,20125.55,0.38,-40.01,-17.82,1398.35,14.89,10.52,Abrasives & Bearings
SKFINDUS,SKF India Indus.,2762.2,36.78,13662.5,0.36,118.97,-1.93,945.72,31.24,29.89,Abrasives & Bearings
SKFINDIA,SKF India,1470.8,24.6,7274.0,2.72,-20.23,-128.78,594.54,20.68,13.33,Abrasives & Bearings
WENDT,Wendt India,7426.0,121.88,1483.3,0.4,5.09,-60.51,66.78,-11.67,7.82,Abrasives & Bearings
SKP,SKP Bearing,161.0,303.7,267.26,0.69,-0.95,,37.99,,11.38,Abrasives & Bearings
NIBL,NRB Indl Bearing,35.44,,85.72,0.0,-6.82,2.29,20.58,27.75,-16.17,Abrasives & Bearings
SIGNPOST,Signpost India,301.3,22.84,1599.51,0.17,21.01,2183.7,161.92,46.08,25.13,Advertising & Media Agencies
RKSWAMY,R K Swamy,99.86,20.63,503.4,2.0,15.94,29.28,100.88,20.8,12.17,Advertising & Media Agencies
YAAP,Yaap Digital,153.0,17.35,320.28,0.0,19.0,84.08,135.66,28.14,30.86,Advertising & Media Agencies
VERTOZ,Vertoz,35.29,11.54,300.78,0.28,6.25,-2.33,73.69,13.06,14.16,Advertising & Media Agencies
CUDML,Cash UR Drive,142.5,8.55,251.46,0.0,18.52,94.54,108.79,43.71,40.31,Advertising & Media Agencies
SIMCA,Simca Advertis.,203.2,14.63,243.26,0.0,9.04,1164.71,78.51,107.37,97.5,Advertising & Media Agencies
PRAMARA,Pramara Promotio,127.65,17.73,177.99,0.0,3.91,5.96,59.27,6.49,14.95,Advertising & Media Agencies
DGCONTENT,Digicontent,24.37,38.55,144.17,0.0,0.9,-85.53,118.35,3.34,23.95,Advertising & Media Agencies
VALUE360,Value 360 Commu.,77.75,12.61,125.1,0.0,4.99,131.34,35.84,16.97,38.64,Advertising & Media Agencies
CRAYONS,Crayons Advertis,25.0,16.24,61.07,0.0,0.68,-94.03,171.88,26.88,5.55,Advertising & Media Agencies
GRAPHISAD,Graphisads,30.0,12.81,54.83,0.0,1.55,-62.56,80.65,6.06,5.49,Advertising & Media Agencies
CMRSL,Cyber Media Res.,62.0,4.91,18.15,3.23,1.04,109.52,25.39,38.37,21.77,Advertising & Media Agencies
VERITAAS,Veritaas Adver.,36.3,5.73,10.25,0.0,1.05,61.54,7.55,-8.48,17.03,Advertising & Media Agencies
GRADIENTE,Gradiente Info.,2.69,1.42,6.06,0.0,1.33,13200.0,17.29,2116.67,1.3,Advertising & Media Agencies
HAL,Hind.Aeronautics,4592.5,33.66,306856.56,0.98,4196.04,5.52,13942.4,1.77,31.96,Aerospace & Defense
BEL,Bharat Electron,405.35,48.87,296265.46,0.59,2226.35,4.62,10224.43,11.75,36.53,Aerospace & Defense
BDL,Bharat Dynamics,1239.8,108.1,45437.32,0.38,113.18,-58.51,480.2,-72.98,13.84,Aerospace & Defense
GRSE,Garden Reach Sh.,2574.4,39.44,29494.82,0.54,303.2,24.14,2119.21,29.06,42.96,Aerospace & Defense
DATAPATTNS,Data Pattern,4597.5,104.25,25765.29,0.22,138.38,21.3,344.85,-12.96,21.92,Aerospace & Defense
ASTRAMICRO,Astra Microwave,1783.1,87.73,16930.13,0.12,105.98,44.21,488.24,19.71,20.25,Aerospace & Defense
ZENTEC,Zen Technologies,1800.7,84.26,16247.84,0.06,47.24,-68.8,178.08,-45.2,16.18,Aerospace & Defense
AEQUS,Aequs,221.59,,14873.42,0.0,-53.72,-739.04,367.1,47.26,1.55,Aerospace & Defense
APOLLO,Apollo Micro Sys,395.5,130.26,14709.47,0.06,36.79,168.71,293.26,81.28,14.47,Aerospace & Defense
PARAS,Paras Defence,1197.5,112.29,9651.52,0.02,38.88,64.34,171.31,58.28,16.9,Aerospace & Defense
SIGMAADV,Sigma Advanced System,499.8,34.29,9510.79,0.0,128.45,1400.69,322.82,469.05,60.82,Aerospace & Defense
MIDHANI,Mishra Dhatu Nig,394.6,56.61,7403.48,0.22,77.75,38.49,552.75,34.63,11.3,Aerospace & Defense
AXISCADES,AXISCADES Tech.,1562.4,84.15,6647.62,0.0,0.42,-98.29,273.01,1.88,15.3,Aerospace & Defense
UNIMECH,Unimech Aero.,1215.3,98.07,6205.96,0.0,26.1,-10.62,81.8,19.64,11.85,Aerospace & Defense
CYIENTDLM,Cyient DLM,665.1,64.2,5271.86,0.0,16.29,118.36,373.8,34.25,9.9,Aerospace & Defense
CENTUM,Centum Electron,3570.7,52.24,5261.12,0.17,1.64,16.05,340.43,27.46,25.58,Aerospace & Defense
AVANTEL,Avantel,164.47,254.48,4369.35,0.12,5.39,66.87,70.42,35.66,9.63,Aerospace & Defense
IDEAFORGE,Ideaforge Tech,861.05,,4267.28,0.0,59.99,333.33,141.04,594.44,-2.81,Aerospace & Defense
ROSSTECH,Rossell Techsys,974.45,162.04,3673.52,0.02,7.52,9.78,142.07,61.57,11.5,Aerospace & Defense
SIKA,Sika Interplant,1133.2,68.39,2401.97,0.31,7.83,-1.01,41.33,-10.19,34.56,Aerospace & Defense
NIBE,NIBE,1504.8,413.03,2325.38,0.08,27.57,282.59,259.5,130.48,4.79,Aerospace & Defense
JAYKAY,Jaykay Enter.,163.42,31.78,2127.36,0.0,179.82,586.84,61.16,458.03,8.18,Aerospace & Defense
DCXINDIA,DCX Systems,179.81,,2002.07,0.0,-0.3,-101.45,207.27,-62.31,0.87,Aerospace & Defense
KRISHNADEF,Krishna Defence,1309.3,51.37,1957.11,0.1,12.3,64.44,64.85,42.18,31.07,Aerospace & Defense
APSISAERO,Apsis Aerocom,417.6,67.02,503.29,0.0,4.24,41.81,16.99,78.47,31.78,Aerospace & Defense
C2C,C2C Advanced,294.45,27.26,499.64,0.0,-5.33,-127.89,79.55,10.66,13.49,Aerospace & Defense
KAVDEFENCE,Kavveri Defence,56.95,277.97,344.68,0.0,0.28,-92.41,0.92,-88.78,1.14,Aerospace & Defense
TECHERA,Techera Enginee.,160.75,118.03,265.58,0.0,1.69,-86.14,24.2,-24.21,7.59,Aerospace & Defense
INDIGO,Interglobe Aviat,5023.5,,194103.51,0.2,-238.0,-110.92,24584.1,19.94,7.12,Airline
SPICEJET,SpiceJet,12.32,,1880.15,0.0,-269.27,-1104.04,1384.31,12.45,9.1,Airline
TAALTECH,TAAL Tech,3902.0,21.41,1208.38,1.67,17.16,41.35,57.04,27.63,32.73,Airline
FLYSBS,FlySBS Aviation,462.4,13.17,800.12,0.0,36.93,59.18,180.93,64.21,32.47,Airline
GLOBALVECT,Global Vectra,150.32,,207.85,0.0,-5.59,-156.61,127.51,-5.51,-2.11,Airline
GMRAIRPORT,GMR Airports,107.37,545.27,113402.7,0.0,400.49,203.18,3938.16,37.54,11.65,Airport & Airport services
DREAMFOLKS,Dreamfolks Servi,66.79,30.71,355.05,0.0,-13.01,-187.62,52.64,-83.24,5.71,Airport & Airport services
HINDALCO,Hindalco Inds.,955.65,12.73,214744.9,0.52,2597.0,-22.12,78133.0,20.41,13.21,Aluminium
VAML,Vedanta Aluminium Metal,436.85,,170785.69,0.0,,,,,,Aluminium
NATIONALUM,Natl. Aluminium,346.0,10.96,63538.18,3.03,1722.44,-16.68,5012.82,-4.84,39.59,Aluminium
ARFIN,Arfin India,90.34,112.23,1526.3,0.12,5.71,957.41,191.7,24.99,13.97,Aluminium
MMP,MMP Industries,286.3,18.87,727.28,0.7,17.99,14.36,249.68,11.9,12.49,Aluminium
MAANALU,Maan Aluminium,113.99,52.58,685.14,0.0,1.7,-56.85,254.57,3.54,7.73,Aluminium
JAINIK,Jainik Power,178.1,18.23,255.54,0.0,7.85,64.57,208.91,9.73,29.88,Aluminium
MANAKALUCO,Manaksia Alumi.,35.73,31.11,235.19,0.2,3.24,62.0,155.66,13.56,10.15,Aluminium
PRECWIRE,Prec. Wires (I),367.8,43.79,6731.82,0.34,54.87,85.5,1762.85,67.19,32.94,"Aluminium, Copper & Zinc Products"
CMRGREEN,CMR Green Tech.,217.35,22.42,4761.17,0.0,65.98,141.95,2364.67,45.38,13.98,"Aluminium, Copper & Zinc Products"
VIDYAWIRES,Vidya Wires,88.05,32.46,1871.51,0.0,19.61,54.53,598.78,57.73,20.69,"Aluminium, Copper & Zinc Products"
BAHETI,Baheti Recycling,704.7,27.0,730.67,0.0,17.79,61.87,409.72,53.38,21.66,"Aluminium, Copper & Zinc Products"
SUNLITE,Sunlite Recycli.,417.55,14.36,576.46,0.0,25.8,257.84,1642.41,116.13,46.52,"Aluminium, Copper & Zinc Products"
AMCL,ANB Metal,422.0,23.27,499.43,0.0,12.97,199.54,137.39,115.08,29.63,"Aluminium, Copper & Zinc Products"
SHERA,Shera Energy,175.85,12.56,429.77,0.0,12.64,88.26,487.67,26.1,19.54,"Aluminium, Copper & Zinc Products"
EUROBOND,Euro Panel,160.77,14.79,402.41,0.0,8.81,41.19,141.04,19.92,16.95,"Aluminium, Copper & Zinc Products"
RAJINDLTD,Rajputana Indu.,74.95,12.67,166.5,0.0,3.69,32.26,204.08,22.12,19.73,"Aluminium, Copper & Zinc Products"
CENTEXT,Century Extrus.,18.96,13.13,151.28,0.0,2.95,27.34,142.22,18.72,19.21,"Aluminium, Copper & Zinc Products"
MCL,M Tek Copper,52.68,31.85,142.99,0.0,2.91,69.19,84.06,102.07,12.62,"Aluminium, Copper & Zinc Products"
ALUWIND,Aluwind Infra,48.05,11.35,119.39,0.0,5.45,-7.0,73.12,14.66,17.63,"Aluminium, Copper & Zinc Products"
CUBEXTUB,Cubex Tubings,77.61,14.92,111.13,0.0,1.37,-40.43,89.4,6.14,11.49,"Aluminium, Copper & Zinc Products"
RAJMET,Rajnandini Metal,3.41,,94.28,0.0,1.13,197.37,56.45,-72.93,3.85,"Aluminium, Copper & Zinc Products"
SAGARDEEP,Sagardeep Alloys,25.06,17.38,42.74,0.0,1.62,406.25,70.45,117.17,10.59,"Aluminium, Copper & Zinc Products"
WONDERLA,Wonderla Holiday,464.6,34.66,2948.52,0.43,16.42,24.52,135.85,40.37,6.42,Amusement Parks/ Other Recreation
IMAGICAA,Imagica. Enter.,46.82,4212.45,2653.85,0.0,0.4,-97.76,91.86,-2.69,1.86,Amusement Parks/ Other Recreation
DELTACORP,Delta Corp,62.53,18.72,1673.57,2.0,16.45,-28.81,161.25,-11.72,5.02,Amusement Parks/ Other Recreation
AVANTIFEED,Avanti Feeds,959.2,21.28,13063.42,0.94,138.86,-12.84,1467.72,6.19,25.93,Animal Feed
GODREJAGRO,Godrej Agrovet,561.2,23.42,10793.34,1.96,102.28,48.14,2332.65,9.33,19.16,Animal Feed
MUKKA,Mukka Proteins,22.74,13.09,681.61,0.0,21.36,51.73,380.61,-0.25,11.61,Animal Feed
NARMADA,Narmada Agrobase,35.21,34.56,133.38,0.0,0.8,2.56,34.0,16.04,8.95,Animal Feed
AJOONI,Ajooni Biotech,3.95,15.75,68.04,0.0,0.95,-38.31,60.62,107.11,6.49,Animal Feed
ICICIAMC,ICICI AMC,3132.0,44.41,154809.22,0.87,964.63,23.1,1564.22,17.55,115.1,Asset Management Company
SBIFUNDS,SBI Funds Mgt.,577.4,38.33,117566.21,0.0,,,,,56.5,Asset Management Company
HDFCAMC,HDFC AMC,2508.7,36.48,107609.89,2.15,838.36,12.09,1098.5,13.51,42.88,Asset Management Company
NAM-INDIA,Nippon Life Ind.,1105.8,43.24,70788.93,1.94,503.7,27.16,766.87,26.42,43.8,Asset Management Company
ABSLAMC,Aditya AMC,986.0,28.26,28532.78,2.59,309.49,11.68,462.96,3.48,32.23,Asset Management Company
UTIAMC,UTI AMC,904.05,21.75,11614.86,4.42,293.86,24.07,583.51,6.7,15.57,Asset Management Company
CRAMC,Canara Robeco,266.02,24.3,5307.09,1.5,75.6,23.98,145.37,20.07,40.11,Asset Management Company
IVC,IL&FS Inv.Manag.,8.26,67.12,259.08,6.05,3.96,-81.92,35.21,364.51,4.07,Asset Management Company
MOTHERSON,Samvardh. Mothe.,145.57,36.03,153641.03,0.41,1561.56,55.33,34309.31,17.03,13.43,Auto Components & Equipments
BOSCHLTD,Bosch,42240.0,59.72,124660.51,0.64,570.0,2.98,5565.7,13.34,21.54,Auto Components & Equipments
BHARATFORG,Bharat Forge,2175.3,92.2,104067.66,0.39,233.45,2.05,4528.04,17.53,12.61,Auto Components & Equipments
UNOMINDA,Uno Minda,1129.9,53.81,65302.88,0.23,351.76,22.39,5336.41,17.85,19.65,Auto Components & Equipments
SCHAEFFLER,Schaeffler India,4093.2,49.58,64013.28,0.86,336.73,13.67,2681.41,17.5,27.9,Auto Components & Equipments
TIINDIA,Tube Investments,2824.5,82.76,54695.97,0.12,234.01,81.73,6214.74,20.68,17.14,Auto Components & Equipments
SONACOMS,Sona BLW Precis.,719.75,57.67,44840.23,0.47,220.11,73.37,1157.24,50.82,15.11,Auto Components & Equipments
ENDURANCE,Endurance Tech.,2720.3,39.55,38258.23,0.42,276.45,17.32,4085.95,37.88,18.28,Auto Components & Equipments
EXIDEIND,Exide Inds.,439.75,44.99,37366.23,0.45,216.73,15.19,4735.13,9.22,8.54,Auto Components & Equipments
ZFCVINDIA,ZF Commercial,2365.8,54.5,26942.89,0.17,141.35,12.91,1132.8,12.92,19.08,Auto Components & Equipments
MSUMI,Motherson Wiring,39.93,42.4,26480.23,1.45,167.3,1.44,3334.62,32.88,38.86,Auto Components & Equipments
CRAFTSMAN,Craftsman Auto,9311.5,63.7,24350.59,0.12,116.42,56.46,2226.4,27.28,13.91,Auto Components & Equipments
ASAHIINDIA,Asahi India Glas,872.45,62.88,22229.84,0.23,132.61,43.17,1354.06,14.77,11.76,Auto Components & Equipments
BELRISE,Belrise Industri,229.31,45.99,22177.76,0.24,136.27,22.69,2106.96,17.11,13.85,Auto Components & Equipments
TENNIND,Tenneco Clean,543.4,35.17,21927.93,0.0,166.79,18.87,1552.45,17.09,60.76,Auto Components & Equipments
SANSERA,Sansera Enginee.,3188.7,64.2,19898.93,0.1,103.97,74.3,885.85,27.54,13.65,Auto Components & Equipments
SUNDRMFAST,Sundram Fasten.,946.45,32.94,19878.2,0.85,161.36,29.71,1693.3,10.63,17.6,Auto Components & Equipments
GABRIEL,Gabriel India,1377.7,54.94,19793.3,0.34,108.13,1.99,1425.68,15.5,40.45,Auto Components & Equipments
SHRIPISTON,SPR Auto Technologies,4277.9,33.19,18764.86,0.23,159.1,7.65,1455.8,47.29,20.78,Auto Components & Equipments
ARE&M,Amara Raja Ener.,876.4,24.99,16035.01,1.21,322.33,12.37,3459.92,16.34,13.43,Auto Components & Equipments
CIEINDIA,CIE Automotive,419.0,17.74,15903.7,1.67,235.62,15.49,2620.55,10.62,14.74,Auto Components & Equipments
MINDACORP,Minda Corp,657.75,43.47,15705.56,0.21,124.0,135.63,1703.81,28.95,12.76,Auto Components & Equipments
JBMA,JBM Auto,659.1,69.38,15580.39,0.13,83.82,11.95,1852.27,12.55,14.78,Auto Components & Equipments
SEDEMAC,Sedemac Mechatro,2749.9,117.4,12159.86,0.0,32.08,272.59,287.71,59.91,35.69,Auto Components & Equipments
RKFORGE,Ramkrishna Forg.,584.0,131.35,10634.11,0.34,55.94,-71.88,1216.78,28.46,5.6,Auto Components & Equipments
LUMAXTECH,Lumax Auto Tech.,1474.5,34.97,10057.36,0.37,97.54,50.4,1416.93,25.07,21.45,Auto Components & Equipments
ASKAUTOLTD,ASK Automotive,502.95,33.5,9909.16,0.37,71.54,24.18,1147.12,35.01,25.42,Auto Components & Equipments
VARROC,Varroc Engineer,640.75,38.51,9773.98,0.23,70.46,40.48,2368.08,12.81,19.03,Auto Components & Equipments
BANCOINDIA,Banco Products,608.05,18.66,8692.59,2.47,147.43,-5.69,1098.74,25.62,30.91,Auto Components & Equipments
PRICOLLTD,Pricol Ltd,626.1,30.79,7636.05,0.32,73.23,109.53,1099.21,42.87,24.5,Auto Components & Equipments
SJS,SJS Enterprises,2275.2,42.89,7282.78,0.15,48.87,45.14,260.12,29.73,28.58,Auto Components & Equipments
SUPRAJIT,Suprajit Engg.,487.5,35.7,6688.87,0.62,71.11,161.05,1041.93,18.82,15.98,Auto Components & Equipments
FIEMIND,Fiem Industries,2354.1,24.34,6197.9,1.7,71.03,26.86,751.25,17.49,29.34,Auto Components & Equipments
JAMNAAUTO,Jamna Auto Inds.,130.8,21.86,5232.99,1.61,87.27,73.43,839.6,31.66,27.47,Auto Components & Equipments
LGBBROSLTD,L G Balakrishnan,1540.8,15.54,4923.05,1.43,69.67,-6.89,815.0,21.79,19.82,Auto Components & Equipments
SHARDAMOTR,Sharda Motor,829.95,14.37,4767.11,1.96,89.42,6.35,971.76,29.59,35.96,Auto Components & Equipments
LUMAXIND,Lumax Industries,5093.5,25.56,4762.75,1.08,54.1,26.43,1200.32,29.99,17.7,Auto Components & Equipments
SSWL,Steel Str. Wheel,286.73,20.16,4508.29,0.44,71.51,43.19,1509.82,27.22,15.98,Auto Components & Equipments
NRBBEARING,NRB Bearings,393.0,26.01,3810.99,2.02,42.09,-4.74,371.98,12.96,18.41,Auto Components & Equipments
ROLEXRINGS,Rolex Rings,137.05,20.77,3725.58,0.0,-0.15,-27.67,305.69,7.68,21.16,Auto Components & Equipments
JTEKTINDIA,JTEKT India,131.34,44.83,3643.06,0.53,27.49,18.62,780.33,20.2,9.84,Auto Components & Equipments
WHEELS,Wheels India,1445.2,22.8,3533.55,1.0,58.81,51.91,1564.02,22.46,18.83,Auto Components & Equipments
SANDHAR,Sandhar Tech,585.7,17.57,3527.73,0.6,63.82,56.31,1306.99,28.88,14.41,Auto Components & Equipments
RML,Rane (Madras),1124.8,28.5,3108.76,1.42,36.96,522.22,1047.87,16.26,13.95,Auto Components & Equipments
CARRARO,Carraro India,537.05,22.71,3056.3,0.85,41.02,77.5,602.93,36.84,28.67,Auto Components & Equipments
UNIPARTS,Uniparts India,673.0,18.86,3034.99,2.27,51.15,124.05,338.93,34.07,21.6,Auto Components & Equipments
SUNCLAY,Sundaram Clayton,1364.0,,2995.59,0.35,426.41,-44.36,518.11,-11.72,-3.34,Auto Components & Equipments
DIVGIITTS,Divgi Torq,931.65,60.61,2844.31,0.28,15.48,189.35,107.62,84.85,10.21,Auto Components & Equipments
AUTOAXLES,Automotive Axles,1814.0,16.28,2748.43,1.76,53.89,17.33,664.3,18.7,21.55,Auto Components & Equipments
INDNIPPON,India Nipp.Elec.,1207.4,29.95,2731.31,1.28,39.83,4.11,299.46,28.11,16.96,Auto Components & Equipments
FMGOETZE,Federal-Mogul Go,479.05,14.59,2662.46,0.0,50.8,-14.39,488.58,6.5,18.52,Auto Components & Equipments
MMFL,M M Forgings,547.95,23.39,2647.99,0.73,48.1,32.8,413.34,16.51,9.47,Auto Components & Equipments
RAJRATAN,Rajratan Global,501.55,36.62,2548.73,0.4,15.43,1.51,314.29,25.01,13.23,Auto Components & Equipments
TALBROAUTO,Talbros Auto.,395.2,23.39,2435.02,0.18,31.62,18.96,236.55,14.91,18.56,Auto Components & Equipments
GNA,GNA Axles,500.75,16.2,2142.72,0.6,38.27,66.46,470.44,36.67,14.33,Auto Components & Equipments
NDRAUTO,NDR Auto Compon.,819.1,31.19,1950.3,0.49,18.45,12.57,229.07,19.28,22.18,Auto Components & Equipments
RICOAUTO,Rico Auto Inds,135.43,32.36,1830.18,0.37,6.87,-20.96,677.49,24.25,9.01,Auto Components & Equipments
STUDDS,Studds Accessor.,442.6,21.07,1741.39,0.0,21.1,6.08,167.54,11.88,22.74,Auto Components & Equipments
JAYBARMARU,Jay Bharat Maru.,159.67,12.52,1726.58,0.44,78.86,302.35,766.01,25.44,16.44,Auto Components & Equipments
FRONTSP,Frontier Springs,1350.1,26.03,1595.67,0.04,16.59,42.28,82.54,17.78,50.92,Auto Components & Equipments
RACLGEAR,RACL Geartech,1325.5,33.48,1564.31,0.11,11.59,76.16,129.76,28.36,16.62,Auto Components & Equipments
OBSCP,OBSC Perfection,568.85,54.43,1470.23,0.0,8.66,70.14,71.52,77.38,19.52,Auto Components & Equipments
IGARASHI,Igarashi Motors,443.3,115.2,1399.67,0.29,1.59,-48.04,225.97,19.26,4.58,Auto Components & Equipments
BHARATSE,Bharat Seats,215.44,31.14,1349.39,0.7,13.25,16.33,574.28,46.16,20.19,Auto Components & Equipments
KROSS,Kross Ltd,205.2,24.0,1324.99,0.0,22.45,30.9,225.45,21.89,16.43,Auto Components & Equipments
PRECAM,Precision Camshf,138.28,53.18,1310.95,0.72,10.06,-39.97,201.01,5.56,7.28,Auto Components & Equipments
MENONBE,Menon Bearings,216.51,27.45,1205.95,0.92,14.11,67.38,91.79,36.57,25.5,Auto Components & Equipments
HITECHGEAR,The Hi-Tech Gear,591.35,52.78,1107.23,0.85,8.11,-16.56,228.62,6.39,6.92,Auto Components & Equipments
ALICON,Alicon Cast.,637.1,26.68,1046.57,0.86,7.94,-15.8,494.93,16.58,10.04,Auto Components & Equipments
MUNJALAU,Munjal Auto Inds,100.96,28.47,1006.83,0.99,-1.26,-103.56,614.24,20.0,11.12,Auto Components & Equipments
PRADPME,Pradeep Metals,513.7,29.31,898.07,0.49,10.32,45.56,90.96,4.52,21.18,Auto Components & Equipments
STERTOOLS,Sterling Tools,243.64,36.45,875.96,1.03,1.59,-118.05,221.97,11.12,7.23,Auto Components & Equipments
ASAL,Automotive Stamp,546.55,30.28,866.59,0.0,13.28,168.83,255.55,35.88,25.31,Auto Components & Equipments
VELJAN,Veljan Denison,1780.0,31.77,792.93,0.48,6.57,13.47,40.83,8.76,14.88,Auto Components & Equipments
HINDCOMPOS,Hind.Composites,448.35,37.9,662.55,0.45,8.68,25.32,20.05,37.14,0.48,Auto Components & Equipments
ZFSTEERING,Z F Steering,665.95,38.63,601.52,0.0,-0.89,-100.78,174.34,27.24,6.48,Auto Components & Equipments
MUNJALSHOW,Munjal Showa,136.07,23.16,544.21,3.31,-0.05,-100.56,347.07,14.59,4.72,Auto Components & Equipments
OMAXAUTO,Omax Autos,223.36,12.35,475.75,1.12,17.34,2942.11,174.41,52.72,17.15,Auto Components & Equipments
PPAP,PPAP Automotive,296.25,220.43,416.6,0.84,45.45,31.4,174.58,18.58,3.53,Auto Components & Equipments
MENNPIS,Menon Pistons,75.62,14.9,384.44,1.32,4.44,4.94,73.22,31.31,21.51,Auto Components & Equipments
MAXVOLT,Maxvolt Energy,351.5,15.72,383.28,0.0,11.46,114.61,166.72,148.13,27.12,Auto Components & Equipments
AUTOIND,Autoline Industr,83.69,19.2,378.07,0.0,30.41,119.97,289.31,48.37,13.06,Auto Components & Equipments
SUNDRMBRAK,Sundaram Brake,799.9,127.24,325.75,0.08,7.47,465.91,90.43,-6.73,4.85,Auto Components & Equipments
PRITIKAUTO,Pritika Auto,17.8,14.17,298.41,0.0,4.77,39.17,138.46,36.2,11.87,Auto Components & Equipments
TCL,Thaai,114.5,21.86,278.71,0.0,6.7,15.85,83.33,21.21,13.08,Auto Components & Equipments
REMSONSIND,Remsons Ind,78.82,14.82,275.33,0.38,4.45,11.16,130.4,22.81,15.47,Auto Components & Equipments
UCAL,Ucal,116.28,,257.42,0.0,-13.15,100.58,233.47,17.38,3.32,Auto Components & Equipments
BIMETAL,Bimetal Bearings,649.2,21.56,248.75,2.08,3.8,43.94,94.28,47.06,6.85,Auto Components & Equipments
SETCO,Setco Automotive,18.0,,235.58,72.22,-57.19,-76.62,196.55,9.26,21.06,Auto Components & Equipments
SINTERCOM,Sintercom India,80.89,155.71,222.67,0.0,0.53,960.0,27.52,14.14,5.29,Auto Components & Equipments
PAVNAIND,Pavna Industries,15.92,36.11,220.26,0.0,2.31,43.53,54.45,-17.79,5.93,Auto Components & Equipments
SHIVAMAUTO,Shivam Autotech,16.73,,208.19,0.0,-26.72,-71.75,109.43,1.47,-0.47,Auto Components & Equipments
GOLDSTAR,Goldstar Power,7.05,6.86,201.77,0.0,17.59,,431.93,,,Auto Components & Equipments
BHARATGEAR,Bharat Gears,119.0,11.45,187.15,0.0,5.07,196.49,210.29,20.26,18.1,Auto Components & Equipments
AVATAR,AVATAR Industries,172.3,485.11,179.49,0.0,0.12,500.0,102.87,,1.36,Auto Components & Equipments
PRITIKA,Pritika Engineer,57.8,23.27,152.39,0.0,1.4,-8.5,45.92,60.84,11.53,Auto Components & Equipments
URAVIDEF,Uravi Defence &,112.13,235.6,128.24,0.0,1.5,-59.85,9.86,8.23,3.69,Auto Components & Equipments
SHIGAN,Shigan Quantum,63.0,18.67,128.06,0.32,4.28,1.18,120.06,14.33,11.18,Auto Components & Equipments
FORGEAUTO,Forge Auto,84.3,7.47,92.06,0.0,6.32,,136.33,,,Auto Components & Equipments
SELLOWRAP,Sellowrap Indus.,64.25,8.64,88.31,0.0,1.77,-35.14,67.81,41.3,14.04,Auto Components & Equipments
PREMIUM,Premium Plast,40.0,11.12,76.39,0.0,2.94,-23.64,36.88,9.24,17.01,Auto Components & Equipments
UWCSL,Ultra Wiring,95.95,15.04,49.93,0.52,-0.87,0.0,25.88,13.56,18.25,Auto Components & Equipments
MANDEEP,Mandeep Auto,19.15,19.04,21.9,0.0,0.82,-70.4,20.09,23.33,4.35,Auto Components & Equipments
PRECISION,Precision Metal.,7.6,,17.45,0.0,-3.34,-802.7,0.0,-100.0,-5.68,Auto Components & Equipments
LAKPRE,Lak. Prec. Screw,5.07,,5.67,0.0,-12.66,30.21,51.35,-16.37,0.28,Auto Components & Equipments
LANDMARK,Landmark Cars,505.85,53.75,2098.72,0.1,15.03,1089.82,1278.52,17.16,9.26,Auto Dealer
PVSL,Popular Vehicles,105.33,,750.43,0.0,-4.96,63.34,1754.45,27.84,4.23,Auto Dealer
AMBAAUTO,Amba Auto Sales,81.1,10.59,148.61,0.0,7.95,,127.73,,32.46,Auto Dealer
BIKEWO,Bikewo Green,62.35,18.07,81.33,0.0,3.27,3170.0,37.46,159.42,10.97,Auto Dealer
ANTHEM,Anthem Bioscienc,777.85,73.89,43839.09,0.26,119.94,-11.67,418.22,-22.58,30.37,Biotechnology
ADVENZYMES,Advanced Enzyme,314.25,22.71,3519.97,1.7,45.25,61.91,203.37,21.65,13.96,Biotechnology
UNITDSPR,United Spirits,1418.0,55.64,103108.98,1.2,463.0,-20.54,2708.0,-10.36,26.39,Breweries & Distilleries
RADICO,Radico Khaitan,4065.3,88.61,54481.66,0.22,179.46,94.92,1503.71,15.31,24.15,Breweries & Distilleries
UBL,United Breweries,1397.7,108.08,36945.58,0.72,101.87,-58.32,2250.07,-3.14,10.68,Breweries & Distilleries
ABDL,Allied Blenders,602.55,75.48,16837.52,0.9,45.42,-12.98,978.94,6.08,18.38,Breweries & Distilleries
TI,Tilaknagar Inds.,437.95,42.83,10829.54,0.23,-14.91,-38.42,949.49,147.52,11.78,Breweries & Distilleries
INDIAGLYCO,India Glycols,1173.3,26.82,7868.74,0.64,86.88,35.71,976.35,13.11,12.43,Breweries & Distilleries
PICCADIL,Piccadily Agro,736.75,52.78,7257.91,0.0,44.7,12.14,335.47,31.44,18.01,Breweries & Distilleries
GLOBUSSPR,Globus Spirits,860.7,24.87,2500.39,0.32,26.48,49.05,788.78,12.71,11.45,Breweries & Distilleries
GMBREW,G M Breweries,904.3,12.24,2065.37,1.0,37.74,45.94,199.58,22.55,17.96,Breweries & Distilleries
ASALCBR,Assoc.Alcohols,804.4,18.21,1611.47,0.25,23.51,5.28,238.5,-1.64,17.98,Breweries & Distilleries
SDBL,Som Distilleries,73.38,106.68,1525.17,0.0,-56.69,-292.98,180.81,-46.66,5.68,Breweries & Distilleries
SULA,Sula Vineyards,149.34,46.59,1261.56,1.34,8.6,-33.31,134.91,7.32,7.55,Breweries & Distilleries
BCLIND,BCL Industries,34.97,8.98,1032.48,0.74,26.05,-8.55,582.16,-19.45,13.87,Breweries & Distilleries
IFBAGRO,IFB Agro Inds.,954.35,14.41,891.96,0.0,10.55,547.24,367.99,58.46,13.29,Breweries & Distilleries
COMFINTE,Comfort Intech,5.49,,175.01,1.28,-5.8,2.04,25.21,2.15,2.68,Breweries & Distilleries
ALCODIS,Alcokraft Dist.,71.0,8.11,72.77,0.0,4.83,70.07,77.21,31.0,11.3,Breweries & Distilleries
RKDL,Ravikumar Distll,19.72,40.09,48.51,0.0,0.05,3633.33,6.91,-37.12,1.56,Breweries & Distilleries
FSL,Firstsour.Solu.,255.94,24.19,18089.51,2.15,205.24,27.72,2583.45,19.52,16.8,Business Process Outsourcing (BPO)/ Knowledge Process Outsourcing (KPO)
ECLERX,eClerx Services,1889.4,25.14,17754.44,0.03,189.65,24.45,1107.29,23.27,34.81,Business Process Outsourcing (BPO)/ Knowledge Process Outsourcing (KPO)
RPSGVENT,RPSG Ventures,900.6,,2980.41,0.0,-72.0,-327.88,2927.03,15.18,10.61,Business Process Outsourcing (BPO)/ Knowledge Process Outsourcing (KPO)
HGS,Hinduja Global,425.7,,1982.22,0.0,-13.58,-430.06,1084.67,-6.58,1.42,Business Process Outsourcing (BPO)/ Knowledge Process Outsourcing (KPO)
ONEPOINT,One Point One,54.07,36.2,1421.7,0.0,10.27,18.08,96.2,43.48,10.88,Business Process Outsourcing (BPO)/ Knowledge Process Outsourcing (KPO)
ALLDIGI,Alldigi Tech,836.05,16.01,1286.35,7.18,28.88,64.17,154.67,5.87,27.89,Business Process Outsourcing (BPO)/ Knowledge Process Outsourcing (KPO)
KANDARP,Kandarp Digi,94.6,45.88,84.88,0.0,1.13,-15.67,16.35,4.01,11.22,Business Process Outsourcing (BPO)/ Knowledge Process Outsourcing (KPO)
CADSYS,Cadsys (India),59.2,,59.21,0.0,-8.6,110.64,47.31,16.3,-14.11,Business Process Outsourcing (BPO)/ Knowledge Process Outsourcing (KPO)
WEWIN,We Win Ltd,47.34,10.58,47.63,0.0,0.95,-12.84,30.77,51.65,10.91,Business Process Outsourcing (BPO)/ Knowledge Process Outsourcing (KPO)
HRHNEXT,HRH Next,27.05,7.35,35.72,0.0,2.78,152.73,35.92,24.68,15.84,Business Process Outsourcing (BPO)/ Knowledge Process Outsourcing (KPO)
PLADAINFO,Plada Infotech S,10.9,5.4,9.35,0.0,0.79,-22.22,37.93,9.85,12.1,Business Process Outsourcing (BPO)/ Knowledge Process Outsourcing (KPO)
POLYCAB,Polycab India,8935.0,47.0,134606.26,0.53,796.66,32.46,8209.73,39.01,33.21,Cables - Electricals
KEI,KEI Industries,4897.5,50.94,46786.51,0.09,284.31,25.5,3476.4,19.27,20.07,Cables - Electricals
RRKABEL,R R Kabel,2378.3,53.36,26899.33,0.4,167.95,30.06,2964.14,33.65,28.1,Cables - Electricals
FINCABLES,Finolex Cables,977.8,20.96,14957.35,0.82,224.43,17.07,1951.08,22.36,16.01,Cables - Electricals
KSHINTL,KSH Internationa,867.75,52.8,5880.82,0.0,34.53,87.16,1018.34,100.52,21.36,Cables - Electricals
UNIVCABLES,Universal Cables,1204.3,25.63,4180.62,0.37,55.32,11.33,840.27,24.66,11.68,Cables - Electricals
VMARCIND,V-Marc India,280.6,41.08,4111.47,0.0,63.63,157.3,1105.46,97.52,41.38,Cables - Electricals
LASERPOWER,Laser Power,279.57,36.0,3927.67,0.0,,,,,20.51,Cables - Electricals
PARACABLES,Paramount Comm.,62.28,34.16,2040.63,0.0,20.52,9.5,573.31,13.07,12.35,Cables - Electricals
DYCL,Dynamic Cables,406.0,21.57,1966.46,0.12,24.95,37.01,349.1,33.22,26.21,Cables - Electricals
QUADFUTURE,Quadrant Future,381.1,,1524.4,0.0,1.14,-27.85,56.56,-3.27,-15.85,Cables - Electricals
DPEL,Divine Power,569.5,53.23,1421.76,0.0,18.88,,346.47,,,Cables - Electricals
PRIMECAB,Prime Cable Ind.,178.55,23.85,327.18,0.0,6.76,66.94,144.17,69.73,27.78,Cables - Electricals
CORDSCABLE,Cords Cable,203.32,12.56,259.15,0.49,8.28,84.41,266.9,14.43,17.73,Cables - Electricals
PLAZACABLE,Plaza Wires,42.35,24.97,182.31,0.0,3.91,113.66,111.53,51.8,8.44,Cables - Electricals
BHADORA,Bhadora Indust.,87.6,16.39,162.94,0.0,6.38,-5.78,78.01,21.25,23.65,Cables - Electricals
DCG,DCG Cables,53.45,11.2,97.01,0.0,2.8,-15.41,90.66,33.36,13.45,Cables - Electricals
MARCO,Marco Cables,32.8,14.6,61.33,0.0,1.19,-51.82,48.79,-22.15,14.92,Cables - Electricals
BCP,B.C. Power,1.79,17.11,12.49,0.0,-1.39,-308.82,2.26,-88.5,2.61,Cables - Electricals
CMICABLES,CMI,2.98,,4.78,0.0,-2.85,65.79,13.46,-53.71,-4.24,Cables - Electricals
HSCL,Himadri Special,777.65,49.12,39253.56,0.1,228.43,26.33,1431.88,28.04,22.12,Carbon Black
PCBL,PCBL Chemical,319.6,58.57,12578.97,1.88,40.22,-56.62,2066.06,-1.03,7.75,Carbon Black
AIAENG,AIA Engineering,4582.0,33.57,42733.07,0.35,393.33,37.88,1266.27,9.44,21.09,Castings & Forgings
PTCIL,PTC Industries,17836.0,262.92,26702.63,0.0,59.91,140.02,225.47,84.93,8.43,Castings & Forgings
HAPPYFORGE,Happy Forgings,1588.4,50.12,14986.88,0.25,83.56,23.55,423.84,20.42,18.03,Castings & Forgings
BALUFORGE,Balu Forge,431.8,20.19,5227.66,0.03,65.74,4.87,263.55,-2.26,22.72,Castings & Forgings
STEELCAS,Steelcast,310.45,36.5,3152.55,0.55,23.18,-13.41,112.43,-6.38,32.3,Castings & Forgings
NELCAST,Nelcast,133.08,23.89,1157.99,0.53,15.27,12.78,368.18,11.65,11.43,Castings & Forgings
TIRUPATIFL,Tirupati Forge,77.48,158.88,1000.96,0.0,1.52,16.92,41.91,52.4,7.53,Castings & Forgings
INVPRECQ,Inv.& Prec.Cast.,942.8,77.48,939.85,0.11,3.77,98.42,51.17,20.37,14.39,Castings & Forgings
SGIL,Synergy Green,597.75,186.71,929.8,0.17,0.41,-89.58,119.04,22.13,9.24,Castings & Forgings
KALYANIFRG,Kalyani Forge,604.45,23.75,221.38,0.66,5.88,163.68,56.98,-3.34,12.16,Castings & Forgings
MUNISH,Munish Forge,70.5,16.12,169.7,0.0,3.41,-57.05,100.1,10.61,11.98,Castings & Forgings
HILTON,Hilton Met.Forg.,21.1,31.3,107.99,0.0,0.14,-96.91,50.84,13.05,5.64,Castings & Forgings
SCML,Sharp Chucks and,80.0,10.52,96.67,0.0,2.64,-22.12,141.11,28.62,12.33,Castings & Forgings
GANGAFORGE,Ganga Forging,1.75,,58.98,0.0,1.06,174.55,7.19,-7.23,-6.43,Castings & Forgings
ABHAPOWER,Abha Power,25.1,18.97,46.66,0.0,0.43,-86.44,27.65,-22.72,7.01,Castings & Forgings
ULTRACEMCO,UltraTech Cem.,11908.0,40.69,350906.91,2.02,2603.72,15.75,24648.2,15.85,12.78,Cement & Cement Products
GRASIM,Grasim Inds,3113.0,42.33,211861.96,0.32,3802.23,30.85,51101.11,15.44,8.01,Cement & Cement Products
AMBUJACEM,Ambuja Cements,423.55,21.06,105256.64,0.47,1857.43,102.92,10915.47,9.37,5.61,Cement & Cement Products
SHREECEM,Shree Cement,26825.0,57.6,96893.76,0.56,527.53,-8.47,6101.0,10.29,10.27,Cement & Cement Products
JKCEMENT,J K Cements,5668.0,44.82,43761.09,0.35,274.62,-14.47,4031.72,20.26,15.1,Cement & Cement Products
DALBHARAT,Dalmia BharatLtd,1854.7,32.17,34775.73,0.49,394.0,-9.13,4245.0,3.76,7.59,Cement & Cement Products
ACC,ACC,1333.9,11.8,25054.47,0.56,238.3,-62.87,7146.18,16.87,11.25,Cement & Cement Products
RAMCOCEM,The Ramco Cement,915.1,83.13,21556.57,0.27,150.72,307.09,2610.32,8.89,6.12,Cement & Cement Products
JSWCEMENT,JSW Cement,133.84,27.93,18245.95,0.37,361.65,998.1,1894.99,10.86,11.07,Cement & Cement Products
NUVOCO,Nuvoco Vistas,361.85,31.08,12898.6,0.0,159.63,19.98,3128.71,8.91,7.07,Cement & Cement Products
INDIACEM,India Cements,408.2,93.54,12628.43,0.0,26.85,526.14,1019.42,-0.52,1.24,Cement & Cement Products
STARCEMENT,Star Cement,204.01,20.52,8244.09,0.98,147.03,23.59,1173.55,11.54,16.68,Cement & Cement Products
BIRLACORPN,Birla Corpn.,974.05,13.33,7505.69,1.28,294.77,-3.59,2836.12,0.75,9.78,Cement & Cement Products
JKLAKSHMI,JK Lakshmi Cem.,573.55,17.93,7127.07,1.13,125.06,-29.39,1901.53,0.21,12.0,Cement & Cement Products
PRSMJOHNSN,Prism Johnson,108.02,,5429.32,0.0,-15.95,60.67,2110.39,7.65,5.92,Cement & Cement Products
HEIDELBERG,Heidelberg Cem.,156.73,25.38,3540.12,4.47,45.21,-5.67,646.22,5.51,14.67,Cement & Cement Products
ORIENTCEM,Orient Cement,134.35,8.06,2753.5,0.37,55.43,31.59,647.23,-21.57,16.46,Cement & Cement Products
MANGLMCEM,Mangalam Cement,982.65,18.48,2697.63,0.15,65.23,371.61,490.4,-2.49,10.76,Cement & Cement Products
SAGCEM,Sagar Cements,176.6,,2311.63,0.0,100.05,297.08,786.96,19.59,1.97,Cement & Cement Products
KCP,K C P,163.19,10.47,2110.44,0.31,121.1,130.3,683.75,7.71,12.2,Cement & Cement Products
SHREDIGCEM,Sh. Digvijay Cem,74.89,44.3,1107.43,2.0,7.95,-56.7,208.47,-3.67,6.4,Cement & Cement Products
NCLIND,NCL Industries,184.81,6.38,836.27,1.62,42.09,625.08,399.63,6.5,14.49,Cement & Cement Products
DECCANCE,Deccan Cements,559.85,44.02,786.58,0.11,4.73,-202.01,213.89,79.86,3.31,Cement & Cement Products
VISAKAIND,Visaka Industrie,80.24,43.21,692.19,1.5,40.92,42.71,479.43,12.52,7.03,Cement & Cement Products
BIGBLOC,BIGBLOC Const.,46.49,,657.35,0.0,-0.83,-12.87,86.93,34.59,1.81,Cement & Cement Products
SAURASHCEM,Saurashtra Cem.,57.04,29.11,632.49,0.0,18.83,-20.86,446.65,-6.57,2.5,Cement & Cement Products
ACL,Andhra Cements,47.64,,435.89,0.0,48.52,211.16,154.85,73.07,-6.01,Cement & Cement Products
KESORAMIND,Kesoram Inds.,11.95,,370.38,0.0,31.07,23.71,66.62,-0.98,-8.48,Cement & Cement Products
APCL,Anjani Portland,103.24,,297.15,0.0,1.65,93.15,124.04,-10.68,0.12,Cement & Cement Products
KAKATCEM,Kakatiya Cement,122.17,,95.05,2.46,-4.44,43.58,14.83,-25.29,-7.54,Cement & Cement Products
BVCL,Barak Valley,40.78,314.2,91.12,0.0,1.45,22.88,59.65,2.92,4.48,Cement & Cement Products
KAJARIACER,Kajaria Ceramics,1209.6,36.96,19219.63,0.74,156.56,117.94,1373.35,12.4,23.27,Ceramics
NITCO,Nitco,103.2,75.36,2479.34,0.0,-7.79,-171.23,152.33,62.85,7.07,Ceramics
SOMANYCERA,Somany Ceramics,490.2,24.14,2015.45,1.22,37.4,88.57,817.93,6.36,12.8,Ceramics
ASIANTILES,Asian Granito,51.88,73.68,1537.76,0.0,-32.67,-739.21,538.5,4.61,3.12,Ceramics
ORIENTBELL,Orient Bell,316.1,38.94,469.24,0.32,6.12,192.15,212.58,11.46,5.58,Ceramics
EXXARO,Exxaro Tiles,6.26,98.81,279.64,0.0,0.2,-94.3,99.9,5.18,4.31,Ceramics
MURUDCERA,Murudesh.Ceramic,30.92,16.28,183.35,1.62,1.46,-57.8,62.64,-5.66,5.21,Ceramics
REGENCERAM,Regency Ceramics,34.64,,93.49,0.0,-12.49,-208.99,11.26,60.4,-116.47,Ceramics
GODFRYPHLP,Godfrey Phillips,2046.5,20.93,31931.68,1.55,521.46,77.36,1787.27,13.59,32.84,Cigarettes & Tobacco Products
VSTIND,VST Industries,227.9,13.3,3872.81,5.27,116.69,120.17,457.06,30.87,28.13,Cigarettes & Tobacco Products
ELITECON,Elitecon Inter.,16.07,8.02,2570.33,0.31,103.57,676.39,1741.26,1750.04,,Cigarettes & Tobacco Products
SHANTHALA,Shanthala FMCG,18.05,9.52,12.09,0.0,0.72,71.43,25.82,-0.12,5.98,Cigarettes & Tobacco Products
LT,Larsen & Toubro,3792.4,31.8,521806.72,1.0,6133.06,2.11,82762.16,11.25,14.57,Civil Construction
RVNL,Rail Vikas,224.13,53.45,46754.6,0.77,181.66,-58.92,6695.91,4.18,10.8,Civil Construction
CEMPRO,Cemindia Project,1516.8,44.28,26053.48,0.2,242.17,113.63,2973.49,17.42,32.76,Civil Construction
NBCC,NBCC,93.15,37.98,25134.58,0.72,253.52,-0.95,4559.8,-1.81,30.95,Civil Construction
IRB,IRB Infra.Devl.,19.48,26.75,23527.94,0.8,296.26,37.98,1927.0,-10.34,7.48,Civil Construction
KPIL,Kalpataru Proj.,1297.9,22.62,22137.74,0.85,430.6,73.61,7777.9,10.06,18.28,Civil Construction
CMPDI,Central Mine Pla,253.57,27.65,18077.69,0.42,116.27,53.88,481.37,17.62,38.07,Civil Construction
ENGINERSIN,Engineers India,224.25,18.23,12606.03,1.78,195.53,-30.12,926.29,-8.31,30.63,Civil Construction
KEC,KEC International,472.95,19.35,12589.93,1.16,192.79,-28.12,6389.75,-7.02,14.5,Civil Construction
IRCON,Ircon Intl.,125.44,19.81,11795.05,2.11,191.46,-9.13,3188.98,-6.54,9.69,Civil Construction
TECHNOE,Techno Elec.Engg,995.2,25.81,11579.29,0.9,114.51,-14.96,1010.04,23.81,14.85,Civil Construction
AFCONS,Afcons Infrastr.,283.8,34.78,10439.53,0.7,-88.55,-179.69,2613.84,-18.91,13.91,Civil Construction
RITES,Rites,213.37,25.03,10267.47,3.54,139.35,-2.06,768.26,27.56,22.0,Civil Construction
NCC,NCC,136.18,12.24,8556.23,1.62,216.77,-18.83,6232.71,1.66,16.82,Civil Construction
GRINFRA,G R Infraproject,871.0,10.28,8444.08,1.44,209.86,-52.0,2500.41,9.88,11.92,Civil Construction
WELENT,Welspun Enterp,602.0,21.22,8341.47,0.5,162.79,46.99,1199.46,13.81,16.76,Civil Construction
POWERMECH,Power Mech Proj.,2555.6,22.21,8084.96,0.05,153.41,21.59,2110.73,13.89,21.82,Civil Construction
DBL,Dilip Buildcon,386.8,10.24,6269.27,0.26,123.83,-60.27,2299.81,-25.72,13.32,Civil Construction
ISGEC,ISGEC Heavy,854.75,54.63,6269.14,0.58,84.97,-19.71,2048.28,17.42,10.85,Civil Construction
SHREMINVIT,Shrem InvIT,102.0,7.49,6230.61,13.41,281.89,-3.0,523.74,-38.26,9.54,Civil Construction
PNCINFRA,PNC Infratech,234.03,13.4,6000.71,0.26,107.76,35.08,1616.98,-5.11,8.46,Civil Construction
CEIGALL,Ceigall India,336.05,18.75,5847.26,0.0,129.04,70.86,1386.51,37.06,17.26,Civil Construction
HCC,Hind.Construct.,21.44,40.84,5613.6,0.0,58.94,-34.57,992.2,-27.77,22.84,Civil Construction
AHLUCONT,Ahluwalia Contr.,800.2,20.15,5355.79,0.07,82.02,-1.57,1322.3,8.76,20.45,Civil Construction
SWSOLAR,Sterling & Wils.,206.36,15.43,4819.12,0.0,53.27,69.6,1590.13,-9.74,26.78,Civil Construction
PSPPROJECT,PSP Projects,987.4,69.53,3909.61,0.0,21.09,226.47,1115.24,65.74,7.88,Civil Construction
JKIL,J Kumar Infra,492.45,9.5,3727.3,0.81,105.49,-7.58,1572.54,-3.69,18.34,Civil Construction
HGINFRA,H.G. Infra Engg.,541.9,11.88,3528.72,0.37,84.62,-59.14,1426.81,4.84,11.31,Civil Construction
ASHOKA,Ashoka Buildcon,120.89,4.22,3395.05,0.0,146.8,-64.65,1954.3,-27.47,26.52,Civil Construction
KNRCON,KNR Construct.,119.28,7.67,3354.29,0.21,106.1,-50.12,695.59,-28.67,10.39,Civil Construction
INTERARCH,Interarch Build.,1810.6,22.03,3015.24,0.69,36.6,-5.38,503.62,8.65,22.82,Civil Construction
PATELENG,Patel Engineerin,28.05,6.98,2780.08,0.0,43.63,-6.06,1421.48,-11.81,13.5,Civil Construction
GKENERGY,GK Energy,136.04,13.69,2754.55,0.0,59.05,31.66,418.57,18.74,40.87,Civil Construction
NXT-INFRA,Nxt-Infra Trust,95.5,26.99,2721.75,18.03,-1.19,-101.27,87.47,-26.91,6.35,Civil Construction
CAPINVIT,Capital Infra,74.41,6.51,2669.74,3.11,125.62,270.4,259.29,37.41,7.19,Civil Construction
RAMKY,Ramky Infra,372.3,11.38,2576.23,0.0,52.12,54.83,506.68,3.64,13.66,Civil Construction
VINDHYATEL,Vindhya Telelink,1851.8,9.98,2198.57,0.32,103.47,-5.89,1009.3,-18.02,8.15,Civil Construction
BGRENERGY,BGR Energy Sys.,293.2,,2125.12,0.0,-770.59,-132.48,50.12,-61.47,-26.94,Civil Construction
INDIANHUME,Indian Hume Pipe,371.4,32.45,1956.34,0.54,22.98,-36.06,351.3,-10.41,9.51,Civil Construction
SIMPLEXINF,Simplex Infra,236.15,47.27,1863.22,0.0,18.8,-43.16,282.9,0.34,2.4,Civil Construction
VIKRAN,Vikran Engg.,71.82,20.0,1851.0,0.0,56.0,48.31,647.4,82.19,16.55,Civil Construction
CAPACITE,Capacit'e Infra.,214.35,9.6,1814.32,0.0,44.55,-11.04,711.78,6.03,15.48,Civil Construction
SOLARWORLD,Solarworld Ene.,198.85,14.3,1722.16,0.0,49.06,419.7,591.81,235.47,23.8,Civil Construction
SPMLINFRA,SPML Infra,198.71,22.56,1684.51,0.0,27.18,126.31,290.51,53.68,6.76,Civil Construction
MBEL,M & B Engineer.,291.25,17.81,1665.0,0.0,27.0,-5.33,363.71,15.96,22.96,Civil Construction
GARUDA,Garuda Cons,172.72,13.09,1604.61,0.01,34.42,90.8,149.05,84.15,41.81,Civil Construction
GPTINFRA,GPT Infraproject,114.24,14.8,1443.84,2.63,29.78,31.52,414.68,8.91,21.4,Civil Construction
BLKASHYAP,B.L.Kashyap,54.83,90.76,1235.18,0.0,-12.52,591.26,363.71,23.64,13.03,Civil Construction
SRM,SRM Contractors,502.45,10.38,1151.93,0.0,54.1,124.67,445.75,95.87,37.14,Civil Construction
SEPC,SEPC,5.94,20.81,1133.75,0.0,13.73,40.72,273.83,132.45,5.03,Civil Construction
GAYAPROJ,Gayatri Projects,20.58,10.57,938.0,0.0,-111.0,-87.92,191.34,39.52,6.98,Civil Construction
LIKHITHA,Likhitha Infra.,231.2,23.49,920.66,0.0,4.1,-73.91,120.69,-10.93,13.69,Civil Construction
OMINFRAL,Om Infra,88.16,41.26,848.33,0.45,6.46,-56.32,160.1,-6.89,4.7,Civil Construction
SUPREMEINF,Supreme Infra.,85.31,,827.37,0.0,-60.36,83.78,13.89,-37.32,,Civil Construction
SSEGL,Sathlokhar Sys.,306.4,9.65,795.98,0.0,30.26,64.64,277.37,48.91,37.09,Civil Construction
VIVIANA,Viviana Power,715.4,14.43,724.33,0.0,43.26,245.25,432.34,208.24,50.69,Civil Construction
ABINFRA,A B Infrabuild,10.01,33.05,639.43,0.05,5.97,-14.16,83.93,16.98,16.06,Civil Construction
OMPOWER,Om Power Transmission,165.84,14.19,567.95,0.0,16.65,36.48,174.62,67.2,42.7,Civil Construction
WSI,W S Inds.,61.4,197.23,465.46,0.0,2.59,273.86,20.83,-47.49,3.06,Civil Construction
E2ERAIL,E to E Transportation,254.05,26.1,438.43,0.0,24.11,1.64,268.99,69.24,14.79,Civil Construction
GANESHIN,Ganesh Infra.,102.6,5.75,438.32,0.0,24.46,110.5,229.58,44.72,18.87,Civil Construction
UNIVASTU,Univastu India,120.72,18.64,434.43,0.0,10.34,264.41,109.44,174.22,29.96,Civil Construction
CHAVDA,Chavda Infra Ltd,121.0,23.24,395.14,0.0,7.34,-31.72,167.61,49.76,13.47,Civil Construction
MARKOLINES,Markolines Pavem,176.26,14.85,391.41,0.85,11.36,-7.57,92.73,-19.06,15.7,Civil Construction
MOLDTECH,Mold-Tek Technol,134.09,38.44,387.91,0.75,2.28,246.15,55.49,85.71,10.61,Civil Construction
ZODIAC,Zodiac Energy,254.7,18.32,386.09,0.29,10.63,12.61,211.12,23.22,15.86,Civil Construction
MBLINFRA,MBL Infrast,25.7,,385.49,0.0,-8.46,82.04,52.18,67.4,2.69,Civil Construction
IL&FSENGG,IL&FS Engg.,30.06,109.66,383.83,0.0,10.09,154.23,29.81,-70.79,,Civil Construction
ATMASTCO,Atmastco Ltd,153.8,15.25,380.42,0.0,13.99,42.9,141.96,2.2,20.41,Civil Construction
VPRPL,Vishnu Prakash R,27.46,,343.3,0.0,-130.79,-905.36,101.62,-74.91,-6.76,Civil Construction
DBEIL,Deepak Builders,7.18,8.49,336.78,1.39,14.51,29.55,236.25,5.32,13.55,Civil Construction
RPPINFRA,RPP Infra Proj.,61.79,32.8,304.67,0.81,-13.13,-232.9,451.62,30.57,4.94,Civil Construction
ATLANTAA,Atlantaa,36.15,,289.5,0.0,21.61,131.62,30.52,21.21,1.95,Civil Construction
SAVY,Savy Infra,121.95,6.04,253.76,0.0,23.75,78.3,422.57,127.84,42.76,Civil Construction
GLOBECIVIL,Globe Civil,40.05,10.36,241.5,0.0,5.74,-8.31,130.44,31.62,16.09,Civil Construction
GIRIRAJ,Giriraj Civil,90.25,14.31,215.89,0.0,8.48,-43.35,162.38,-27.19,15.07,Civil Construction
A2ZINFRA,A2Z Infra Engg.,12.12,29.62,215.33,0.0,6.65,-83.07,92.24,1.74,16.34,Civil Construction
MADHAVIPL,Madhav Infra,7.99,7.72,211.64,0.0,11.5,-4.85,254.06,-17.6,15.63,Civil Construction
PRATHAM,Pratham EPC,114.0,33.7,207.62,0.0,1.02,-80.5,72.25,26.91,10.41,Civil Construction
CURRENT,Current Infra.,104.0,14.17,199.14,0.0,10.16,84.73,115.9,153.61,26.98,Civil Construction
HVAX,HVAX Technolog.,655.0,12.72,181.89,0.0,9.38,29.92,99.57,17.61,19.66,Civil Construction
AVPINFRA,AVP Infracon,69.9,4.15,174.6,0.0,18.95,-6.83,227.64,28.93,22.91,Civil Construction
NIRAJ,Niraj Cement,28.69,7.95,171.73,0.0,5.23,-30.64,134.63,-19.19,11.05,Civil Construction
MRIL,Mahendra Realtor,70.1,8.73,154.95,0.0,15.22,65.61,95.65,20.09,20.93,Civil Construction
HECPROJECT,HEC Infra Proj.,140.22,12.06,151.97,0.0,6.1,7.58,50.73,9.1,21.43,Civil Construction
TICL,Twamev Constr.,9.63,21.41,148.35,0.0,1.61,-98.3,22.51,-54.74,1.17,Civil Construction
BRNL,Bharat Road,17.45,,145.41,0.0,-110.19,-1227.16,48.9,3.47,-6.48,Civil Construction
SADBHAV,Sadbhav Engg.,7.84,12.74,133.81,0.0,122.3,62.11,270.94,-6.5,13.44,Civil Construction
WINSOL,Winsol Engineers,115.2,9.27,132.88,0.0,7.36,43.75,70.37,2.31,24.61,Civil Construction
TARMAT,Tarmat,49.95,20.03,124.99,0.0,2.96,419.3,42.46,12.36,3.57,Civil Construction
USK,Udayshivakumar,21.8,73.09,121.34,0.0,13.35,313.6,48.05,-57.29,3.72,Civil Construction
AESTHETIK,Aesthetik Engi.,70.05,16.92,120.62,0.0,3.62,-26.72,80.5,99.11,17.64,Civil Construction
REPL,Rudrabhish. Ent.,65.88,,119.39,0.0,-13.38,-872.83,20.88,-43.08,-4.66,Civil Construction
BCPL,BCPL Railway,70.07,18.16,116.95,1.43,2.66,-53.33,57.92,-25.47,9.3,Civil Construction
NAVKARURB,Navkar Urban.,1.05,38.97,114.58,0.48,-0.13,95.09,14.41,314.08,2.72,Civil Construction
READYMIX,Readymix Cons.,104.25,15.27,114.24,0.0,6.71,-39.77,62.96,13.18,15.99,Civil Construction
KCEIL,Kay Cee,88.5,5.75,108.18,0.0,9.61,-20.32,80.98,-29.47,22.3,Civil Construction
SPCON,Srinibas Pradhan,132.0,12.64,103.76,0.0,4.1,32.26,44.63,-17.76,28.57,Civil Construction
LAKSHYA,Lakshya Powertec,99.5,9.89,100.33,0.0,3.28,-61.0,91.23,-2.32,13.48,Civil Construction
SEMAC,Semac Construct,311.0,13.52,96.95,0.0,4.53,392.71,74.87,2.14,10.0,Civil Construction
BANKA,Banka Bioloo,87.61,154.66,95.77,0.0,1.6,215.82,17.67,19.07,4.98,Civil Construction
KONSTELEC,Konstelec Engg.,61.3,12.7,92.56,0.0,5.75,452.88,105.57,-3.38,11.01,Civil Construction
SADBHIN,Sadbhav Infra.,2.28,2.55,80.65,0.0,85.94,1275.68,201.68,0.97,17.62,Civil Construction
MAYASHEEL,Mayasheel Vent.,36.4,4.99,80.27,0.0,3.28,18.35,125.87,10.65,28.54,Civil Construction
RILINFRA,Rachana Infra.,39.6,7.27,73.68,0.0,9.46,148.95,90.33,40.22,17.11,Civil Construction
K2INFRA,K2 Infragen,58.0,5.51,73.19,0.0,5.97,-17.66,94.39,-0.99,14.69,Civil Construction
RKEC,RKEC Projects,27.71,7.55,71.54,0.0,1.71,-73.07,32.65,-72.56,14.11,Civil Construction
INTEGRITY,Integrity Infra.,161.0,10.03,69.23,0.0,4.5,240.91,108.89,73.14,35.61,Civil Construction
IL&FSTRANS,IL&FS Transport,2.09,,67.45,0.0,-248.01,-1100.85,806.58,7.66,-18.13,Civil Construction
SAMAY,Samay Project,43.7,10.5,67.08,0.0,4.0,87.79,30.06,59.05,27.7,Civil Construction
SUNTECH,Suntech Infra.,30.1,4.27,58.28,0.0,10.73,10.62,108.64,14.61,16.29,Civil Construction
SONUINFRA,Sonu Infratech,40.05,3.62,47.12,0.0,4.59,-12.57,90.06,-0.9,19.08,Civil Construction
TPHQ,Teamo Production,0.41,449.5,44.95,0.0,-6.24,-4900.0,15.19,-3.98,0.35,Civil Construction
AKASH,Akash InfraProj.,26.62,50.43,44.88,0.0,0.65,-59.41,37.6,85.86,3.81,Civil Construction
RULKA,Rulka,102.4,13.25,43.6,0.0,1.77,34.09,55.05,2.32,12.41,Civil Construction
VLINFRA,V.L.Infraproject,27.55,5.14,43.28,0.0,4.4,26.8,86.9,26.47,22.41,Civil Construction
MANAV,Manav Infra,31.4,10.25,41.32,0.0,3.61,19.93,32.13,77.12,33.22,Civil Construction
MADHUCON,Madhucon Project,5.15,,38.37,0.0,-96.15,-155.52,125.75,-9.39,-34.01,Civil Construction
AGNI,Agni Green,17.1,24.03,33.4,0.0,0.61,136.17,21.6,-13.36,8.97,Civil Construction
SECL,Salasar Exterior,2.85,,29.34,0.0,-2.53,-8333.33,0.0,-100.0,-6.39,Civil Construction
KRIDHANINF,Kridhan Infra,2.47,27.39,27.12,0.0,0.93,16.46,0.44,-82.95,,Civil Construction
AILIMITED,Abhishek Integr.,41.55,32.92,26.34,0.0,0.48,-35.14,14.28,-4.03,10.76,Civil Construction
TGL,Teerth Gopicon,19.65,,23.58,0.0,-19.13,-300.95,0.84,-98.76,27.59,Civil Construction
SKIL,SKIL Infrastr,0.92,2.24,19.92,0.0,-4.01,-195.93,0.0,,1.1,Civil Construction
SETUINFRA,Setubandhan Inf.,0.42,,5.28,0.0,-0.47,-161.04,0.0,-100.0,-1.28,Civil Construction
COALINDIA,Coal India,427.05,8.47,263271.49,6.21,10907.79,12.86,46490.03,22.91,35.34,Coal
BHARATCOAL,Bharat Coking,34.84,,16224.98,0.0,-68.09,-138.5,3587.27,-3.56,4.18,Coal
SINDHUTRAD,Sindhu Trade,24.83,66.55,3822.5,0.0,13.96,123.67,115.26,-61.24,4.44,Coal
TMCV,Tata Motors,407.9,37.96,150254.4,0.98,1793.0,34.91,26098.0,19.37,35.9,Commercial Vehicles
ASHOKLEY,Ashok Leyland,150.65,24.37,88483.82,2.32,1381.32,9.51,17246.44,17.36,13.63,Commercial Vehicles
SMLMAH,SML Mahindra,3899.3,36.09,5645.35,0.6,63.62,-4.99,957.54,13.2,30.9,Commercial Vehicles
ATULAUTO,Atul Auto,473.7,30.46,1316.64,0.0,18.32,106.85,240.58,13.94,11.38,Commercial Vehicles
SRF,SRF,2622.7,34.62,77583.69,0.34,758.87,75.53,5033.26,31.81,14.61,Commodity Chemicals
DEEPAKFERT,Deepak Fertilis.,1580.3,27.03,19924.44,0.63,139.39,-49.72,3011.38,12.9,11.58,Commodity Chemicals
TATACHEM,Tata Chemicals,679.4,63.89,17314.66,1.62,-2116.0,-1619.44,3438.0,-2.02,3.42,Commodity Chemicals
GNFC,G N F C,497.45,9.04,7305.95,3.62,396.0,87.68,2208.0,7.45,12.03,Commodity Chemicals
GUJALKALI,Gujarat Alkalies,644.0,71.06,4714.72,2.45,54.98,498.98,1244.91,12.65,1.4,Commodity Chemicals
GHCL,GHCL,429.5,8.65,3946.74,2.79,115.64,-23.05,790.51,1.16,17.41,Commodity Chemicals
GRAUWEIL,Grauer & Weil,73.79,20.38,3342.13,0.68,49.51,92.35,355.37,4.49,21.35,Commodity Chemicals
TIRUMALCHM,Thirumalai Chem.,167.78,,2016.43,0.0,-28.0,-42.39,424.25,-18.89,-3.15,Commodity Chemicals
JGCHEM,J.G.Chemicals,476.45,28.33,1866.64,0.21,18.9,18.63,286.17,27.61,18.13,Commodity Chemicals
IGPL,I G Petrochems,451.95,638.72,1392.41,1.11,28.07,48.05,524.27,9.2,3.11,Commodity Chemicals
INDOBORAX,Indo Borax & Ch.,373.5,32.92,1195.1,2.68,14.53,35.84,63.01,25.72,15.37,Commodity Chemicals
ANDHRSUGAR,Andhra Sugars,85.42,11.66,1162.58,1.17,5.92,-14.19,637.41,27.39,8.48,Commodity Chemicals
AMNPLST,Amines & Plast.,194.59,29.46,1076.01,0.26,15.35,19.83,155.14,-6.44,16.73,Commodity Chemicals
SADHNANIQ,Sadhana Nitro,2.79,,830.18,3.58,-33.62,-920.0,9.11,-81.58,-11.1,Commodity Chemicals
SRHHYPOLTD,Sr.Rayala.Hypo,482.0,8.25,827.52,0.62,20.06,1.06,163.14,1.66,13.99,Commodity Chemicals
OCCLLTD,OCCL,139.3,14.12,697.75,1.08,19.35,112.41,149.0,38.63,12.85,Commodity Chemicals
TRANSPEK,Transpek Inds.,1022.1,12.53,571.88,1.96,6.58,-65.82,148.22,-10.31,8.31,Commodity Chemicals
PRIMO,Primo Chemicals,22.35,34.97,541.63,0.0,6.07,1580.49,144.86,-6.79,6.48,Commodity Chemicals
CHEMFAB,Chemfab Alka.,367.8,,536.23,0.34,0.48,142.11,74.78,-19.0,1.55,Commodity Chemicals
MANORG,Mangalam Organic,528.65,15.62,444.67,0.0,5.98,16.34,153.62,2.56,10.46,Commodity Chemicals
LORDSCHLO,Lords Chloro,145.07,14.58,415.31,0.0,4.39,68.85,97.64,22.39,13.65,Commodity Chemicals
KANCHI,Kanchi Karpooram,356.8,30.9,159.46,0.28,0.65,-15.58,39.23,16.37,3.91,Commodity Chemicals
JOCIL,Jocil,144.08,15.41,127.94,0.35,2.62,482.22,265.26,48.9,5.62,Commodity Chemicals
TECILCHEM,TECIL Chemical,9.8,,18.01,0.0,-0.16,-60.0,0.0,,,Commodity Chemicals
CUMMINSIND,Cummins India,5599.0,63.97,155109.87,1.18,649.46,18.0,3011.18,21.89,39.5,"Compressors, Pumps & Diesel Engines"
KIRLOSENG,Kirloskar Oil,2179.0,53.9,31653.74,0.32,155.22,42.9,2116.23,20.97,14.55,"Compressors, Pumps & Diesel Engines"
ELGIEQUIP,Elgi Equipments,586.05,47.69,18567.67,0.46,128.0,25.49,1112.6,12.06,22.07,"Compressors, Pumps & Diesel Engines"
KSB,KSB,870.25,54.97,15130.5,0.51,39.8,-22.87,601.3,0.99,24.7,"Compressors, Pumps & Diesel Engines"
KIRLOSBROS,Kirl. Brothers,1847.6,37.21,14667.3,0.38,112.1,-6.26,1415.1,10.44,20.35,"Compressors, Pumps & Diesel Engines"
INGERRAND,Ingersoll-Rand,4378.9,52.55,13854.89,1.71,64.81,-20.32,299.63,-7.05,57.11,"Compressors, Pumps & Diesel Engines"
KIRLPNU,Kirl.Pneumatic,1517.6,36.14,9872.71,0.79,34.1,21.35,300.3,10.4,30.3,"Compressors, Pumps & Diesel Engines"
SHAKTIPUMP,Shakti Pumps,543.25,26.0,6702.97,0.18,38.33,-65.23,857.77,28.93,23.64,"Compressors, Pumps & Diesel Engines"
GREAVESCOT,Greaves Cotton,237.17,48.03,5521.0,0.84,2.2,-5.9,1000.26,21.56,10.11,"Compressors, Pumps & Diesel Engines"
SWARAJENG,Swaraj Engines,3576.6,21.28,4349.22,3.08,55.53,11.13,588.39,21.54,58.38,"Compressors, Pumps & Diesel Engines"
OSWALPUMPS,Oswal Pumps,338.85,10.23,3858.18,0.0,92.53,43.9,509.74,39.79,38.24,"Compressors, Pumps & Diesel Engines"
ROTO,Roto Pumps,67.31,51.08,1264.73,1.19,5.73,-55.48,81.3,2.92,14.81,"Compressors, Pumps & Diesel Engines"
YUKEN,Yuken India,709.75,66.29,959.25,0.21,5.8,-25.89,133.1,6.78,7.4,"Compressors, Pumps & Diesel Engines"
LATTEYS,Latteys Industri,19.93,31.65,114.59,0.0,1.38,181.63,38.91,59.21,16.32,"Compressors, Pumps & Diesel Engines"
MAKS,Maks Energy,18.05,16.05,12.52,0.0,0.6,26.32,27.97,-13.75,9.34,"Compressors, Pumps & Diesel Engines"
TCS,TCS,2242.9,15.11,811298.79,2.85,13420.0,8.45,72275.0,13.93,63.03,Computers - Software & Consulting
INFY,Infosys,1047.4,13.63,424910.03,4.58,7775.0,12.25,48211.0,14.03,39.95,Computers - Software & Consulting
HCLTECH,HCL Technologies,1244.7,18.63,337783.54,4.34,4626.0,20.32,34579.0,13.94,30.6,Computers - Software & Consulting
WIPRO,Wipro,174.82,13.1,173134.22,6.29,3356.3,0.65,24478.6,10.59,17.84,Computers - Software & Consulting
TECHM,Tech Mahindra,1555.8,28.65,152408.34,3.28,1486.3,28.45,15711.9,17.68,23.12,Computers - Software & Consulting
LTM,LTM,3965.3,20.97,117614.82,1.89,1468.6,16.92,11608.0,17.96,29.6,Computers - Software & Consulting
PERSISTENT,Persistent Systems,5001.9,40.95,78940.58,0.8,529.26,33.73,4055.94,25.1,34.36,Computers - Software & Consulting
COFORGE,Coforge,1439.9,38.81,63727.89,1.06,666.2,151.04,4450.5,30.05,23.5,Computers - Software & Consulting
MPHASIS,Mphasis,2232.4,22.57,42603.8,2.78,509.64,14.14,4242.67,14.36,22.09,Computers - Software & Consulting
HEXT,Hexaware Tech.,540.7,22.56,33076.67,2.13,351.6,7.46,3613.0,12.63,30.07,Computers - Software & Consulting
TATAELXSI,Tata Elxsi,3387.6,29.95,21113.9,2.21,170.6,18.17,1021.11,14.46,30.0,Computers - Software & Consulting
KPITTECH,KPIT Technologi.,550.9,22.33,15110.75,1.54,162.97,-33.38,1711.0,11.95,26.31,Computers - Software & Consulting
FRACTAL,Fractal Analyt.,861.45,49.36,14836.31,0.0,115.8,132.97,886.3,17.0,12.59,Computers - Software & Consulting
ZENSARTECH,Zensar Tech.,487.05,14.55,11075.36,3.08,210.6,19.17,1450.4,6.73,22.75,Computers - Software & Consulting
RATEGAIN,Rategain Travel,877.2,47.05,10402.8,0.0,69.99,27.7,715.55,174.48,13.67,Computers - Software & Consulting
INTELLECT,Intellect Design,733.7,27.9,10272.86,0.55,120.22,-11.15,847.02,16.68,16.03,Computers - Software & Consulting
SONATSOFTW,Sonata Software,287.4,15.82,8066.23,2.75,130.5,42.65,2536.19,-3.1,30.67,Computers - Software & Consulting
BSOFT,Birlasoft Ltd,278.95,14.61,7798.05,2.33,175.93,44.08,1348.63,2.41,21.15,Computers - Software & Consulting
NEWGEN,Newgen Software,508.8,21.22,7274.1,1.18,62.82,26.35,356.68,11.23,25.01,Computers - Software & Consulting
LATENTVIEW,Latent View,293.9,31.42,6082.52,0.0,55.06,-1.36,288.62,24.31,15.85,Computers - Software & Consulting
HAPPSTMNDS,Happiest Minds,365.75,24.65,5566.42,1.75,61.17,41.18,604.08,10.93,13.32,Computers - Software & Consulting
MASTEK,Mastek,1679.4,11.86,5202.9,1.37,105.88,15.02,985.25,7.71,18.02,Computers - Software & Consulting
AURIONPRO,Aurionpro Sol.,808.45,20.52,4468.71,0.49,61.36,18.53,345.57,5.7,16.29,Computers - Software & Consulting
63MOONS,63 Moons Tech.,704.0,,3251.54,0.17,25.14,-138.76,133.74,881.22,-3.71,Computers - Software & Consulting
SILVERTUC,Silver Touch,191.99,68.22,2437.49,0.03,13.22,43.54,100.53,17.35,28.93,Computers - Software & Consulting
SAKSOFT,Saksoft,164.59,15.82,2162.21,0.61,35.93,19.65,248.85,3.74,25.48,Computers - Software & Consulting
CEINSYS,Ceinsys Tech,870.35,13.58,1824.19,0.4,37.17,69.96,170.71,19.89,27.46,Computers - Software & Consulting
ACCELYA,Accelya Solution,1145.8,16.32,1704.21,7.85,21.38,-29.32,136.05,-0.47,53.61,Computers - Software & Consulting
KODYTECH,Kody Technolab,1188.5,101.36,1698.78,0.0,12.28,65.5,48.6,52.93,16.77,Computers - Software & Consulting
NINSYS,NINtec Systems,869.2,50.89,1629.13,0.0,8.74,18.91,46.37,22.51,54.95,Computers - Software & Consulting
MCLOUD,Magellanic Cloud,27.25,13.85,1599.97,0.11,30.27,32.06,205.55,31.47,19.79,Computers - Software & Consulting
INFOBEAN,InfoBeans Tech.,156.58,17.86,1517.47,0.16,21.62,-7.29,152.77,36.58,29.18,Computers - Software & Consulting
TAC,TAC Infosec,529.7,49.5,1113.76,0.0,10.79,37.44,27.78,53.48,38.14,Computers - Software & Consulting
XCHANGING,Xchanging Sol.,63.91,11.94,709.66,3.13,16.24,10.85,51.3,1.1,18.02,Computers - Software & Consulting
INNOVANA,Innovana Think.,324.2,17.71,675.56,0.0,1.82,-74.21,32.6,22.6,16.35,Computers - Software & Consulting
KSOLVES,Ksolves India,280.7,19.07,666.64,3.92,8.49,28.25,40.13,6.56,127.4,Computers - Software & Consulting
MINDTECK,Mindteck (India),193.5,18.1,617.85,0.52,10.16,49.41,103.91,-0.11,15.11,Computers - Software & Consulting
SOFTTECH,Softtech Enginee,415.05,116.3,574.52,0.0,2.72,5925.0,46.59,50.29,6.21,Computers - Software & Consulting
CSM,CSM Technologies,96.99,19.51,499.03,0.0,9.3,119.69,60.43,1.26,29.19,Computers - Software & Consulting
CYBERTECH,Cybertech Sys.,143.09,14.89,453.25,2.8,7.07,-26.35,62.33,1.37,17.29,Computers - Software & Consulting
3IINFOLTD,3i Infotech,20.43,11.25,424.37,0.0,6.52,-15.22,177.94,4.33,12.99,Computers - Software & Consulting
XTGLOBAL,XT Global Infot.,28.25,33.34,384.47,0.18,3.74,408.47,89.52,2.84,8.48,Computers - Software & Consulting
TREJHARA,Trejhara Solutio,141.47,38.93,343.97,0.0,3.22,258.14,41.87,6.7,4.28,Computers - Software & Consulting
SYSTANGO,Systango Tech,216.45,9.96,317.51,3.23,13.57,-3.28,44.89,17.02,32.99,Computers - Software & Consulting
ALLETEC,All E Tech,136.6,10.32,275.85,1.1,5.85,-37.74,34.75,-0.52,22.22,Computers - Software & Consulting
EMPOWER,Empower India,2.34,15.06,271.17,0.0,13.94,15588.89,44.3,175.33,5.29,Computers - Software & Consulting
EQUIPPP,Equippp Social,24.23,133.61,241.84,0.0,0.97,-38.22,12.37,116.64,10.72,Computers - Software & Consulting
TECHLABS,Trident Techlabs,130.15,37.05,224.91,0.77,-5.31,-166.04,33.74,-39.21,16.37,Computers - Software & Consulting
FIDEL,Fidel Softech,153.55,16.19,211.14,1.47,4.35,42.16,37.27,155.1,25.91,Computers - Software & Consulting
DRCSYSTEMS,DRC Systems,13.42,9.56,191.85,0.0,5.82,17.01,27.2,60.66,25.15,Computers - Software & Consulting
TRIGYN,Trigyn Techno.,54.01,79.4,167.54,0.0,0.63,-77.35,251.95,5.13,2.29,Computers - Software & Consulting
SECMARK,Secmark Consult.,125.75,51.12,131.37,0.0,4.49,14.25,14.3,14.4,11.68,Computers - Software & Consulting
CANARYS,Canarys Automa.,18.65,7.91,109.56,0.0,5.74,89.46,96.94,88.23,22.55,Computers - Software & Consulting
GVPTECH,GVP Infotech,6.67,,108.62,2.25,-2.02,4.27,0.43,-71.71,-70.43,Computers - Software & Consulting
DELAPLEX,Delaplex,98.0,6.95,89.28,0.0,5.71,-3.1,31.72,0.38,20.14,Computers - Software & Consulting
RSSOFTWARE,R S Software (I),31.85,,82.14,0.78,-7.48,-107.76,5.88,-24.32,-51.85,Computers - Software & Consulting
CALSOFT,California Soft.,21.28,5.01,73.37,0.0,4.19,2105.26,6.63,327.74,42.02,Computers - Software & Consulting
CURAA,Cura Tech.,69.46,,68.77,0.0,-1.48,-492.0,0.45,,-7.74,Computers - Software & Consulting
PARAMATRIX,Paramatrix Tech.,58.0,25.57,66.75,0.0,-0.38,-109.68,14.77,0.14,4.18,Computers - Software & Consulting
CTE,Cambridge Tech.,31.35,127.4,61.15,0.0,3.84,161.64,39.88,-21.08,6.06,Computers - Software & Consulting
ORCHASP,Orchasp Ltd,1.71,55.09,57.85,0.0,0.11,-96.36,1.61,-77.03,0.84,Computers - Software & Consulting
SATECH,S A Tech Soft.,34.3,20.64,44.78,0.0,2.81,-3.1,62.57,28.98,8.81,Computers - Software & Consulting
QUICKTOUCH,Quicktouch Tech,23.15,,29.67,0.0,0.44,-57.14,10.59,4.23,-2.92,Computers - Software & Consulting
MICROPRO,Micropro Softwar,20.2,,28.89,0.0,0.82,249.09,10.72,-36.04,-1.42,Computers - Software & Consulting
YUDIZ,Yudiz Solutions,24.0,38.1,24.76,0.0,0.93,210.62,11.44,16.02,2.54,Computers - Software & Consulting
QUINTEGRA,Quintegra Soln.,1.39,,3.73,0.0,-0.01,,0.0,,-34.04,Computers - Software & Consulting
EBGNG,GNG Electronics,545.1,47.1,6218.76,0.0,42.15,185.76,651.66,42.98,20.3,Computers Hardware & Equipments
RPTECH,Rashi Peripheral,761.55,18.08,5019.27,0.26,86.84,70.49,4489.38,51.0,16.82,Computers Hardware & Equipments
MOSCHIP,Moschip Tech.,233.69,112.0,4551.66,0.0,7.95,-8.73,153.23,13.75,10.97,Computers Hardware & Equipments
NELCO,NELCO,933.9,357.21,2132.53,0.11,2.34,15.56,80.03,7.01,7.21,Computers Hardware & Equipments
DLINKINDIA,D-Link India,440.8,17.62,1568.2,5.9,27.61,0.66,443.71,20.0,25.89,Computers Hardware & Equipments
CONTROLPR,Control Print,573.7,23.6,918.15,1.74,3.92,-39.45,115.56,3.84,16.45,Computers Hardware & Equipments
TVSELECT,TVS Elec.,489.95,561.73,915.62,0.0,2.85,600.0,117.37,2.45,5.75,Computers Hardware & Equipments
DCI,DC Infotech,273.4,20.98,447.37,0.0,5.79,55.65,239.42,38.62,22.98,Computers Hardware & Equipments
HCL-INSYS,HCL Infosystems,11.47,,376.31,0.0,-13.17,-41.07,5.28,13.55,-53.05,Computers Hardware & Equipments
EPWINDIA,EPW India,260.0,28.95,298.47,0.0,6.21,135.23,63.43,93.33,45.45,Computers Hardware & Equipments
SMARTLINK,Smartlink Hold.,208.62,15.44,202.9,0.96,6.87,78.91,99.35,51.84,9.01,Computers Hardware & Equipments
ESCONET,Esconet,139.55,29.89,184.15,0.0,4.72,-9.23,209.07,69.45,11.95,Computers Hardware & Equipments
RICHA,Richa Info,93.0,17.11,127.99,0.0,1.91,-60.29,56.88,-51.4,8.77,Computers Hardware & Equipments
MARUSHIKA,Marushika Tech.,94.5,8.93,80.67,0.0,5.92,,67.79,,33.99,Computers Hardware & Equipments
SLONE,Slone Infosys.,116.5,6.81,61.38,0.43,4.41,63.94,140.32,143.36,25.97,Computers Hardware & Equipments
NEWJAISA,Newjaisa Tech,15.5,,55.45,0.0,-12.52,-168.67,17.24,-46.01,-24.48,Computers Hardware & Equipments
CEREBRAINT,Cerebra Integr.,3.02,,36.36,0.0,-31.15,-596.87,1.14,-54.76,-40.77,Computers Hardware & Equipments
COMPINFO,Compuage Info.,1.13,,9.28,0.0,-137.42,-1417.55,388.94,-69.83,-2.12,Computers Hardware & Equipments
BEML,BEML Ltd,1730.7,101.91,14407.36,0.61,179.81,-37.47,1794.17,8.57,7.71,Construction Vehicles
ACE,Action Const.Eq.,979.0,26.69,11658.82,0.2,119.49,22.28,785.68,20.49,31.7,Construction Vehicles
AJAXENGG,Ajax Engineering,572.6,28.83,6558.35,0.0,94.96,4.41,757.66,0.25,23.86,Construction Vehicles
TIL,TIL,205.77,,1652.68,0.0,-9.97,-144.98,108.84,7.21,2.9,Construction Vehicles
INDOFARM,Indo Farm Equip.,153.19,29.77,734.93,0.0,8.72,-35.46,133.99,3.09,7.42,Construction Vehicles
MARC,Marc Technocrats,117.85,19.36,204.04,0.0,4.81,,37.53,,29.22,Consulting Services
MITCON,Mitcon Consult.,72.1,15.52,125.59,0.0,5.64,179.29,45.23,18.62,8.83,Consulting Services
AAATECH,AAA Technologies,90.55,56.37,116.13,1.66,-0.35,-135.0,3.38,-68.02,8.93,Consulting Services
DHRUV,Dhruv Consultanc,24.76,,47.88,0.81,-0.06,-103.02,8.32,-69.86,-32.69,Consulting Services
MIEL,Manglam Infra,12.0,6.72,21.12,0.0,1.6,1700.0,21.86,-21.42,9.52,Consulting Services
DIXON,Dixon Technolog.,13829.0,58.81,84603.43,0.06,297.97,13.15,10510.51,2.12,41.97,Consumer Electronics
HAVELLS,Havells India,1209.9,45.59,75975.89,0.83,289.71,-16.49,6518.19,19.48,24.9,Consumer Electronics
PGEL,PG Electroplast,576.65,84.15,16541.59,0.04,64.86,-55.34,1716.68,-10.11,10.31,Consumer Electronics
IKIO,IKIO Tech,206.3,38.45,1592.65,0.0,17.53,804.7,165.35,47.25,9.49,Consumer Electronics
ONIDA,Onida Electronics,38.25,,1396.98,0.0,-47.36,-1382.86,143.81,-28.35,-16.44,Consumer Electronics
CELLECOR,Cellecor Gadgets,33.95,19.06,754.8,0.0,20.08,23.34,650.32,8.35,22.64,Consumer Electronics
UNIVPHOTO,Universus Photo,475.85,,540.46,0.0,-13.07,37.88,4.64,3.8,-9.34,Consumer Electronics
FOCUS,Focus Lighting,72.52,94.06,489.12,0.0,2.59,71.52,57.93,43.6,6.56,Consumer Electronics
ARHAM,Arham Tech,163.1,29.16,355.75,0.0,6.31,35.99,72.94,94.77,19.8,Consumer Electronics
BPL,BPL,54.09,,263.84,0.0,-10.99,-123.05,19.62,4.7,-1.78,Consumer Electronics
VETO,Veto Switchgears,120.11,9.18,230.7,0.83,8.8,16.45,138.86,55.71,11.74,Consumer Electronics
NITIRAJ,Nitiraj Engineer,220.3,213.05,225.83,0.68,-0.64,-966.67,8.18,-63.82,1.79,Consumer Electronics
SONAMLTD,Sonam,53.43,23.77,213.89,0.0,3.0,127.27,66.57,75.65,14.14,Consumer Electronics
PROFX,Pro FX,71.0,8.19,124.28,0.0,6.12,253.76,49.7,4.26,31.88,Consumer Electronics
KEL,Kundan Edifice,81.5,10.77,83.72,0.0,3.26,-23.47,50.51,0.4,19.09,Consumer Electronics
KHAITANLTD,Khaitan (India),130.44,10.34,62.63,0.0,2.94,-14.53,36.16,41.42,20.1,Consumer Electronics
PULZ,Pulz Electronics,23.0,10.81,50.16,0.0,2.86,32.41,19.53,19.45,18.29,Consumer Electronics
HINDCOPPER,Hindustan Copper,491.8,48.05,47558.24,0.3,444.06,133.05,1156.08,58.06,42.4,Copper
BHAGYANGR,Bhagyanagar Ind,403.6,25.53,1280.66,0.0,18.49,303.71,734.53,61.83,20.71,Copper
HATSUN,Hatsun Agro,875.55,53.32,19479.81,1.14,133.69,-9.72,3090.49,21.92,15.28,Dairy Products
KWIL,Kwality Wall's,31.75,,7455.38,0.0,-107.1,,485.8,,,Dairy Products
DODLA,Dodla Dairy,1037.3,24.77,6275.51,0.48,69.73,-2.0,1074.47,18.12,16.72,Dairy Products
VADILALIND,Vadilal Inds.,6749.5,31.26,4848.59,0.31,54.86,149.36,415.83,51.21,22.23,Dairy Products
HERITGFOOD,Heritage Foods,330.05,24.11,3059.49,0.76,24.97,-38.42,1338.09,17.71,14.8,Dairy Products
PARAGMILK,Parag Milk Foods,215.16,19.28,2701.23,0.46,32.24,23.01,945.34,2.95,13.52,Dairy Products
SCPL,Sheetal Cool,583.35,32.1,613.83,0.0,8.17,72.36,133.31,42.5,16.0,Dairy Products
TRACXN,Tracxn Technolo.,29.99,,321.18,0.0,-2.63,69.39,20.49,-3.07,-0.98,Data Processing Services
JKIPL,Jinkushal Indus.,99.31,31.9,385.67,0.0,11.68,898.04,192.0,146.0,9.75,"Dealers-Commercial Vehicles, Tractors, Construction Vehicles"
CDSL,C D S L,1323.4,60.61,27659.06,0.96,79.79,-20.03,262.85,17.11,31.98,"Depositories, Clearing Houses and Other Intermediaries"
CAMS,Cams Services,758.15,42.48,18815.21,1.65,125.44,10.88,395.22,10.96,47.0,"Depositories, Clearing Houses and Other Intermediaries"
KFINTECH,KFin Technolog.,868.25,45.06,15002.35,1.38,81.15,-1.11,347.33,22.86,29.19,"Depositories, Clearing Houses and Other Intermediaries"
BEACON,Beacon Trust.,91.0,23.55,164.39,0.0,2.42,113.56,14.92,18.51,19.76,"Depositories, Clearing Houses and Other Intermediaries"
NAZARA,Nazara Technolo.,304.2,11.67,11267.7,0.0,55.7,196.09,397.78,-23.53,27.23,Digital Entertainment
BAGDIGITAL,B.A.G. Converge.,107.0,21.08,227.04,0.0,4.74,-10.06,21.34,-2.38,32.96,Digital Entertainment
BTML,Bodhi Tree,6.08,17.4,111.03,0.0,2.09,-15.77,34.96,-13.06,16.54,Digital Entertainment
GODREJIND,Godrej Industrie,1345.6,35.91,45415.51,0.0,840.92,143.11,7693.72,33.12,8.84,Diversified
3MINDIA,3M India,35245.0,73.12,39653.14,0.45,215.34,159.73,1399.24,16.78,50.05,Diversified
DCMSHRIRAM,DCM Shriram,1008.8,18.05,15742.33,1.11,370.8,92.98,3193.34,11.0,11.8,Diversified
BALMLAWRIE,Balmer Lawrie,175.74,10.87,3007.78,4.84,82.8,12.47,743.91,22.32,14.6,Diversified
TTKHLTCARE,TTK Healthcare,1012.55,20.81,1428.99,0.99,21.76,-6.44,217.98,14.51,8.04,Diversified
MAHESHWARI,Maheshwari Logi.,73.0,12.83,216.06,0.0,5.26,-39.46,293.92,13.47,12.17,Diversified
IGIL,International Gemological Instit,345.6,24.46,14914.03,0.72,165.74,30.99,370.78,23.22,68.01,Diversified Commercial Services
WEWORK,Wework India,700.0,112.17,9706.07,0.0,-4.58,68.65,680.2,27.39,20.57,Diversified Commercial Services
INOXGREEN,Inox Green,187.17,72.75,7514.34,0.0,28.35,287.66,68.67,6.4,8.42,Diversified Commercial Services
NESCO,NESCO,1050.1,17.76,7413.35,0.67,93.05,5.0,251.62,31.05,18.54,Diversified Commercial Services
IBULLSLTD,Indiabulls,29.48,21.09,6828.27,0.0,194.26,259.74,408.53,302.18,16.17,Diversified Commercial Services
NDRINVIT,NDR INVIT Trust,145.9,70.63,6682.79,5.24,5.64,-118.35,109.18,15.49,5.08,Diversified Commercial Services
NIRLON,Nirlon,620.15,16.14,5583.45,4.19,70.59,31.85,170.94,8.18,30.77,Diversified Commercial Services
SMARTWORKS,Smartworks Cowor,481.3,197.32,5499.43,0.0,13.15,413.1,546.25,44.05,8.3,Diversified Commercial Services
CMSINFO,CMS Info Systems,271.7,14.46,4483.12,2.39,79.06,-20.37,632.93,2.24,17.65,Diversified Commercial Services
QUESS,Quess Corp,297.65,19.42,4455.49,3.36,64.35,5.02,3892.45,6.46,23.04,Diversified Commercial Services
INDIQUBE,Indiqube Spaces,180.29,,3824.3,0.0,-22.65,27.71,401.45,35.2,6.38,Diversified Commercial Services
HEMIPROP,Hemisphere Prop,133.46,,3806.15,0.0,-1.72,-62.26,0.26,8.33,-1.14,Diversified Commercial Services
SANGHVIMOV,Sanghvi Movers,425.75,19.47,3700.18,0.47,68.79,27.1,351.41,31.41,16.68,Diversified Commercial Services
EFCIL,EFC (I),196.19,12.58,2913.32,0.0,68.86,58.16,292.88,38.8,19.85,Diversified Commercial Services
TVSINVIT,TVS Infra. Trust,116.05,67.47,2288.51,3.96,5.66,,56.08,,,Diversified Commercial Services
TEAMLEASE,Team Lease Serv.,1311.8,15.22,2202.21,0.0,46.05,25.6,2924.87,2.34,15.36,Diversified Commercial Services
AWFIS,AWFIS Space,278.3,28.12,1992.66,0.0,23.25,110.41,410.14,20.74,13.17,Diversified Commercial Services
BLUSPRING,Bluspring Enter.,104.31,,1561.71,0.0,3.82,136.51,864.8,7.9,5.14,Diversified Commercial Services
TEXINFRA,Texmaco Infrast.,113.51,132.74,1450.9,0.13,0.69,-46.02,4.37,31.23,1.45,Diversified Commercial Services
KAPSTON,Kapston Services,460.35,50.0,1400.94,0.0,7.52,24.5,218.2,18.02,14.95,Diversified Commercial Services
UDS,Updater Services,208.14,15.59,1391.79,0.0,27.37,-18.58,742.82,4.77,9.98,Diversified Commercial Services
KRYSTAL,Krystal Integrat,600.6,13.04,839.23,0.25,18.85,11.34,364.94,-11.66,15.86,Diversified Commercial Services
SOUTHWEST,South West Pinn.,236.19,19.28,770.43,0.0,9.34,289.17,61.68,53.36,20.02,Diversified Commercial Services
VIESL,Vision Infra,307.4,11.48,757.51,0.16,44.4,129.34,325.08,30.32,22.62,Diversified Commercial Services
PTL,PTL Enterprises,39.32,11.22,518.02,6.36,13.24,51.31,16.07,0.0,7.72,Diversified Commercial Services
ANLON,Anlon Tech,632.95,34.25,475.33,0.0,8.45,114.47,64.54,107.06,27.08,Diversified Commercial Services
MAJESAUT,Majestic Auto,429.45,19.85,445.95,5.82,-2.63,66.06,3.47,-76.66,5.24,Diversified Commercial Services
TARACHAND,Tara Chand Infra,55.16,15.69,434.8,0.36,8.57,9.03,89.55,9.7,18.25,Diversified Commercial Services
RADIANTCMS,Radiant Cash,36.93,11.48,395.55,6.77,2.96,-40.02,100.78,-3.38,9.96,Diversified Commercial Services
DEVX,Dev Accele.,34.06,37.08,322.6,0.0,7.96,317.31,59.26,-9.39,12.04,Diversified Commercial Services
RBMINFRA,RBM Infracon,297.3,6.98,316.12,0.0,18.36,-6.18,208.22,-4.65,28.2,Diversified Commercial Services
MERCANTILE,Mercantile Vent.,25.67,40.87,282.02,0.0,1.95,-61.39,23.67,22.9,0.82,Diversified Commercial Services
DYNAMIC,Dynamic Services,147.55,5.99,258.73,0.0,32.91,198.44,345.09,71.34,16.73,Diversified Commercial Services
IPSL,Integrated Perso,235.0,21.9,240.01,0.04,6.09,48.9,220.37,26.36,15.93,Diversified Commercial Services
AARVI,Aarvi Encon,156.63,12.97,232.5,1.28,4.58,46.78,172.25,19.25,14.44,Diversified Commercial Services
ELGNZ,Eleganz Interior,102.0,10.23,230.52,0.0,20.4,82.63,289.22,44.17,19.29,Diversified Commercial Services
CSSL,Clear Secured,95.0,7.56,228.44,0.0,13.32,,462.63,,19.86,Diversified Commercial Services
ALANKIT,Alankit,7.9,11.32,216.12,0.0,2.39,-66.59,100.92,-1.07,7.44,Diversified Commercial Services
DHARARAIL,Dhara Rail Pro.,128.75,12.58,194.2,0.0,8.38,180.27,28.37,5.27,35.5,Diversified Commercial Services
EMAPARTNER,EMA Partners,82.0,15.48,190.62,0.0,5.2,-10.34,46.84,34.71,10.35,Diversified Commercial Services
INFOLLION,Infollion Resea.,159.55,12.37,154.87,0.0,5.34,-17.21,49.23,16.91,28.13,Diversified Commercial Services
RUCHINFRA,Ruchi Infrastr.,5.95,14.0,139.96,0.0,0.47,-51.04,14.92,4.78,4.89,Diversified Commercial Services
SHEEL,Sheel Bio.,68.0,11.77,138.4,0.0,0.19,105.03,21.85,93.71,15.73,Diversified Commercial Services
POSITRON,Positron Energy,178.0,6.75,135.29,0.0,15.04,15.34,285.27,6.83,29.76,Diversified Commercial Services
SPECTSTM,Spectrum Talent,57.9,10.91,133.71,0.0,8.48,,742.36,,7.57,Diversified Commercial Services
CORALFINAC,Coral India Fin.,31.33,8.55,126.51,1.28,2.69,14.47,3.05,0.0,8.06,Diversified Commercial Services
KHFM,KHFM Hospitality,46.7,34.31,107.75,0.0,1.03,-33.55,46.82,-1.93,8.2,Diversified Commercial Services
MOTOGENFIN,Motor & Gen Fin,27.2,,105.38,0.0,145.48,-15800.0,1.74,0.0,-0.02,Diversified Commercial Services
DTL,Diensten Tech,120.65,,99.66,0.0,-1.75,,111.44,,,Diversified Commercial Services
SERVICE,Service Care Ltd,61.0,16.2,81.31,0.0,2.55,896.88,101.11,6.24,10.78,Diversified Commercial Services
AISL,ANI Integrated,62.0,13.44,72.46,0.0,0.54,-81.57,64.74,8.64,8.23,Diversified Commercial Services
SFML,Supreme Facility,23.75,5.28,58.97,0.0,3.42,97.93,263.93,31.24,10.39,Diversified Commercial Services
FMNL,Future Market,9.53,7.38,58.43,0.0,1.96,108.79,25.43,5.08,9.28,Diversified Commercial Services
MMEL,Moving Media,30.75,4.59,57.83,0.0,10.37,51.61,31.92,41.61,19.03,Diversified Commercial Services
ICDSLTD,ICDS,40.8,49.62,54.08,0.0,-0.42,-150.0,0.52,-77.87,4.83,Diversified Commercial Services
WHITEFORCE,Happy Square,44.1,8.27,51.16,0.0,4.21,34.14,65.84,34.95,18.59,Diversified Commercial Services
CHAMUNDA,Chamunda Ele.,43.2,13.51,47.54,0.0,1.26,-55.48,15.46,2.93,15.17,Diversified Commercial Services
KONTOR,Kontor Space,58.05,15.8,35.87,0.0,0.71,,12.16,,15.43,Diversified Commercial Services
ARMOUR,Armour Security,18.05,5.73,30.45,0.0,2.41,61.74,27.4,48.75,22.83,Diversified Commercial Services
FALCONTECH,Falcon,10.75,9.5,28.8,0.0,2.64,654.29,43.35,213.22,11.21,Diversified Commercial Services
TRIDHYA,Tridhya Tech,11.0,37.67,25.61,0.0,2.64,175.2,14.18,0.42,5.65,Diversified Commercial Services
ACEINTEG,Ace Integrated,19.6,,19.99,0.0,-0.34,75.36,0.09,-93.75,-6.79,Diversified Commercial Services
TRANSWIND,Transwind Infra.,13.15,11.7,10.06,0.0,0.29,26.09,10.09,-35.2,7.39,Diversified Commercial Services
VOEPL,Virtuoso Optoel.,498.6,100.31,1583.89,0.0,5.47,122.36,331.3,38.15,9.73,Diversified consumer products
YASHOPTICS,Yash Optics,108.85,29.79,269.57,0.0,5.93,17.66,30.61,29.1,12.84,Diversified consumer products
HINDUNILVR,Hind. Unilever,2161.8,33.36,507993.58,1.9,2994.0,8.62,16351.0,7.64,28.42,Diversified FMCG
ITC,ITC,281.3,16.87,352453.94,5.15,5469.74,5.3,17824.68,-5.01,38.91,Diversified FMCG
HNDFDS,Hindustan Foods,568.45,45.09,6873.47,0.0,41.55,34.17,1116.75,16.47,14.2,Diversified FMCG
GODAVARIB,Godavari Bioref.,275.9,42.05,1414.01,0.0,52.88,-30.03,564.1,-2.66,6.55,Diversified FMCG
DAVANGERE,Davangere Sugar,3.29,55.12,469.05,0.0,1.95,0.52,83.82,47.29,5.56,Diversified FMCG
VEDL,Vedanta,264.6,5.97,103449.15,16.44,9352.0,70.89,24609.0,47.48,16.08,Diversified Metals
JAINREC,Jain Resource,337.3,33.06,11643.21,0.0,66.03,21.78,3104.98,76.42,25.49,Diversified Metals
POCL,Pondy Oxides,531.3,29.12,4058.31,0.26,38.05,114.1,931.68,80.34,23.87,Diversified Metals
INNOMET,Innomet Advanced,187.9,154.87,243.14,0.0,-0.44,-375.0,30.33,69.63,5.68,Diversified Metals
BONLON,Bonlon Industrie,41.77,22.58,68.66,0.0,0.99,130.23,100.64,-31.11,5.76,Diversified Metals
DMART,Avenue Super.,4035.0,86.06,263168.09,0.0,860.44,11.34,18794.53,14.88,17.19,Diversified Retail
VMM,Vishal Mega Mart,109.87,57.69,51452.72,0.0,258.77,25.57,3727.01,18.68,14.79,Diversified Retail
VMART,V-Mart Retail,759.7,48.33,6044.05,0.13,11.28,143.74,970.89,24.46,13.23,Diversified Retail
EMIL,Electronics Mart,127.86,47.93,4917.52,0.0,39.73,38.15,1913.25,14.96,8.14,Diversified Retail
SHOPERSTOP,Shoppers Stop,380.85,,4186.3,0.0,-14.25,9.47,1291.41,11.22,7.03,Diversified Retail
PATELRMART,Patel Retail,221.57,18.94,739.5,0.0,9.98,39.0,334.16,52.12,15.33,Diversified Retail
SPENCERS,Spencer's Retail,34.35,,309.97,0.0,-65.58,4.14,436.15,5.9,-8.41,Diversified Retail
KORE,Jay Jalaram Tech,163.95,22.67,198.79,0.0,5.11,49.85,494.85,45.93,12.08,Diversified Retail
ONDOOR,On Door Concepts,220.3,14.31,154.22,0.0,6.86,45.65,184.06,21.36,10.1,Diversified Retail
FCONSUMER,Future Consumer,0.28,,55.92,0.0,-27.82,-146.37,115.27,1.2,12.02,Diversified Retail
OSIAHYPER,Osia Hyper Reta.,3.01,2.96,53.26,0.0,4.32,-52.05,382.98,-5.89,14.72,Diversified Retail
FLFL,Future Lifestyle,1.37,,27.43,0.0,-7.53,96.27,177.61,-78.68,-72.64,Diversified Retail
FEL,Future Enterp.,0.37,,20.64,0.0,-1422.11,-118.4,7.89,-97.55,-10.84,Diversified Retail
RETAIL,JHS Svend.Retail,16.66,,13.83,0.0,-0.22,,4.27,,,Diversified Retail
FELDVR,Future Ent. DVR,2.48,,9.76,0.0,6.1,-90.68,2899.46,22.43,,Diversified Retail
KMEW,Knowledge Marine,2341.6,73.25,5771.99,0.0,23.53,140.68,67.62,42.42,16.31,Dredging
DREDGECORP,Dredging Corpn.,984.6,580.6,2757.85,0.0,86.91,261.22,478.23,3.42,4.28,Dredging
SUDARSCHEM,Sudarshan Chem.,1014.9,473.85,8052.02,0.44,82.5,203.04,2789.9,106.75,5.51,Dyes And Pigments
KIRIINDUS,Kiri Industries,411.05,,2677.39,0.0,514.36,699.61,250.5,22.18,-1.69,Dyes And Pigments
SHREEPUSHK,Sh.Pushkar Chem.,390.4,18.05,1265.39,0.51,12.87,-22.19,218.17,-0.56,12.97,Dyes And Pigments
ULTRAMAR,Ultramarine Pig.,385.05,16.23,1123.31,1.56,12.39,-13.04,179.68,-1.24,10.09,Dyes And Pigments
BHAGERIA,Bhageria Indust.,228.12,13.38,993.82,1.1,35.94,199.75,284.02,79.76,11.01,Dyes And Pigments
BODALCHEM,Bodal Chemicals,67.05,17.6,842.39,0.0,32.06,121.1,588.02,30.42,6.68,Dyes And Pigments
SUDARCOLOR,Sudarshan Colorants,358.3,17.24,831.98,0.0,13.15,-64.46,211.1,-4.17,11.41,Dyes And Pigments
ASAHISONG,Asahi Songwon,318.9,19.96,374.71,0.47,10.82,42.28,144.05,-5.7,8.49,Dyes And Pigments
PODDARMENT,Poddar Pigments,261.61,18.96,279.81,1.53,4.74,-7.78,100.45,15.23,5.79,Dyes And Pigments
UCL,Ushanti Colour,183.0,,254.13,0.0,-0.9,467.31,83.82,264.75,1.29,Dyes And Pigments
MAHICKRA,Mahickra Chem.,257.95,48.87,252.17,0.08,4.25,257.14,57.28,32.1,12.71,Dyes And Pigments
AKSHARCHEM,AksharChem (I),233.13,,194.38,0.32,4.84,248.2,105.79,16.59,0.19,Dyes And Pigments
DUCOL,Ducol Organics,108.45,24.37,176.71,0.0,4.43,109.95,71.55,84.55,10.26,Dyes And Pigments
HPIL,Hindprakash Indu,122.12,48.05,132.15,0.0,2.07,392.86,30.8,-20.17,8.5,Dyes And Pigments
PARAGON,Paragon Fine,48.5,10.49,94.9,0.0,7.06,67.7,68.88,7.41,12.79,Dyes And Pigments
UNILEX,Unilex Colour &C,25.0,4.16,34.04,0.0,6.7,,78.63,,,Dyes And Pigments
PROLIFE,Prolife Indust.,75.0,7.23,30.71,0.4,2.76,200.0,25.77,-10.49,12.17,Dyes And Pigments
ARUNAYA,Arunaya Organics,16.2,7.64,28.41,0.0,1.79,-8.21,48.9,-10.68,15.24,Dyes And Pigments
YCCL,Yasons Chemex,10.0,20.53,19.3,0.0,-0.08,69.23,47.55,0.85,5.26,Dyes And Pigments
PWL,Physicswallah,133.25,,38686.58,0.0,-69.14,80.56,918.8,50.72,4.02,E-Learning
VERANDA,Veranda Learning,236.62,97.55,2273.8,0.0,15.69,103.09,132.39,51.6,12.83,E-Learning
JARO,Jaro Institute,463.1,23.5,1032.53,1.08,21.33,17.26,72.79,-1.79,22.09,E-Learning
ADDICTIVE,Addictive Learn,38.5,,61.25,0.0,-4.65,-205.92,33.83,-12.74,-0.11,E-Learning
GTECJAINX,G-Tec Janix,29.22,,29.77,0.0,-0.66,7.04,1.57,-9.25,-36.32,E-Learning
UMESLTD,Usha Mart. Edu.,5.38,36.09,14.79,0.0,0.2,69.23,0.32,166.67,5.23,E-Learning
DHTL,Docmode Health,37.5,,11.79,0.0,-0.09,82.69,17.85,-12.59,-0.29,E-Learning
ETERNAL,Eternal,287.1,642.12,278039.2,0.0,92.0,268.0,20211.0,182.0,2.97,E-Retail/ E-Commerce
NYKAA,FSN E-Commerce,324.8,444.0,92962.14,0.0,78.75,286.49,2648.17,28.44,17.2,E-Retail/ E-Commerce
MEESHO,Meesho,188.95,,87390.04,0.0,-132.84,38.48,3712.81,48.28,-35.59,E-Retail/ E-Commerce
SWIGGY,Swiggy,261.55,,72278.18,0.0,-800.0,25.99,6383.0,44.74,-24.06,E-Retail/ E-Commerce
URBANCO,Urban Company,130.58,,20111.67,0.0,-161.16,-5574.65,425.56,42.59,-7.82,E-Retail/ E-Commerce
CARTRADE,Cartrade Tech,2692.2,56.73,12934.74,0.0,70.85,54.5,203.14,19.84,11.84,E-Retail/ E-Commerce
FIRSTCRY,Brainbees Solut.,209.34,,10930.98,0.0,-48.21,66.92,2162.67,12.04,0.57,E-Retail/ E-Commerce
RTNINDIA,RattanIndia Ent,31.52,,4347.41,0.0,-110.1,69.01,1696.63,12.77,-4.76,E-Retail/ E-Commerce
ACETEC,Acetech E-Commerce,141.0,22.47,231.01,0.0,4.52,100.89,42.33,6.81,33.55,E-Retail/ E-Commerce
ISFT,Intrasoft Tech.,75.75,9.13,121.2,0.0,3.15,34.04,136.05,4.62,6.29,E-Retail/ E-Commerce
WOMANCART,Womancart,98.1,11.46,79.2,0.0,2.81,-46.8,83.89,125.81,12.63,E-Retail/ E-Commerce
DIGIDRIVE,Digidrive Dist.,17.95,11.75,69.11,0.0,-1.99,-131.69,9.68,-7.28,3.06,E-Retail/ E-Commerce
KLL,Kaushalya,29.2,4.43,54.11,0.0,5.42,-5.24,1212.38,61.06,16.95,E-Retail/ E-Commerce
CBAZAAR,Net Avenue,6.35,,13.62,0.0,-0.85,65.64,13.39,5.18,-32.63,E-Retail/ E-Commerce
MARICO,Marico,853.2,63.25,110829.72,0.47,408.0,13.99,3333.0,22.09,47.05,Edible Oil
PATANJALI,Patanjali Foods,337.65,18.24,36723.6,1.04,524.02,93.24,11155.6,15.1,12.0,Edible Oil
AWL,AWL Agri Busine.,187.42,23.0,24371.41,0.53,293.06,53.5,21464.78,17.75,18.28,Edible Oil
GOKULAGRO,Gokul Agro,209.11,16.72,6174.34,0.0,118.92,144.14,6200.19,13.51,36.73,Edible Oil
SUNDROP,Sundrop Brands,692.4,130.01,2617.16,0.0,9.85,-65.94,386.55,27.21,1.97,Edible Oil
KNAGRI,KN Agri Resource,207.76,16.39,519.38,0.0,12.6,-20.45,480.97,-2.97,13.33,Edible Oil
GOKUL,Gokul Refoils,39.8,21.28,393.3,0.0,5.85,-11.9,1055.78,22.76,8.42,Edible Oil
KRITINUT,Kriti Nutrients,76.13,11.04,367.93,0.39,6.19,25.05,255.23,27.58,19.97,Edible Oil
RBS,Ramdevbaba Sol.,76.05,15.21,173.86,0.0,5.19,-30.69,437.66,-16.95,5.39,Edible Oil
MKPL,M K Proteins,4.17,22.81,155.79,0.0,1.14,-59.29,145.94,6.37,10.13,Edible Oil
ROML,Raj Oil Mills,44.45,14.27,66.63,0.0,0.51,-61.07,41.63,29.25,19.26,Edible Oil
RCDL,Rajgor Castor,24.0,4.54,57.4,0.42,10.99,50.75,593.23,70.72,16.58,Edible Oil
NKIND,N K Industries,64.89,,46.38,0.0,-0.09,96.62,2.77,-39.52,,Edible Oil
SHANTI,Shanti Overseas,6.93,,7.69,0.0,-9.26,-3407.14,6.74,358.5,-14.31,Edible Oil
SRPL,Shree Ram Prote.,0.34,,7.28,0.0,-0.32,33.33,0.0,,-23.95,Edible Oil
SEIL,Shanti Educat.,208.37,570.27,3358.91,0.0,0.98,308.51,23.17,22.98,10.31,Education
NIITMTS,NIIT Learning,231.77,13.91,3195.94,1.29,57.41,8.82,565.08,25.2,20.59,Education
NIITLTD,NIIT,92.51,89.88,1262.47,1.08,7.52,60.07,95.65,13.71,2.23,Education
VINSYS,Vinsys IT Serv.,518.1,25.7,764.19,0.0,21.4,9.48,148.36,24.08,21.32,Education
APTECHT,Aptech,90.9,20.89,527.36,4.95,1.78,-63.97,111.0,-6.48,15.34,Education
GLOBAL,Global Education,102.77,21.19,523.11,0.97,7.74,73.93,22.89,53.11,29.2,Education
CPEDU,Career Point Edu,187.95,15.22,340.71,1.33,5.53,48.66,10.51,-4.97,46.71,Education
CLEDUCATE,CL Educate,60.12,,320.86,0.0,-10.39,-61.88,117.64,20.71,5.3,Education
ARIHANTACA,Arihant Academy,465.0,30.91,281.57,0.22,3.32,249.47,15.68,75.59,42.67,Education
ZEELEARN,Zee Learn,8.08,11.52,263.87,0.0,45.42,-4.21,176.77,11.4,12.97,Education
FWSTC,Flywings Simula.,195.0,17.8,198.45,0.0,7.49,-17.97,14.33,7.83,20.1,Education
COMPUSOFT,Compucom Soft.,13.37,146.22,103.82,1.5,1.09,-434.12,7.93,-17.48,1.85,Education
MOXSH,Moxsh Overseas,106.0,46.03,99.42,0.0,4.19,3909.09,9.39,137.12,23.68,Education
DRONE,Drone Destinatio,39.25,81.86,95.77,0.0,-0.34,95.66,20.22,82.82,6.16,Education
LCCINFOTEC,LCC Infotech,4.55,,76.37,0.0,-0.28,-1500.0,0.0,-100.0,-1.88,Education
KEEPLEARN,DSJ Keep Learn,1.89,,29.1,0.0,-0.76,-1800.0,1.5,-54.68,-11.05,Education
TREEHOUSE,Tree House Edu.,6.16,,26.23,0.0,-9.05,-1075.32,0.62,-67.02,-6.97,Education
MTEDUCARE,MT Educare,1.84,,12.64,0.0,2.6,112.77,9.88,-23.41,2.1,Education
EDUCOMP,Educomp Sol.,0.91,,11.14,0.0,-160.68,-5.4,112.6,-5.71,,Education
GRAPHITE,Graphite India,657.9,70.53,12848.66,1.06,-105.0,-333.1,816.0,22.52,4.58,Electrodes & Refractories
HEG,HEG,623.85,34.01,12042.93,0.55,122.34,22.57,680.79,11.1,8.35,Electrodes & Refractories
VESUVIUS,Vesuvius India,446.3,34.77,9061.08,0.34,55.85,-5.83,499.85,3.66,21.34,Electrodes & Refractories
RHIM,RHI Magnesita,395.6,74.01,8151.81,0.63,-518.11,-37.18,932.26,1.56,6.52,Electrodes & Refractories
RPEL,Raghav Product.,1292.2,94.72,5937.76,0.08,19.57,67.55,86.91,48.72,30.3,Electrodes & Refractories
MONOLITH,Monolithisch Ind,750.1,70.8,1630.42,0.0,8.11,80.62,40.65,34.87,34.79,Electrodes & Refractories
IFGLEXPOR,IFGL Refractori.,196.33,38.64,1418.6,1.1,14.28,72.24,482.97,7.68,4.92,Electrodes & Refractories
ORIENTCER,Orient Ceratech,40.6,24.54,485.61,0.62,5.18,81.12,95.24,10.94,9.16,Electrodes & Refractories
DENORA,DE Nora India,867.35,50.64,458.79,0.0,-0.64,-119.16,21.97,9.14,9.62,Electrodes & Refractories
ROYALARC,Royal Arc Ele.,147.2,16.26,163.39,0.34,5.73,-8.17,63.22,12.83,17.99,Electrodes & Refractories
REFRACTORY,Refractory Shap.,26.9,12.24,58.64,0.0,0.15,-95.18,22.61,-35.84,10.68,Electrodes & Refractories
AUROIMPEX,Auro Impex,25.5,7.48,31.11,0.0,2.54,15.98,115.35,-16.86,9.75,Electrodes & Refractories
SPRL,SP Refractories,97.85,4.96,17.51,0.0,1.33,18.75,11.85,-25.24,28.59,Electrodes & Refractories
QUINT,Quint Digital,38.16,,180.15,0.0,-1.94,-58.14,34.13,351.46,-0.91,Electronic Media
SAMBHAAV,Sambhaav Media,6.14,488.91,117.34,0.0,0.56,14200.0,12.51,14.98,2.26,Electronic Media
DNAMEDIA,Diligent Media,2.78,,32.61,0.0,-6.02,-251.26,1.62,-71.38,-1.17,Electronic Media
CYBERMEDIA,Cyber Media Ind,15.3,6.77,29.67,0.0,1.66,369.39,28.2,30.37,62.36,Electronic Media
SABEVENTS,SAB Events,7.58,,7.62,0.0,-0.17,43.33,0.59,3.51,,Electronic Media
BSE,BSE,3579.0,58.66,145772.34,0.28,795.47,61.47,1563.51,84.67,58.03,Exchange and Data Platform
MCX,Multi Comm. Exc.,2752.6,52.7,70177.79,0.22,529.77,291.09,888.94,205.13,71.37,Exchange and Data Platform
IEX,Indian Energy Ex,121.94,22.32,10875.94,2.87,126.69,12.08,155.93,11.39,51.79,Exchange and Data Platform
SOLARINDS,Solar Industries,18621.0,96.73,168754.36,0.06,556.03,69.95,3052.75,40.9,38.08,Explosives
PREMEXPLN,Prem. Explosives,663.6,71.75,3562.31,0.08,6.58,75.94,89.21,20.42,22.63,Explosives
GOCLCORP,GOCL Corpn.,390.8,7.21,1941.49,2.56,75.15,118.14,2.33,-21.81,13.09,Explosives
IMFA,Indian Metals,1336.3,16.96,7203.31,0.94,103.16,118.13,763.29,34.58,18.37,Ferro & Silica Manganese
MAITHANALL,Maithan Alloys,969.0,6.5,2819.47,1.65,-70.68,-15.44,559.18,28.48,14.83,Ferro & Silica Manganese
VISACHROME,VISA Chrome,38.0,,540.62,0.0,1082.58,42.57,170.98,5.28,-5.58,Ferro & Silica Manganese
JAINAM,Jainam Ferro,235.0,40.83,275.22,0.0,1.23,-47.21,97.4,-9.12,7.04,Ferro & Silica Manganese
OWAIS,Owais Metal,99.0,109.09,180.0,0.0,-23.56,-193.42,0.3,-99.72,4.3,Ferro & Silica Manganese
SHYAMCENT,Shyam Century,5.35,,112.86,0.0,0.2,104.57,0.14,-99.37,-7.4,Ferro & Silica Manganese
QVCEL,QVC Exports,22.45,7.02,23.46,2.23,1.25,-65.37,232.38,44.1,9.19,Ferro & Silica Manganese
IMPEXFERRO,Impex Ferro Tech,2.39,,21.02,0.0,-0.94,48.07,0.0,,,Ferro & Silica Manganese
COROMANDEL,Coromandel Inter,2022.9,32.01,59777.07,0.54,381.56,-24.59,8164.77,15.94,22.05,Fertilizers
FACT,F A C T,805.75,,52102.62,0.02,3.16,-94.51,1483.85,40.88,4.93,Fertilizers
CHAMBLFERT,Chambal Fert.,431.85,8.86,17306.14,2.55,169.24,29.84,2785.03,13.73,25.51,Fertilizers
PARADEEP,Paradeep Phosph.,136.31,13.79,14147.24,0.73,155.6,-10.48,4701.97,12.11,17.13,Fertilizers
RCF,R C F,124.16,17.32,6855.77,1.06,186.72,123.99,5580.57,49.63,10.23,Fertilizers
MBAPL,M B Agro Prod.,146.8,41.51,6431.82,0.07,32.96,16.84,416.3,1.61,19.4,Fertilizers
GSFC,G S F C,154.6,9.15,6157.7,3.23,52.14,-27.32,2632.67,36.96,7.16,Fertilizers
KRISHANA,Krishana Phosch.,155.75,24.48,4814.83,0.06,47.09,53.99,532.31,34.58,27.24,Fertilizers
NFL,Natl.Fertilizer,70.15,16.27,3440.93,2.22,151.54,12.43,4347.19,-2.45,9.09,Fertilizers
SPIC,S P I C,64.78,6.24,1319.18,3.09,29.49,51.46,584.15,-22.56,17.5,Fertilizers
MADRASFERT,Madras Fertilize,66.63,12.36,1075.67,0.0,20.89,153.3,699.21,26.09,14.82,Fertilizers
ZUARI,Zuari Agro Chem.,220.7,3.12,927.37,0.0,-25.1,-212.74,187.33,-80.32,16.38,Fertilizers
KHAICHEM,Khaitan Chemical,48.89,8.14,474.08,0.1,10.91,-49.04,220.94,-5.71,18.5,Fertilizers
RAMAPHO,Rama Phosphates,125.21,8.48,444.42,0.6,5.37,2.29,219.08,9.04,15.39,Fertilizers
ARIES,Aries Agro,339.65,10.32,442.22,0.35,-4.79,-19.78,184.8,44.63,21.2,Fertilizers
BALAJIPHOS,Balaji Phos.,88.55,20.6,210.54,0.0,2.18,-39.11,85.77,33.85,15.19,Fertilizers
NOVAAGRI,Nova Agritech,22.64,16.33,209.65,0.0,0.22,-96.21,55.91,-31.26,8.09,Fertilizers
ANYA,Anya Polytech &,15.4,22.0,184.8,0.0,2.37,1312.5,79.72,31.68,10.18,Fertilizers
NAGAFERT,Nagarjuna Fert.,2.75,,164.47,0.0,1.51,114.05,-1.93,,,Fertilizers
AGROPHOS,Agro Phos India,29.08,8.36,58.96,3.44,-0.29,-123.93,32.23,7.04,15.05,Fertilizers
BOHRAIND,Bohra Industries,12.81,,27.12,0.0,-1.03,47.98,0.0,,-4.93,Fertilizers
PVRINOX,PVR Inox,1007.4,31.18,9889.68,0.0,56.5,220.3,1622.2,11.91,6.96,"Film Production, Distribution & Exhibition"
MMWL,Media Matrix,14.02,272.03,1591.36,0.0,2.08,805.0,300.67,10.63,9.78,"Film Production, Distribution & Exhibition"
CONNPLEX,Connplex Cinemas,205.9,15.08,393.27,0.0,13.03,38.91,83.46,51.97,43.57,"Film Production, Distribution & Exhibition"
CINELINE,Cineline India,80.32,22.88,274.07,0.0,3.32,-75.24,62.23,13.12,10.86,"Film Production, Distribution & Exhibition"
UFO,UFO Moviez,67.27,10.47,260.78,0.0,4.48,730.99,133.22,43.19,12.18,"Film Production, Distribution & Exhibition"
TIPSFILMS,Tips Films,375.1,,159.19,0.0,-3.47,89.39,2.36,-96.09,-6.69,"Film Production, Distribution & Exhibition"
MUKTAARTS,Mukta Arts,57.72,,130.36,0.0,-0.7,124.32,45.39,19.1,11.17,"Film Production, Distribution & Exhibition"
VELS,Vels Film,73.0,,94.23,0.0,-20.14,-12.07,31.38,486.54,-12.43,"Film Production, Distribution & Exhibition"
BAWEJA,Baweja Studios L,29.2,8.85,53.81,0.0,4.57,-13.28,33.44,-22.93,7.94,"Film Production, Distribution & Exhibition"
PNC,Prit Nandy Comm.,19.28,5.61,27.89,0.0,-2.06,-379.07,2.49,-68.04,-0.13,"Film Production, Distribution & Exhibition"
PPSL,Picturepost Stu.,2.6,9.08,7.62,0.0,0.6,-76.83,8.22,-58.08,4.27,"Film Production, Distribution & Exhibition"
PADMALAYAT,Padmalaya Tele.,3.87,,6.58,0.0,-0.28,-154.55,0.0,,-3.36,"Film Production, Distribution & Exhibition"
PFC,Power Fin.Corpn.,410.05,5.22,135320.68,4.52,8597.61,10.81,28919.52,-1.18,9.71,Financial Institution
IRFC,I R F C,87.03,16.23,113735.2,2.41,1684.31,0.15,7336.05,9.11,5.64,Financial Institution
RECLTD,REC Ltd,358.45,5.78,94401.0,5.02,3375.08,-21.69,14563.82,-5.02,9.71,Financial Institution
HUDCO,H U D C O,196.83,9.78,39467.08,2.31,1981.31,172.26,3562.86,25.23,8.41,Financial Institution
IREDA,Indian Renewable,119.58,17.93,33587.17,0.5,492.75,-1.8,2174.95,14.22,8.69,Financial Institution
IFCI,IFCI,71.14,103.83,19164.67,0.0,34.06,-93.52,470.43,13.74,5.03,Financial Institution
TFCILTD,Tour. Fin. Corp.,82.09,24.68,3803.37,0.73,61.21,100.29,81.02,27.17,11.13,Financial Institution
ANANDRATHI,Anand Rathi Wea.,2049.1,73.58,34022.7,0.32,163.22,76.97,312.95,18.21,57.47,Financial Products Distributor
PRUDENT,Prudent Corp.,2871.4,53.52,11885.58,0.12,59.11,14.24,360.59,27.4,37.48,Financial Products Distributor
PAYTM,One 97,1256.8,99.28,80559.37,0.0,220.0,57.59,2448.0,27.63,5.01,Financial Technology (Fintech)
POLICYBZR,PB Fintech.,1526.7,105.44,70639.63,0.0,261.16,53.87,2061.33,36.7,10.31,Financial Technology (Fintech)
PINELABS,Pine Labs,147.48,148.08,17010.15,0.0,59.36,284.05,700.51,17.02,4.16,Financial Technology (Fintech)
STYL,Seshaasai Tech.,400.15,24.15,6490.5,0.0,61.75,68.35,376.22,21.02,27.98,Financial Technology (Fintech)
CCAVENUE,AvenuesAI,16.15,20.0,5636.86,0.0,88.96,71.03,2489.54,114.52,7.71,Financial Technology (Fintech)
TURTLEMINT,Turtlemint Fintech,127.11,,3744.56,0.0,3.12,107.91,357.21,41.95,-35.65,Financial Technology (Fintech)
NPST,Network People,1530.0,78.21,3193.26,0.13,12.24,134.87,61.98,135.22,19.67,Financial Technology (Fintech)
MOBIKWIK,One Mobikwik,205.48,,1616.9,0.0,4.38,114.4,288.71,7.82,-2.24,Financial Technology (Fintech)
MOS,MOS Utility,12.05,17.23,310.21,0.0,4.91,11.5,153.35,-12.46,19.5,Financial Technology (Fintech)
FINBUD,Finbud Financial,117.2,19.16,223.26,0.0,6.35,,177.12,,17.82,Financial Technology (Fintech)
SUVIDHAA,Suvidhaa Info.,2.51,,52.25,0.0,-1.87,77.34,0.68,-60.0,-28.03,Financial Technology (Fintech)
AGSTRA,AGS Transact,2.21,,28.38,0.0,-194.26,-1163.07,209.6,-43.92,1.26,Financial Technology (Fintech)
METROBRAND,Metro Brands,1024.9,67.88,27911.57,0.54,117.73,23.07,772.98,20.26,20.18,Footwear
RELAXO,Relaxo Footwear,396.1,55.03,9865.37,0.76,67.67,20.37,751.1,8.05,11.07,Footwear
BATAINDIA,Bata India,676.25,51.65,8696.68,1.33,2.21,-58.62,827.63,5.0,12.74,Footwear
REDTAPE,Redtape,127.83,29.4,7071.44,1.56,69.88,69.53,675.51,33.51,24.11,Footwear
CAMPUS,Campus Activewe.,219.16,44.63,6698.97,0.68,44.14,26.01,455.63,12.3,21.25,Footwear
SREEL,Sreeleathers,222.71,18.02,518.56,0.45,9.67,82.8,62.69,17.95,8.0,Footwear
LIBERTSHOE,Liberty Shoes,257.4,39.59,438.69,0.0,5.3,-10.69,212.05,13.0,7.91,Footwear
BRANDMAN,Brandman Retail,182.75,13.33,337.3,0.0,5.64,37.9,67.1,137.69,36.81,Footwear
KHADIM,Khadim India,93.4,40.32,168.52,0.0,0.77,-86.1,83.56,-10.92,6.87,Footwear
IWP,Indian Wood Prod,33.5,46.62,212.6,0.45,0.12,-85.88,68.5,25.8,3.0,Forest Products
SFL,Sheela Foam,751.75,54.47,8202.21,0.13,91.77,511.54,1050.06,23.59,6.11,"Furniture, Home Furnishing"
RESPONIND,Responsive Ind,176.97,31.61,4708.44,0.06,22.82,-57.94,430.34,13.05,10.77,"Furniture, Home Furnishing"
WAKEFIT,Wakefit Innovati,134.18,23.09,4454.15,0.0,121.75,564.05,343.6,13.55,11.19,"Furniture, Home Furnishing"
EUROPRATIK,Euro Pratik Sale,296.75,36.55,3031.3,0.07,21.53,45.91,93.49,28.14,38.38,"Furniture, Home Furnishing"
SAFEENTP,Safe Enterprises,258.0,18.62,1202.4,0.0,30.61,40.94,106.04,31.64,47.03,"Furniture, Home Furnishing"
STANLEY,Stanley Lifesty.,154.18,61.68,882.92,0.0,-0.6,-93.33,101.4,-10.11,6.43,"Furniture, Home Furnishing"
PARIN,Parin Enterpris.,730.0,124.77,811.61,0.03,4.32,-32.39,138.98,6.46,10.82,"Furniture, Home Furnishing"
HARDWYN,Hardwyn India,15.62,60.07,763.43,0.0,3.42,96.55,46.41,27.85,4.7,"Furniture, Home Furnishing"
TRANSTEEL,Transteel Seatin,119.0,11.97,267.04,0.0,12.24,52.43,61.32,12.95,21.02,"Furniture, Home Furnishing"
INM,Interiors & More,175.0,21.2,244.84,0.29,9.03,40.44,58.6,54.37,15.97,"Furniture, Home Furnishing"
DURLAX,Durlax Top,50.8,11.63,146.98,0.0,9.6,134.15,116.37,84.07,16.96,"Furniture, Home Furnishing"
MDL,Marvel Decor,70.0,28.1,124.18,0.0,2.28,43.21,31.51,-2.14,7.86,"Furniture, Home Furnishing"
NAMAN,Naman Industries Proxima,47.8,,62.45,0.0,-2.61,-277.55,73.59,-17.44,-0.35,"Furniture, Home Furnishing"
OMFURN,Omfurn India,53.0,9.91,62.4,0.0,4.14,36.63,53.38,22.07,14.06,"Furniture, Home Furnishing"
PRITI,Priti Internati.,37.38,55.46,49.91,0.0,0.17,-79.76,6.03,-62.0,1.76,"Furniture, Home Furnishing"
AHLADA,Ahlada Engineers,37.6,269.89,48.58,4.26,-1.04,-207.22,25.65,-33.15,2.69,"Furniture, Home Furnishing"
REXPRO,Rexpro Enter.,39.9,19.87,44.71,0.0,0.39,-90.6,28.57,-45.46,5.53,"Furniture, Home Furnishing"
LEXUS,Lexus Granito,15.01,30.01,31.21,0.0,-0.65,-225.0,11.54,-44.97,6.89,"Furniture, Home Furnishing"
PAGEIND,Page Industries,40270.0,56.87,44924.66,2.23,178.73,8.98,1252.6,14.07,64.39,Garments & Apparels
ARVIND,Arvind Ltd,513.45,31.58,13450.6,0.73,164.56,2.75,2553.09,14.97,13.84,Garments & Apparels
PGIL,Pearl Global Ind,1949.8,32.78,9005.43,0.74,80.98,27.4,1313.58,6.88,19.93,Garments & Apparels
GOKEX,Gokaldas Exports,795.05,58.13,5820.51,0.0,35.96,-31.97,1068.85,5.27,8.39,Garments & Apparels
LUXIND,Lux Industries,1229.6,34.88,3701.24,0.16,40.37,-16.19,881.25,7.58,7.84,Garments & Apparels
KKCL,Kewal Kir.Cloth.,500.85,21.75,3086.8,0.8,34.54,6.42,323.8,12.38,18.08,Garments & Apparels
KITEX,Kitex Garments,144.19,285.69,2862.59,0.35,-9.28,-111.83,166.17,-44.64,1.53,Garments & Apparels
SPAL,S P Apparels,977.4,24.36,2456.82,0.2,18.59,-39.23,364.91,-8.59,14.04,Garments & Apparels
CANTABIL,Cantabil Retail,241.15,21.04,2014.42,0.41,29.23,29.85,253.46,15.33,19.07,Garments & Apparels
SBC,SBC Exports,42.15,79.64,2012.39,0.0,8.22,104.99,141.6,47.04,18.17,Garments & Apparels
DOLLAR,Dollar Industrie,252.35,13.64,1430.67,1.19,31.41,10.13,602.44,12.28,13.64,Garments & Apparels
RUPA,Rupa & Co,162.61,16.86,1292.6,1.84,36.21,25.53,441.5,6.26,9.55,Garments & Apparels
MONTECARLO,Monte Carlo Fas.,538.0,9.99,1116.32,3.72,5.04,149.03,280.3,36.11,13.9,Garments & Apparels
IRISDOREME,Iris Clothings,46.83,55.05,891.32,0.0,6.43,43.53,60.48,50.45,16.05,Garments & Apparels
KARNIKA,Karnika Industri,115.75,25.67,717.62,0.09,9.14,,73.77,,,Garments & Apparels
VISHAL,Vishal Fabrics,18.34,14.09,454.12,0.0,7.51,53.89,348.15,-11.06,10.11,Garments & Apparels
THOMASCOTT,Thomas Scott,288.35,20.84,422.66,0.0,6.02,63.22,77.81,63.4,20.54,Garments & Apparels
PURPLEUTED,Purple United,345.85,21.88,332.36,0.0,10.14,41.23,109.9,51.31,22.86,Garments & Apparels
BELLACASA,Bella Casa Fashi,244.75,16.28,327.66,0.82,4.57,5.3,110.65,27.07,15.22,Garments & Apparels
FORCAS,Forcas Studio,168.7,21.74,296.57,0.0,7.92,38.46,113.97,31.51,20.22,Garments & Apparels
CPS,C P S Shapers,1039.5,1821.54,236.8,0.0,2.16,232.31,19.52,8.99,4.37,Garments & Apparels
SSDL,Saraswati Saree,52.49,8.8,205.96,4.32,3.34,-52.49,133.53,-2.07,16.58,Garments & Apparels
ZODIACLOTH,Zodiac Cloth. Co,76.15,,205.12,0.0,-5.27,-65.72,44.63,-6.9,-8.03,Garments & Apparels
VIPCLOTHNG,VIP Clothing,22.02,20.06,196.83,0.0,4.42,82.64,71.54,10.21,8.02,Garments & Apparels
SDREAMS,S D Retail,87.15,15.35,163.16,0.0,9.65,15.84,117.68,16.1,12.21,Garments & Apparels
NRVANDANA,N R Vandana,68.1,15.17,158.63,0.0,4.74,10.23,173.57,20.73,17.67,Garments & Apparels
LAL,Lorenzini Appar.,8.74,36.44,158.52,0.0,0.87,113.24,25.76,85.06,11.06,Garments & Apparels
INDTERRAIN,Indian Terrain,28.63,,144.21,0.0,-0.9,58.53,106.53,18.99,7.63,Garments & Apparels
FILATFASH,Filatex Fash.,0.18,50.76,142.11,0.0,0.33,-81.77,22.08,-66.46,0.17,Garments & Apparels
LOVABLE,Lovable Lingerie,71.93,13.09,104.61,0.0,2.93,23.75,6.28,-21.89,0.57,Garments & Apparels
KAYTEX,Kaytex Fabrics,58.75,4.95,86.36,0.0,8.83,-0.45,86.65,4.35,23.25,Garments & Apparels
VEEKAYEM,Veekayem Fash.,128.0,7.5,75.21,0.0,6.85,46.37,266.23,34.07,14.11,Garments & Apparels
SIGNORIA,Signoria Creatio,135.0,15.33,64.23,0.0,2.36,,19.83,,18.61,Garments & Apparels
JAIPURKURT,Nandani Creation,27.75,28.79,52.97,0.0,0.67,42.55,29.61,49.7,7.09,Garments & Apparels
VINNY,Vinny Overseas,1.08,53.61,49.32,0.0,0.42,-58.42,37.1,14.97,2.44,Garments & Apparels
CELEBRITY,Celebrity Fash.,7.17,,46.22,0.0,-1.62,24.65,43.49,-15.57,-12.31,Garments & Apparels
MITTAL,Mittal Life Styl,0.9,17.45,39.96,0.0,0.46,-81.03,23.33,9.69,7.89,Garments & Apparels
BANG,Bang Overseas,27.23,4.8,37.09,0.0,2.52,147.4,58.07,20.35,7.15,Garments & Apparels
JETKNIT,Jet Knitwears,62.45,458.67,27.52,0.0,0.01,-98.59,10.87,-18.58,3.41,Garments & Apparels
LIBAS,Libas Consumer,10.35,11.22,27.27,0.0,-0.63,-141.72,17.14,-45.31,3.97,Garments & Apparels
VCL,Vaxtex Cotfab,1.02,3.39,18.74,0.0,0.79,-40.15,0.0,-100.0,17.95,Garments & Apparels
VIVIDHA,Visagar Polytex,0.51,,14.93,0.0,-0.42,16.0,0.0,,-17.81,Garments & Apparels
GAIL,GAIL (India),171.99,14.91,113026.34,4.36,1481.46,-40.41,35576.55,-2.37,9.68,Gas Transmission/Marketing
INDIFRA,Indifra Ltd,11.95,871.0,8.71,0.0,0.15,157.69,14.81,582.49,0.22,Gas Transmission/Marketing
TITAN,Titan Company,4697.3,80.97,416979.97,0.32,1179.0,31.0,26920.0,80.48,20.54,"Gems, Jewellery And Watches"
KALYANKJIL,Kalyan Jewellers,585.6,43.88,60467.12,0.26,409.5,118.27,10274.94,66.22,20.52,"Gems, Jewellery And Watches"
THANGAMAYL,Thangamayil Jew.,6871.0,60.47,21370.48,0.26,142.66,354.33,2839.17,105.63,25.49,"Gems, Jewellery And Watches"
BLUESTONE,Bluestone Jewel,747.0,202.16,11385.51,0.0,5.96,120.16,736.85,49.56,7.07,"Gems, Jewellery And Watches"
SKYGOLD,Sky Gold & Diam.,649.2,36.54,10059.66,0.0,90.72,120.8,1911.51,80.64,27.02,"Gems, Jewellery And Watches"
PCJEWELLER,PC Jeweller,9.35,12.67,9060.99,0.0,152.89,61.26,927.34,32.66,9.58,"Gems, Jewellery And Watches"
PNGJL,P N Gadgil Jewe.,650.6,21.4,8824.33,0.0,90.26,45.6,3544.31,123.16,20.92,"Gems, Jewellery And Watches"
ETHOSLTD,Ethos,2574.4,71.65,6879.31,0.0,22.76,-3.3,414.01,32.99,9.82,"Gems, Jewellery And Watches"
SENCO,Senco Gold,386.25,11.04,6342.03,0.26,156.88,151.29,1996.66,44.93,20.92,"Gems, Jewellery And Watches"
TIMEX,Timex Group,573.75,73.02,5789.92,0.0,27.34,212.12,235.2,73.69,82.85,"Gems, Jewellery And Watches"
GOLDIAM,Goldiam Intl.,347.05,30.61,5222.03,0.65,37.23,61.38,234.6,18.14,23.89,"Gems, Jewellery And Watches"
VAIBHAVGBL,Vaibhav Global,254.99,15.93,4267.15,2.35,91.14,167.05,934.71,9.99,16.43,"Gems, Jewellery And Watches"
KDDL,KDDL Ltd,3094.9,42.73,3811.42,0.48,34.54,24.58,574.99,37.04,11.2,"Gems, Jewellery And Watches"
DPABHUSHAN,D.P. Abhushan,1350.15,12.86,3084.89,0.0,64.45,76.96,852.4,57.74,39.57,"Gems, Jewellery And Watches"
RAJESHEXPO,Rajesh Exports,92.46,24.21,2723.27,0.0,-53.5,-2843.59,236864.21,18.91,1.86,"Gems, Jewellery And Watches"
SHRINGARMS,Shringar House,220.38,18.37,2121.12,0.0,34.01,123.46,725.56,106.5,26.83,"Gems, Jewellery And Watches"
TBZ,T B Z,266.67,8.8,1781.33,0.84,67.64,612.75,829.69,56.74,21.36,"Gems, Jewellery And Watches"
MOTISONS,Motisons Jewel,14.18,25.1,1604.64,0.0,8.3,-23.52,137.47,15.76,17.86,"Gems, Jewellery And Watches"
SHANTIGOLD,Shanti Gold,207.17,10.63,1489.94,0.0,51.93,465.07,658.93,121.65,33.49,"Gems, Jewellery And Watches"
PNGSREVA,PNGS Reva Diamo.,410.3,20.15,1302.63,0.0,21.41,350.74,138.13,138.94,22.0,"Gems, Jewellery And Watches"
UTSSAV,Utssav CZ Gold,538.6,22.02,1300.61,0.0,29.64,95.13,679.49,87.81,28.82,"Gems, Jewellery And Watches"
RGL,Renaiss. Global,118.1,12.72,1269.29,0.0,30.22,28.98,773.41,50.35,8.0,"Gems, Jewellery And Watches"
LGHL,Laxmi Goldorna,206.24,251.36,1033.11,0.0,-6.16,-1151.67,26.64,-3.9,10.08,"Gems, Jewellery And Watches"
ASTAR,Asian Star Co.,610.1,24.55,992.34,0.25,-0.42,91.07,745.97,-12.68,3.56,"Gems, Jewellery And Watches"
RAMBHAJO,Advit Jewels,202.34,26.93,925.92,0.0,8.74,-45.98,43.23,-27.83,32.14,"Gems, Jewellery And Watches"
MVGJL,Manoj Vaibhav,154.84,6.54,759.11,0.0,28.16,5.31,754.47,7.0,15.63,"Gems, Jewellery And Watches"
RADHIKAJWE,Radhika Jeweltec,63.97,10.06,752.56,0.0,7.53,-32.35,193.36,23.54,25.07,"Gems, Jewellery And Watches"
FOCE,Foce India,605.0,47.46,710.45,0.0,9.16,21.49,86.7,23.63,16.06,"Gems, Jewellery And Watches"
RBZJEWEL,RBZ Jewellers Lt,140.9,10.29,564.14,0.0,11.68,36.29,189.48,38.01,21.85,"Gems, Jewellery And Watches"
DIVINEHIRA,Divine Hira Jew.,109.95,60.36,430.36,0.0,4.0,30.72,383.36,72.04,16.1,"Gems, Jewellery And Watches"
PUSHPA,Pushpa Jewellers,114.55,10.34,277.47,0.0,14.86,22.4,247.41,81.11,30.37,"Gems, Jewellery And Watches"
SILGO,Silgo Retail,74.52,41.28,237.79,0.0,1.91,9.77,13.38,-19.06,8.17,"Gems, Jewellery And Watches"
GOLDKART,Goldkart Jewels,135.0,63.83,226.6,0.0,0.68,-54.05,70.86,48.09,9.2,"Gems, Jewellery And Watches"
GJL,Grover Jewells,153.0,10.48,221.96,0.0,17.04,,535.65,,45.97,"Gems, Jewellery And Watches"
AUSOMENT,Ausom Enter.,128.89,8.66,168.72,0.78,0.83,-92.48,1440.43,-5.65,16.38,"Gems, Jewellery And Watches"
KKJEWELS,Kabra Jewels,111.0,4.7,116.38,0.0,6.56,126.99,98.4,26.38,20.43,"Gems, Jewellery And Watches"
MOKSH,Moksh Ornaments,10.95,9.81,96.63,0.0,1.85,42.31,261.38,56.21,11.43,"Gems, Jewellery And Watches"
BANARBEADS,Banaras Beads,114.1,40.08,75.75,1.97,0.72,18.03,9.06,45.89,5.71,"Gems, Jewellery And Watches"
KKVAPOW,KKV Agro Powers,499.35,9.52,31.14,0.91,-1.38,-268.29,615.67,17.7,16.37,"Gems, Jewellery And Watches"
KANANIIND,Kanani Industrie,1.49,11.43,29.48,0.0,0.55,329.17,12.91,-61.7,3.92,"Gems, Jewellery And Watches"
SHUBHLAXMI,Shubhlaxmi Jewel,21.55,21.55,22.85,0.0,-1.57,-7750.0,40.27,29.44,6.86,"Gems, Jewellery And Watches"
AURUS,AURUS GEM,4.83,8.27,14.3,0.0,0.35,102.29,1.77,-73.1,7.18,"Gems, Jewellery And Watches"
ICICIGI,ICICI Lombard,1619.0,33.25,80735.73,0.83,403.17,-46.03,7088.22,10.83,21.88,General Insurance
GICRE,General Insuranc,359.85,6.52,62992.66,2.78,2532.59,1.35,13018.27,-1.44,17.35,General Insurance
STARHEALTH,Star Health Insu,577.0,60.91,33925.79,0.0,111.34,21731.37,4648.07,13.89,8.57,General Insurance
NIACL,New India Assura,173.06,20.16,28543.1,0.87,579.84,61.19,12543.82,7.54,4.29,General Insurance
GODIGIT,Go Digit General,280.85,52.7,25949.14,0.0,86.39,-37.55,2427.02,8.54,13.1,General Insurance
NIVABUPA,Niva Bupa Health,84.62,119.67,15650.06,0.0,345.13,67.47,2138.56,28.0,3.45,General Insurance
LAOPALA,La Opala RG,187.52,22.15,2074.48,4.0,16.17,-37.06,68.39,-11.3,15.27,Glass - Consumer
BORORENEW,Borosil Renew.,577.9,20.21,8120.02,0.0,87.71,156.91,405.69,22.1,26.92,Glass - Industrial
BOROSCI,Borosil Scienti.,152.47,33.77,1359.99,0.0,27.25,213.84,143.17,10.57,12.08,Glass - Industrial
SEJALLTD,Sejal Glass,768.7,29.55,870.14,0.0,11.42,198.94,114.55,69.48,18.6,Glass - Industrial
AGARWALTUF,Agarwal Toughene,136.3,11.15,240.9,0.0,9.34,-12.14,49.04,48.52,22.97,Glass - Industrial
AGARWALFT,Agarwal Float,39.45,19.44,28.58,0.0,0.02,-98.08,26.85,-32.16,10.06,Glass - Industrial
MIDWESTLTD,Midwest,1236.5,42.67,4474.31,0.0,37.03,-24.63,215.81,-6.25,15.4,Granites & Marbles
POKARNA,Pokarna,936.6,35.9,2890.69,0.06,25.61,-56.56,147.24,-43.95,11.48,Granites & Marbles
ESPRIT,Esprit Stones,58.5,,128.38,0.0,-1.16,-113.47,73.34,-54.33,-0.25,Granites & Marbles
GSLSU,Global Surfaces,26.68,,110.85,0.0,-23.38,-112.57,45.39,-21.02,-1.62,Granites & Marbles
AROGRANITE,Aro Granite Inds,25.15,,39.01,0.0,-6.41,-32150.0,11.52,-57.03,1.04,Granites & Marbles
ORIENTALTL,Oriental Trimex,5.31,16.84,38.89,0.0,1.32,-70.9,13.94,-16.33,3.83,Granites & Marbles
MADHAV,Madhav Marbles,34.06,78.07,30.45,0.0,1.49,7350.0,9.24,20.47,1.71,Granites & Marbles
SYNGENE,Syngene Intl.,403.25,45.17,16277.95,0.31,148.2,-11.82,960.0,1.22,9.91,"Healthcare Research, Analytics & Technology"
INDGN,Indegene,488.5,28.37,11759.02,0.46,79.7,-19.14,1003.4,32.8,18.82,"Healthcare Research, Analytics & Technology"
SUVEN,Suven Life Scie.,317.0,,8962.85,0.0,-45.6,-3.78,1.52,3.4,-76.92,"Healthcare Research, Analytics & Technology"
VIMTALABS,Vimta Labs,563.5,31.16,2518.11,0.35,21.04,11.38,109.07,11.8,25.23,"Healthcare Research, Analytics & Technology"
FABTECH,Fabtech Tech.,148.6,17.86,661.35,0.0,22.06,46.19,158.52,17.54,13.58,"Healthcare Research, Analytics & Technology"
TAKE,Take Solutions,20.77,71.71,305.49,0.0,4.36,1353.33,54.19,,18.51,"Healthcare Research, Analytics & Technology"
BI,Bilcare,61.51,26.31,145.21,0.0,7.85,301.31,187.66,-3.28,5.56,"Healthcare Research, Analytics & Technology"
LALPATHLAB,Dr Lal Pathlabs,1687.1,54.17,28271.36,0.83,132.2,-15.18,702.7,16.61,28.0,Healthcare Service Provider
VIJAYA,Vijaya Diagnost.,1318.8,78.51,13581.4,0.15,47.93,34.56,219.38,26.63,21.29,Healthcare Service Provider
METROPOLIS,Metropolis Healt,567.45,60.07,11799.21,0.35,50.96,74.43,424.68,22.99,17.77,Healthcare Service Provider
THYROCARE,Thyrocare Tech.,545.25,47.98,8671.5,1.71,51.33,34.06,240.02,24.34,35.38,Healthcare Service Provider
NEPHROPLUS,Nephrocare Health Services,677.9,90.9,6808.29,0.0,30.37,22.11,265.62,21.18,15.34,Healthcare Service Provider
KRSNAA,Krsnaa Diagnost.,536.4,17.01,1746.62,0.51,43.38,105.89,173.02,-0.93,12.7,Healthcare Service Provider
SURAKSHA,Suraksha Diagno.,259.65,41.94,1350.2,0.19,6.16,-15.02,81.41,25.07,16.97,Healthcare Service Provider
GAUDIUMIVF,Gaudium IVF,155.0,46.22,1131.85,0.0,8.36,29.41,30.35,12.74,29.27,Healthcare Service Provider
3BBLACKBIO,3B Blackbio,1275.7,18.72,1096.59,0.31,9.81,13.81,35.43,57.47,25.48,Healthcare Service Provider
HEALTHX,Health X Platform,316.05,515.1,988.99,0.0,-12.97,-176.95,373.78,30.77,-0.05,Healthcare Service Provider
CHANDAN,Chandan Healthca,228.0,19.07,557.5,0.0,6.92,23.59,75.58,20.64,23.27,Healthcare Service Provider
INVICTA,Invicta Diagnos.,67.0,17.16,84.24,0.0,0.79,,15.41,,20.28,Healthcare Service Provider
NIDAN,Nidan Laborator.,12.9,10.19,17.93,0.0,0.07,-86.36,12.42,-11.22,5.99,Healthcare Service Provider
ABB,A B B,7528.0,104.71,159497.0,0.52,1783.65,-25.23,3184.06,5.78,29.93,Heavy Electrical Equipment
POWERINDIA,Hitachi Energy,32065.0,139.11,142984.86,0.02,330.46,79.71,2754.05,46.21,29.02,Heavy Electrical Equipment
BHEL,B H E L,409.6,58.66,142676.71,0.34,376.71,182.7,7697.72,40.29,9.14,Heavy Electrical Equipment
CGPOWER,CG Power & Ind,883.8,115.06,139192.1,0.15,363.46,33.67,3441.76,25.03,26.71,Heavy Electrical Equipment
SIEMENS,Siemens,3686.3,46.81,131296.49,0.49,370.4,-9.59,4617.5,14.6,21.44,Heavy Electrical Equipment
ENRIN,Siemens Ener.Ind,3326.8,87.93,118562.03,0.12,374.6,52.21,2394.1,27.38,67.75,Heavy Electrical Equipment
GVT&D,GE Vernova T&D,4328.5,86.64,110838.66,0.23,351.77,86.32,1637.08,42.04,76.43,Heavy Electrical Equipment
SUZLON,Suzlon Energy,52.39,22.59,71453.19,0.0,1114.35,-5.74,5493.25,44.94,35.07,Heavy Electrical Equipment
THERMAX,Thermax,4578.0,98.47,54483.94,0.31,244.4,17.86,3428.04,12.53,13.94,Heavy Electrical Equipment
SCHNEIDER,Schneider Elect.,1341.4,143.97,32086.02,0.0,21.97,-71.64,589.69,0.48,29.63,Heavy Electrical Equipment
TRITURBINE,Triveni Turbine,609.55,53.59,19361.52,0.66,101.9,8.52,679.6,26.32,35.86,Heavy Electrical Equipment
TDPOWERSYS,TD Power Systems,1139.4,74.48,17787.64,0.18,72.19,36.16,589.19,69.21,34.02,Heavy Electrical Equipment
AZAD,Azad Engineering,2347.8,114.09,15159.89,0.0,36.81,42.42,161.54,27.27,11.92,Heavy Electrical Equipment
INOXWIND,Inox Wind,76.21,32.5,13164.03,0.0,105.68,-51.16,1244.24,-2.4,10.48,Heavy Electrical Equipment
ATLANTAELE,Atlanta Electric,1540.6,54.48,11892.0,0.0,46.84,50.42,466.33,47.99,45.26,Heavy Electrical Equipment
ELECON,Elecon Engg.Co,433.0,32.16,9723.19,0.46,70.35,-34.57,520.56,6.11,20.86,Heavy Electrical Equipment
VOLTAMP,Volt.Transform.,9304.0,32.12,9415.32,1.07,47.9,-50.53,617.23,-1.21,23.5,Heavy Electrical Equipment
TARIL,T R I L,293.7,33.95,8777.29,0.07,64.29,-8.66,572.34,8.13,23.3,Heavy Electrical Equipment
QPOWER,Quality Power El,1100.9,70.05,8500.29,0.09,50.55,72.95,280.81,159.24,31.53,Heavy Electrical Equipment
POWERICA,Powerica Ltd,552.85,26.12,6981.93,0.0,45.11,15.89,801.15,10.93,15.69,Heavy Electrical Equipment
TRANSRAILL,Transrail Light,480.95,15.53,6460.4,0.17,96.5,-23.76,1863.46,-4.24,29.18,Heavy Electrical Equipment
SKIPPER,Skipper,528.95,27.74,5973.25,0.02,75.61,70.33,1666.58,29.42,23.32,Heavy Electrical Equipment
GVPIL,GE Power,776.95,18.67,5217.41,0.9,113.21,418.1,316.4,18.78,81.99,Heavy Electrical Equipment
INDOTECH,Indo Tech.Trans.,3297.9,37.61,3489.39,0.0,23.92,14.01,238.99,15.98,37.71,Heavy Electrical Equipment
BBL,Bharat Bijlee,2509.0,23.58,2833.29,1.39,39.3,-21.88,767.09,23.9,8.37,Heavy Electrical Equipment
EXICOM,Exicom Tele-Sys.,161.48,,2258.4,0.0,-54.31,13.57,387.95,46.1,-14.66,Heavy Electrical Equipment
BAJEL,Bajel Projects,179.18,71.22,2065.45,0.33,14.14,193.36,1007.77,25.75,10.96,Heavy Electrical Equipment
MARSONS,Marsons,113.27,42.1,1949.2,0.04,22.58,149.89,92.26,65.34,25.39,Heavy Electrical Equipment
DANISH,Danish Power,832.75,23.42,1639.82,0.0,41.17,9.23,309.84,18.61,23.75,Heavy Electrical Equipment
WAAREEINDO,Indosolar,371.2,9.22,1534.12,0.0,36.62,-68.64,68.36,-64.89,123.8,Heavy Electrical Equipment
JYOTISTRUC,Jyoti Structures,10.85,23.09,1293.92,0.0,18.14,52.05,234.36,42.25,2.24,Heavy Electrical Equipment
SOLEX,Solex Energy,933.2,11.38,1008.09,0.06,54.8,363.47,839.48,232.34,34.04,Heavy Electrical Equipment
NEUEON,Neueon Corporation,16.44,,929.59,0.0,-206.39,-349.25,6.17,15.33,-40.43,Heavy Electrical Equipment
SWELECTES,Swelect Energy,604.15,19.28,915.81,0.58,11.09,16.19,202.42,-7.49,8.0,Heavy Electrical Equipment
APS,Australian Prem,278.95,9.95,562.36,0.04,28.39,8.94,388.18,43.96,55.94,Heavy Electrical Equipment
AVANA,Avana Electrosystems,154.25,29.8,349.31,0.0,6.12,,48.11,,38.13,Heavy Electrical Equipment
AARTECH,Aartech Solonics,47.93,42.52,148.83,0.26,0.73,116.0,17.46,72.36,15.86,Heavy Electrical Equipment
SURANASOL,Surana Solar,26.14,104.04,129.01,0.0,0.2,128.17,13.61,440.08,3.15,Heavy Electrical Equipment
VIJAYPD,Vijaypd Ceutical,63.0,24.27,123.03,0.0,2.64,50.57,47.62,-4.59,11.59,Heavy Electrical Equipment
TROM,Trom Industries,58.0,7.71,53.33,0.0,2.54,429.17,83.27,76.87,16.19,Heavy Electrical Equipment
TARAPUR,Tarapur Trans,18.02,,35.22,0.0,-1.26,94.74,0.0,,5.72,Heavy Electrical Equipment
BAJAJFINSV,Bajaj Finserv,1889.4,30.4,302238.79,0.08,5226.26,5.05,38493.79,5.19,10.58,Holding Company
BAJAJHLDNG,Bajaj Holdings,10636.0,14.64,118369.75,1.36,2576.96,49.23,60.54,-58.32,11.0,Holding Company
CHOICEIN,Choice Intl.,805.25,82.36,17925.78,0.0,67.84,16.7,306.71,21.23,17.96,Holding Company
JMFINANCIL,JM Financial,122.19,9.61,11696.85,2.66,161.92,-21.08,949.12,-5.46,11.63,Holding Company
EDELWEISS,Edelweiss.Fin.,116.09,17.95,10979.88,1.29,131.96,-16.84,1918.1,-15.88,14.1,Holding Company
KAMAHOLD,Kama Holdings,2519.5,8.35,8061.56,1.65,584.02,12.69,4657.56,7.07,14.0,Holding Company
RANEHOLDIN,Rane Holdings,1723.2,31.17,2466.35,2.73,87.54,787.2,1608.65,17.11,9.52,Holding Company
BFINVEST,BF Investment,451.1,6.03,1700.7,2.22,114.24,3530.63,37.44,41.44,4.86,Holding Company
BLIL,Balmer Law. Inv.,70.17,8.72,1555.81,6.13,84.68,12.17,746.32,22.15,16.91,Holding Company
AFSL,Abans Financial,201.06,10.64,1024.58,0.0,-3.69,-113.65,8708.28,719.09,7.92,Holding Company
MAXIND,Max India Ltd,165.65,,869.41,0.0,-19.29,58.25,65.63,58.07,-23.21,Holding Company
GFLLIMITED,GFL,44.92,10.81,486.45,0.0,25.56,239.75,0.89,5.95,2.07,Holding Company
TAMBOLIIN,Tamboli Industri,216.0,20.28,207.86,0.46,4.1,63.35,22.75,14.9,11.82,Holding Company
BILVYAPAR,BIL Vyapar,4.0,,12.73,0.0,1.41,452.5,0.0,,,Holding Company
APOLLOHOSP,Apollo Hospitals,8862.0,65.15,127420.54,0.23,551.3,35.86,6605.5,18.12,17.89,Hospital
MAXHEALTH,Max Healthcare,1084.2,71.09,105455.68,0.18,342.22,7.28,2142.89,12.21,14.71,Hospital
FORTIS,Fortis Health.,943.65,67.44,71264.13,0.11,271.19,22.42,2364.67,17.81,13.45,Hospital
ASTERDM,Aster DM Health.,784.3,167.53,68378.1,0.64,153.58,41.97,1182.38,18.2,11.4,Hospital
NH,Narayana Hrudaya,1982.5,47.57,40518.65,0.23,223.99,12.47,2593.81,75.8,15.36,Hospital
MEDANTA,Global Health,1378.2,66.48,37046.33,0.04,141.65,4.71,1159.05,24.46,17.14,Hospital
KIMS,Krishna Institu.,781.55,132.4,32838.17,0.0,33.1,-50.66,1074.6,34.85,9.29,Hospital
AGARWALEYE,Dr Agarwal's Hea,478.1,114.5,15168.08,0.0,49.96,14.88,564.11,22.57,11.12,Hospital
RAINBOW,Rainbow Child.,1466.1,60.08,14887.18,0.24,78.22,38.63,459.9,24.26,17.35,Hospital
PARKHOSPS,Park Medi World,283.8,47.47,12253.84,0.0,76.77,58.03,460.41,30.09,19.34,Hospital
JLHL,Jupiter Life Lin,1574.5,54.45,10312.8,0.06,50.26,8.66,387.84,15.2,14.8,Hospital
HCG,Health.Global,669.9,347.83,10001.01,0.0,4.04,162.36,652.33,11.48,8.31,Hospital
YATHARTH,Yatharth Hospit.,841.6,46.22,8105.38,0.0,44.7,22.73,341.56,47.36,12.37,Hospital
KOVAI,Kovai Medical,5750.5,25.74,6291.71,0.26,63.35,15.81,413.62,15.87,22.19,Hospital
ARTEMISMED,Artemis Medicare,271.85,40.67,4300.41,0.17,29.55,27.37,273.79,16.61,14.53,Hospital
INDRAMEDCO,Indrapr.Medical,366.9,18.32,3363.48,1.23,41.7,1.68,364.81,9.31,35.83,Hospital
DRAGARWQ,Dr Agarwal's Eye,5016.5,34.75,2435.76,0.12,16.24,1.56,120.01,20.21,17.36,Hospital
SHALBY,Shalby,162.6,47.12,1761.84,0.0,18.46,266.24,287.45,8.52,6.48,Hospital
GPTHEALTH,GPT Healthcare,156.75,29.9,1288.2,1.59,14.57,13.03,126.37,24.63,19.94,Hospital
UNIHEALTH,Unihealth Hosp,795.9,49.36,1265.47,0.0,17.09,18.98,65.32,17.06,24.48,Hospital
GKSL,Gujarat Kidney,127.3,64.73,1003.28,0.0,4.82,293.75,30.58,212.68,14.48,Hospital
LOTUSEYE,Lotus Eye Hospit,118.36,3048.07,243.85,0.0,-0.32,-224.0,13.61,18.25,1.16,Hospital
NEPHROCARE,Nephro Care,63.7,31.16,105.02,0.0,1.0,,26.75,,8.7,Hospital
MAITREYA,Maitreya Medica.,138.0,,93.51,0.0,-2.43,-1720.0,21.15,-5.16,-2.18,Hospital
SANGANI,Sangani Hospital,42.7,19.68,58.83,0.0,2.51,123.6,86.49,673.61,17.37,Hospital
AATMAJ,Aatmaj Health,17.75,56.51,40.12,0.0,0.2,-39.39,13.51,22.48,3.56,Hospital
INDHOTEL,Indian Hotels Co,724.05,53.0,102999.66,0.45,390.81,20.76,2339.19,14.61,17.06,Hotels & Resorts
ITCHOTELS,ITC Hotels,161.93,36.58,33715.23,0.62,181.91,35.42,936.02,14.77,11.23,Hotels & Resorts
EIHOTEL,EIH,321.35,28.1,20090.02,0.47,249.1,-11.57,895.22,8.19,20.67,Hotels & Resorts
CHALET,Chalet Hotels,819.95,27.65,17861.95,0.12,163.01,31.64,558.22,6.94,17.07,Hotels & Resorts
THELEELA,Leela Palaces Hotels,475.95,39.03,15941.8,0.0,171.72,46.17,484.42,14.06,8.72,Hotels & Resorts
VENTIVE,Ventive Hospital,615.3,33.35,14353.49,0.0,259.23,82.23,778.79,11.58,10.81,Hotels & Resorts
LEMONTREE,Lemon Tree Hotel,110.04,35.12,8714.68,0.0,116.45,9.57,416.4,10.01,13.95,Hotels & Resorts
ITDC,I T D C,747.6,77.01,6403.16,0.39,28.27,12.03,142.01,-28.97,29.89,Hotels & Resorts
MHRIL,Mahindra Holiday,218.07,94.15,4405.2,0.0,-8.55,-210.04,732.81,4.48,8.12,Hotels & Resorts
JUNIPER,Juniper Hotels,194.86,24.94,4329.16,0.0,50.38,23.71,301.48,8.62,8.05,Hotels & Resorts
SAMHI,Samhi Hotels,169.87,9.18,3784.27,0.0,399.4,408.35,344.86,8.17,8.92,Hotels & Resorts
PARKHOTELS,Apeejay Surrend.,123.36,39.46,2636.95,0.41,11.88,-54.63,183.7,3.6,9.43,Hotels & Resorts
BRIGHOTEL,Brigade Hotel,61.41,39.77,2327.62,0.0,25.11,102.47,136.39,1.7,12.85,Hotels & Resorts
ORIENTHOT,Oriental Hotels,127.41,33.88,2275.36,0.51,5.3,-20.06,111.48,3.56,12.12,Hotels & Resorts
TAJGVK,TajGVK Hotels,362.6,14.72,2268.8,0.55,319.75,36.09,158.52,27.06,13.25,Hotels & Resorts
EIHAHOTELS,EIH Assoc.Hotels,308.75,20.95,1886.47,1.13,37.63,-18.69,127.19,-9.09,21.16,Hotels & Resorts
ASIANHOTNR,Asian Hotels (N),291.0,455.65,1234.82,0.0,31.31,564.07,102.91,12.46,3.45,Hotels & Resorts
MCCHRLS-B,Mac Charles(I),707.0,,933.98,0.0,-15.34,57.98,32.02,1567.71,4.96,Hotels & Resorts
VHLTD,Viceroy Hotels,131.3,48.38,886.23,0.0,6.0,-39.76,48.37,36.91,7.12,Hotels & Resorts
ROHLTD,Royal Orch.Hotel,312.35,27.7,857.44,0.8,8.21,-47.15,113.17,30.47,10.84,Hotels & Resorts
ADVENTHTL,Advent Hotels,144.32,16.08,780.72,0.0,3.67,-62.31,115.41,6.8,6.78,Hotels & Resorts
PRAVEG,Praveg,295.48,,771.44,0.34,-4.93,-242.36,73.6,26.77,1.72,Hotels & Resorts
AHLWEST,Asian Hotels (W),573.5,8.19,668.2,0.0,10.83,2253.96,121.5,5.86,19.66,Hotels & Resorts
SAYAJIHOTL,Sayaji Hotels,285.0,,499.26,0.0,6.06,68.46,37.65,-5.04,-0.02,Hotels & Resorts
KAMATHOTEL,Kamat Hotels,169.64,11.68,499.21,0.0,17.46,41.69,110.12,19.2,15.83,Hotels & Resorts
ADVANIHOTR,Advani Hotels.,51.33,19.35,474.94,3.7,11.71,3.4,35.51,5.97,10.86,Hotels & Resorts
HLVLTD,HLV,7.15,92.25,471.37,0.0,8.6,-29.74,63.45,7.07,1.62,Hotels & Resorts
SINCLAIR,Sinclairs Hotels,73.93,41.77,378.0,1.08,-0.86,-122.75,16.76,16.63,10.16,Hotels & Resorts
APOLSINHOT,Apollo Sindoori,1180.3,26.12,306.92,0.21,2.71,-7.41,182.35,32.08,10.93,Hotels & Resorts
RHL,Robust Hotels,168.81,11.89,293.69,0.0,7.75,-24.61,40.29,1.69,5.62,Hotels & Resorts
GCHOTELS,Grand Continent,113.1,22.71,281.84,0.0,10.09,129.02,84.83,108.02,11.92,Hotels & Resorts
SUBAHOTELS,Suba Hotels,107.4,14.46,260.37,0.0,12.77,7.95,70.56,41.6,16.9,Hotels & Resorts
AHLEAST,Asian Hotels (E),150.05,,259.46,0.67,7.5,-25.45,34.33,-1.83,5.58,Hotels & Resorts
CCHHL,Country Club Hos,12.73,26.15,207.11,0.0,-16.84,-4.19,18.33,42.87,2.51,Hotels & Resorts
GRAVISSHO,Graviss Hospital,29.0,,204.16,0.0,-0.14,34.78,20.04,3.09,1.11,Hotels & Resorts
BYKE,The Byke Hospi.,32.16,24.78,166.05,0.0,1.68,118.18,27.81,3.92,5.72,Hotels & Resorts
SAJHOTELS,Saj Hotels,38.1,21.26,61.44,0.0,0.85,7.78,4.65,-1.48,5.02,Hotels & Resorts
BLUECOAST,Blu.Coast Hotel.,25.72,,55.99,0.0,-0.14,95.35,1.23,,,Hotels & Resorts
KAUSHALYA,Kaushalya Infra.,889.5,92.36,30.48,0.0,-0.37,-152.86,0.07,75.0,0.58,Hotels & Resorts
TGBHOTELS,TGB Banquets,8.91,18.31,26.18,0.0,0.38,-58.24,10.43,-10.01,3.14,Hotels & Resorts
HAVISHA,Sri Havisha,1.23,,18.57,0.0,-1.06,44.21,3.3,-3.51,-1.34,Hotels & Resorts
DIL,Debock Industrie,0.8,,13.02,0.0,-0.19,5.0,0.0,-100.0,-0.77,Hotels & Resorts
UNIVAFOODS,Univa Foods,8.26,,11.83,0.0,0.13,244.44,0.15,,-236.36,Hotels & Resorts
LGEINDIA,LG Electronics,1528.6,61.48,103591.2,0.0,692.73,-8.19,8053.55,8.12,32.23,Household Appliances
VOLTAS,Voltas,1310.2,110.29,43324.36,0.31,113.43,-51.8,4887.83,2.52,9.04,Household Appliances
BLUESTARCO,Blue Star,1633.9,60.13,33604.51,0.52,227.18,10.41,4072.06,1.32,21.24,Household Appliances
AMBER,Amber Enterp.,7430.0,132.5,26235.69,0.0,161.96,-19.47,4147.52,10.49,10.25,Household Appliances
CROMPTON,Crompton Gr. Con,252.45,46.41,16255.63,1.19,-536.81,-31.74,2083.3,10.9,18.98,Household Appliances
VGUARD,V-Guard Industri,294.4,39.93,12846.83,0.51,112.13,23.04,1755.27,14.12,18.38,Household Appliances
WHIRLPOOL,Whirlpool India,770.75,31.12,9779.29,0.65,80.5,-29.67,2180.77,8.78,11.07,Household Appliances
TTKPRESTIG,TTK Prestige,645.75,51.1,8841.91,1.16,36.08,212.18,729.17,12.26,12.1,Household Appliances
EUREKAFORB,Eureka Forbes,433.65,44.12,8381.98,0.0,51.09,3.84,683.83,11.64,5.86,Household Appliances
IFBIND,IFB Industries,1302.6,36.48,5268.76,0.0,42.67,128.46,1498.2,12.33,19.51,Household Appliances
SYMPHONY,Symphony,679.75,241.52,4673.33,1.32,-218.0,-198.73,338.0,-30.74,20.58,Household Appliances
BAJAJELEC,Bajaj Electrical,326.2,,3761.83,0.92,-67.53,-268.45,1239.52,-2.05,2.89,Household Appliances
ORIENTELEC,Orient Electric,174.33,31.2,3721.35,0.86,31.49,95.61,949.76,23.49,19.87,Household Appliances
BOSCH-HCIL,Bosch Home Comfort,1311.2,273.74,3564.07,2.75,40.87,-30.75,965.35,3.52,4.64,Household Appliances
CARYSIL,Carysil,1116.5,32.05,3174.1,0.21,27.38,45.86,233.72,14.47,17.77,Household Appliances
STOVEKRAFT,Stove Kraft,745.6,58.86,2471.4,0.4,6.05,317.24,414.52,32.44,11.3,Household Appliances
EPACK,Epack Durable,231.0,679.87,2216.36,0.0,0.02,-99.95,591.05,-8.12,4.55,Household Appliances
BUTTERFLY,Butterfly Gan Ap,756.7,32.47,1357.44,0.0,11.44,26.69,218.17,16.56,16.81,Household Appliances
WEL,Wonder Electric.,101.45,148.87,1356.17,0.3,7.18,-38.26,252.22,-19.17,9.87,Household Appliances
ELIN,Elin Electronics,100.49,21.44,499.28,0.0,-0.76,-104.41,324.19,2.67,6.85,Household Appliances
SINGERIND,Singer India,66.89,31.09,415.1,0.6,5.9,42.72,166.32,36.7,10.93,Household Appliances
GREENCHEF,Greenchef Appli.,47.0,,109.38,0.0,-4.24,-471.93,207.45,2.65,-1.94,Household Appliances
ASPIRE,Aspire & Innovat,14.15,8.39,21.48,0.0,1.66,-4.05,116.24,73.83,6.91,Household Appliances
JYOTHYLAB,Jyothy Labs,198.53,22.61,7287.04,1.76,67.52,-15.23,717.41,7.73,28.66,Household Products
EVEREADY,Eveready Inds.,352.35,25.61,2562.9,0.71,141.76,790.21,327.23,9.43,17.23,Household Products
NIPPOBATRY,Indo National,326.5,,243.62,1.53,-21.0,-26237.5,107.12,10.31,-5.47,Household Products
AMBICAAGAR,Ambica Agarbat.,24.66,12.28,42.36,0.0,0.82,142.27,22.27,-28.28,8.15,Household Products
CELLO,Cello World,340.25,22.27,7508.09,0.44,90.12,2.19,653.59,11.0,17.41,Houseware
HAWKINCOOK,Hawkins Cookers,8451.5,33.99,4459.74,1.66,39.78,15.77,365.43,19.16,40.89,Houseware
BOROLTD,Borosil,233.45,36.0,2795.31,0.0,10.59,-4.94,284.12,5.16,11.52,Houseware
ALLTIME,All Time Plastic,223.86,37.68,1463.17,0.0,9.4,-2.89,145.75,-1.69,11.57,Houseware
CLAYCRAFT,Clay Craft India,164.15,12.56,337.66,0.0,,,,,19.96,Houseware
BAJAJHFL,Bajaj Housing,84.81,27.5,70707.9,0.0,669.19,14.06,2902.61,15.92,8.85,Housing Finance Company
PIRAMALFIN,Piramal Finance.,2106.1,106.38,47753.94,0.52,460.98,66.8,3368.27,27.62,6.47,Housing Finance Company
LICHSGFIN,LIC Housing Fin.,533.7,5.24,29373.22,1.87,1492.63,8.68,7211.92,-1.25,8.59,Housing Finance Company
PNBHOUSING,PNB Housing,1066.8,12.13,27799.74,0.75,655.8,19.15,2181.53,7.9,9.4,Housing Finance Company
AADHARHFC,Aadhar Hsg. Fin.,500.8,19.78,21931.93,0.0,310.92,26.99,984.56,18.25,11.38,Housing Finance Company
SAMMAANCAP,Sammaan Capital,157.94,,18338.69,0.0,-8101.41,-594.46,1357.66,-35.58,4.92,Housing Finance Company
APTUS,Aptus Value Hou.,284.7,15.12,14259.99,1.58,260.95,26.04,574.34,18.66,15.41,Housing Finance Company
HOMEFIRST,Home First Finan,1202.3,23.26,12570.66,0.43,149.45,42.75,501.41,20.92,11.13,Housing Finance Company
AAVAS,AAVAS Financiers,1385.9,16.03,11008.32,0.0,171.27,23.01,708.72,12.93,9.92,Housing Finance Company
CANFINHOME,Can Fin Homes,818.55,9.65,10902.03,1.83,267.82,19.63,1096.15,7.43,9.14,Housing Finance Company
INDIASHLTR,INDIA SHELTE FIN,746.5,16.14,8125.99,1.34,137.59,27.24,408.23,24.73,12.84,Housing Finance Company
REPCOHOME,Repco Home Fin,390.55,5.14,2444.27,1.15,135.18,12.04,453.52,6.42,10.17,Housing Finance Company
GICHSGFIN,GIC Housing Fin,147.19,5.13,792.88,3.06,53.58,23.6,272.7,0.38,7.71,Housing Finance Company
SRGHFL,SRG Housing,305.65,14.79,480.57,0.0,9.25,49.43,57.23,33.87,11.77,Housing Finance Company
RHFL,Reliance Home,1.99,,96.04,0.0,-0.69,89.78,0.0,-100.0,-432.21,Housing Finance Company
LINDEINDIA,Linde India,6709.5,104.0,57216.52,0.06,85.2,-27.74,614.33,3.79,18.23,Industrial Gases
ELLEN,Ellen.Indl.Gas,277.9,37.65,3930.25,0.0,22.88,25.37,87.43,6.01,15.23,Industrial Gases
STALLION,Stallion India,253.22,67.02,2938.12,0.0,10.93,-17.63,109.99,-27.43,11.76,Industrial Gases
LLOYDSME,Lloyds Metals,1930.6,29.23,108724.19,0.05,1530.1,603.14,6019.72,404.46,27.29,Industrial Minerals
NMDC,NMDC,82.64,9.75,72646.87,3.99,2027.17,37.19,11343.13,61.94,27.58,Industrial Minerals
GMDCLTD,G M D C,562.95,31.8,17881.06,1.79,194.09,-24.66,814.05,3.53,10.8,Industrial Minerals
GRAVITA,Gravita India,1755.7,34.19,12952.78,0.36,91.81,-3.42,1172.76,13.08,17.02,Industrial Minerals
ASHAPURMIN,Ashapura Minech.,686.95,16.15,6548.62,0.15,120.64,28.03,1968.63,254.55,20.72,Industrial Minerals
MOIL,MOIL,265.5,20.2,5403.53,2.12,92.61,-19.92,444.49,2.56,12.64,Industrial Minerals
ORISSAMINE,Orissa Minerals,3648.5,,2192.26,0.0,4.34,157.94,20.61,-0.05,-38.52,Industrial Minerals
20MICRONS,20 Microns,209.81,11.15,740.34,0.6,17.59,14.99,261.06,14.8,17.31,Industrial Minerals
PCCL,Petro Carbon,255.0,24.8,629.85,0.0,22.47,1788.24,316.25,164.6,14.21,Industrial Minerals
NILE,NILE,1798.0,9.03,539.37,0.28,14.19,28.3,225.6,18.75,26.82,Industrial Minerals
GOACARBON,Goa Carbon,380.0,,350.92,0.0,-6.58,17.23,65.7,-67.03,-4.48,Industrial Minerals
CPPLUS,Aditya Infotech,3612.6,115.7,42544.42,0.05,169.13,207.73,1422.03,45.49,28.56,Industrial Products
HONAUT,Honeywell Auto,37905.0,62.62,33505.56,0.29,159.7,14.61,1180.7,5.94,16.95,Industrial Products
SYRMA,Syrma SGS Tech.,1380.0,83.13,26685.96,0.11,119.23,55.84,1465.01,58.49,16.73,Industrial Products
KAYNES,Kaynes Tech,3240.3,59.37,21714.9,0.0,91.22,-21.47,1242.64,26.22,13.24,Industrial Products
JYOTICNC,Jyoti CNC Auto.,788.2,53.36,17927.76,0.0,90.57,-16.89,599.16,4.08,21.32,Industrial Products
LMW,LMW,15934.0,149.27,17045.65,0.22,63.69,33.86,933.16,16.12,5.58,Industrial Products
LLOYDSENGG,Lloyds Engineeri,87.36,67.2,12760.75,0.29,46.49,156.6,495.02,113.41,17.08,Industrial Products
TEGA,Tega Inds.,1555.8,81.7,11654.17,0.13,42.67,-58.13,526.78,-1.74,8.09,Industrial Products
OMNI,Omnitech Engg.,591.7,92.15,7319.21,0.0,29.34,43.19,148.72,38.46,17.56,Industrial Products
DYNAMATECH,Dynamatic Tech.,10181.0,137.65,6885.24,0.1,12.56,10.88,433.16,13.79,9.98,Industrial Products
KENNAMET,Kennametal India,2773.8,43.98,6091.45,1.44,51.4,110.66,403.1,39.19,17.55,Industrial Products
PRAJIND,Praj Industries,322.5,297.88,5925.25,1.12,11.62,-74.38,844.56,-1.76,6.12,Industrial Products
SETL,Standard Engineering Technology,286.95,71.54,5726.41,0.0,21.08,31.13,226.68,36.28,14.68,Industrial Products
HIRECT,Hind Rectifiers,1285.0,98.13,4557.32,0.11,-1.59,-129.43,279.82,51.21,18.81,Industrial Products
DEEDEV,DEE Development,647.85,57.36,4526.58,0.0,27.68,-16.38,361.57,26.26,10.92,Industrial Products
COCKERILL,John Cockerill,8930.0,,4407.49,0.08,7.36,331.62,344.52,55.96,,Industrial Products
WPIL,WPIL,442.55,27.31,4316.25,0.45,46.53,3032.35,511.24,-10.6,14.58,Industrial Products
ANUP,The Anup Enginee,2107.0,37.8,4215.88,0.81,26.54,-15.85,207.86,-6.24,20.68,Industrial Products
RAYMOND,Raymond,605.6,0.73,4035.03,0.0,11.93,-89.28,602.91,8.15,3.14,Industrial Products
SPECTRUM,Spectrum Electr.,2331.0,82.5,3664.53,0.0,26.46,95.51,282.95,67.88,16.76,Industrial Products
GMMPFAUDLR,GMM Pfaudler,796.5,48.17,3589.82,0.25,15.34,17.24,943.55,16.98,13.64,Industrial Products
MARINE,Marine Electric.,247.85,58.5,3468.52,0.12,18.57,45.55,277.48,10.66,18.22,Industrial Products
PITTIENG,Pitti Engg.,913.65,29.25,3445.97,0.16,26.61,-26.37,501.09,6.89,14.83,Industrial Products
JASH,Jash Engineering,510.55,42.31,3223.17,0.39,56.65,56.91,290.54,-3.28,17.69,Industrial Products
SHANTIGEAR,Shanthi Gears,415.25,39.85,3190.65,1.2,16.27,-17.1,135.1,-11.82,25.55,Industrial Products
WINDMACHIN,Windsor Machines,291.35,2485.31,3007.23,0.0,7.24,212.7,184.64,52.82,2.11,Industrial Products
HLEGLAS,HLE Glascoat,412.35,53.58,2867.05,0.27,20.15,-9.28,391.69,17.37,11.79,Industrial Products
AIMTRON,Aimtron,1307.75,58.63,2695.17,0.0,25.69,77.79,178.58,75.94,27.65,Industrial Products
JNKINDIA,JNK,461.5,39.73,2580.37,0.07,33.04,146.6,338.44,77.25,17.35,Industrial Products
KLBRENG-B,Kilburn Engg.,437.8,25.5,2453.08,0.46,24.86,21.8,189.18,49.03,23.18,Industrial Products
EPACKPEB,EPack PrefabTech,243.08,26.38,2444.01,0.0,30.29,51.3,470.8,42.41,21.71,Industrial Products
PENIND,Pennar Industrie,163.06,15.92,2210.47,0.0,41.04,15.38,924.8,2.1,15.33,Industrial Products
HPL,HPL Electric,337.15,22.75,2161.58,0.3,30.9,-16.91,519.7,5.51,13.46,Industrial Products
HONDAPOWER,Honda India,2095.5,29.89,2144.33,6.04,26.92,-29.45,264.53,-1.54,11.49,Industrial Products
HMT,HMT,60.07,,2103.88,0.0,-27.24,-9.31,20.83,-28.64,,Industrial Products
THEJO,Thejo Engg.,1875.4,39.71,2034.34,0.27,16.59,4.07,181.17,18.26,19.4,Industrial Products
DISAQ,Disa India,12099.0,30.92,1738.38,1.65,13.18,-15.84,90.81,-16.17,26.63,Industrial Products
WALCHANNAG,Walchan. Inds.,237.7,,1608.04,0.0,2.94,104.03,93.02,75.24,4.17,Industrial Products
VINYAS,Vinyas Innovativ,1270.9,51.81,1599.39,0.0,21.53,73.49,302.39,22.36,18.7,Industrial Products
GALAPREC,Gala Precis. Eng,1158.2,40.77,1482.91,0.0,12.23,21.39,94.56,25.56,15.6,Industrial Products
MACPOWER,Macpower CNC,1353.2,39.97,1353.77,0.11,10.15,10.93,100.29,25.35,29.11,Industrial Products
ICEMAKE,ICE Make Refrig.,853.95,123.74,1347.51,0.26,9.72,-15.62,253.59,41.98,10.77,Industrial Products
KABRAEXTRU,Kabra Extrusion,351.05,,1225.02,0.71,6.9,76.81,120.15,-13.9,0.06,Industrial Products
EKC,Everest Kanto,108.89,8.32,1223.36,0.64,45.7,149.61,358.2,-15.14,11.56,Industrial Products
ETL,Emkay Tools,1000.0,18.17,1067.13,0.25,34.36,39.96,82.48,31.74,70.68,Industrial Products
EIMCOELECO,Eimco Elecon(I),1792.2,26.14,1035.33,0.22,15.38,6.22,77.52,14.73,10.29,Industrial Products
SALASAR,Salasar Techno,5.9,59.89,1031.29,0.0,-13.67,-40.02,444.65,-8.0,8.13,Industrial Products
RAJOOENG,Rajoo Engineers,55.08,20.35,986.95,0.27,17.35,3.4,123.07,44.67,24.7,Industrial Products
MAMATA,Mamata Machinery,397.15,57.19,981.99,0.13,0.01,-92.48,73.75,-33.58,12.6,Industrial Products
PRIZOR,Prizor Viztech,860.0,44.72,928.47,0.0,14.84,152.81,105.93,164.43,37.7,Industrial Products
BAJAJST,Bajaj Steel Inds,388.2,21.88,807.45,0.26,2.32,-87.15,116.76,-23.93,11.73,Industrial Products
BAJAJINDEF,Indef Manufactur,234.2,31.14,748.8,0.85,6.82,-33.66,68.04,28.43,9.45,Industrial Products
LOKESHMACH,Lokesh Mach.,339.75,191.3,738.4,0.0,2.15,1553.85,59.36,53.42,6.37,Industrial Products
KANORICHEM,Kanoria Chem.,160.12,17.32,692.01,0.0,31.62,388.83,304.39,-29.44,5.95,Industrial Products
INTLCONV,Intl. Conveyors,73.68,6.85,468.29,1.02,3.99,-69.38,97.03,77.71,20.6,Industrial Products
UNIDT,United Drilling,223.83,24.14,452.92,0.8,4.67,19.74,44.25,42.24,10.45,Industrial Products
GUJAPOLLO,Guj Apollo Inds,345.35,75.16,447.2,0.58,1.83,120.89,12.84,-24.25,1.82,Industrial Products
MAZDA,Mazda,219.87,15.76,433.68,1.64,6.29,13.13,64.19,19.94,15.59,Industrial Products
PATILAUTOM,Patil Automation,189.95,23.31,414.48,0.0,11.54,,95.31,,,Industrial Products
BATLIBOI,Batliboi,87.17,580.22,411.96,0.69,4.71,-7.89,125.63,5.54,1.79,Industrial Products
HERCULES,Hercules Investments,116.95,48.48,374.24,2.14,-0.08,,0.29,81.25,1.05,Industrial Products
ICELCO,IC Electricals,172.05,22.47,314.19,0.0,,,,,21.98,Industrial Products
TAURIAN,Taurian MPS,347.1,19.02,308.33,0.0,12.54,122.74,67.06,54.8,29.74,Industrial Products
MAHEPC,Mahindra EPC,104.69,26.66,294.85,0.0,-2.14,-318.37,54.16,-12.7,10.33,Industrial Products
ADISOFT,Adisoft Technol.,180.0,12.81,293.72,0.0,17.59,84.0,117.46,46.4,38.0,Industrial Products
TRF,TRF,232.52,48.75,255.44,0.0,1.88,-46.44,26.03,11.14,9.42,Industrial Products
AARON,Aaron Industries,112.71,34.72,236.09,0.53,2.32,-15.64,27.33,13.36,18.53,Industrial Products
BIRLAPREC,Birla Precision,34.64,20.2,234.72,0.14,2.64,-21.89,63.91,21.73,9.56,Industrial Products
AFFORDABLE,Affordable Robo.,185.48,31.35,218.52,0.0,4.78,107.83,50.93,-39.67,8.8,Industrial Products
KATARIA,Kataria Indust.,98.7,17.53,212.52,0.0,7.75,37.66,160.89,-23.14,12.92,Industrial Products
RVTH,Revathi Equip,690.8,15.61,211.86,0.0,14.1,53.1,64.14,-0.56,14.37,Industrial Products
GLOBALPET,Global Pet Indus,160.0,35.58,188.59,0.0,5.35,42.67,33.29,22.93,13.71,Industrial Products
CROWN,Crown Lifters,121.01,15.53,140.25,0.0,2.94,4.63,13.02,29.29,13.41,Industrial Products
EMMIL,Energy-Mission,121.0,11.49,137.05,0.0,5.51,-11.27,85.0,8.56,16.32,Industrial Products
SOMICONVEY,Somi Conv.Belt.,98.43,23.07,116.05,0.0,0.59,-34.44,17.29,-28.82,9.46,Industrial Products
EMKAYTOOLS,Emkay Taps & Cut,94.5,12.43,100.85,0.0,5.78,170.15,0.46,-98.88,3.48,Industrial Products
DUCON,Ducon Tech,3.0,8.85,97.15,0.0,1.85,-48.75,100.86,-15.49,9.33,Industrial Products
BEWLTD,BEW Engg,58.7,20.3,76.74,0.0,-2.44,-139.8,98.44,18.23,4.43,Industrial Products
ATAM,Atam Valves,66.12,30.96,74.93,1.29,0.86,-59.62,13.1,-10.94,8.53,Industrial Products
SONAMAC,Sona Machinery,34.2,,46.93,0.0,-4.37,-470.34,41.11,-25.38,-5.9,Industrial Products
AURIGROW,Auri Grow India,0.28,,41.33,0.0,-1.3,-140.12,0.0,-100.0,-0.37,Industrial Products
MANUGRAPH,Manugraph India,13.86,9.66,39.89,0.0,-1.23,-131.91,25.09,-10.17,10.62,Industrial Products
PRESSTONIC,Presstonic Engi.,25.25,14.97,38.92,0.0,2.27,-57.09,20.33,13.2,9.8,Industrial Products
FAALCON,Faalcon Concepts,39.5,12.18,38.49,0.0,2.11,,19.5,,,Industrial Products
BOSS,Boss Packaging,34.2,9.16,15.21,0.0,0.81,-12.9,10.04,1.62,15.72,Industrial Products
ISHAN,Ishan Internat.,0.5,27.02,10.81,0.0,0.31,263.16,13.5,-68.39,3.43,Industrial Products
PREMIER,Premier,2.88,,8.69,0.0,-1.76,24.46,0.0,,,Industrial Products
MEDIASSIST,Medi Assist Ser.,338.25,26.36,2533.33,0.0,54.47,148.1,241.99,28.13,13.95,Insurance Distributors
ADANIPOWER,Adani Power,212.23,28.71,409279.07,0.0,4866.6,41.98,18901.89,33.97,17.22,Integrated Power Utilities
TATAPOWER,Tata Power Co.,376.15,31.25,120176.83,0.66,1415.52,1.65,14900.2,-12.84,10.53,Integrated Power Utilities
TORNTPOWER,Torrent Power,1430.0,31.52,72098.46,1.4,331.49,-69.97,6406.07,-0.78,13.66,Integrated Power Utilities
CESC,CESC,162.68,13.99,21569.63,3.69,459.0,17.69,4096.0,5.65,10.63,Integrated Power Utilities
RELINFRA,Reliance Infra.,63.19,1.13,2582.14,0.0,1640.15,-71.11,4001.28,-2.6,15.34,Integrated Power Utilities
DPSCLTD,India Power Corp,7.21,54.81,702.1,0.69,4.14,321.39,166.08,21.47,3.49,Integrated Power Utilities
NAUKRI,Info Edg.(India),1169.95,53.32,75900.26,0.72,755.75,16.23,869.01,15.93,5.43,Internet & Catalogue Retail
INDIAMART,Indiamart Inter.,1790.6,21.84,10774.85,1.68,172.2,12.18,414.4,11.37,28.04,Internet & Catalogue Retail
JUSTDIAL,Just Dial,724.4,11.82,6152.44,0.0,166.22,4.12,327.47,9.94,13.06,Internet & Catalogue Retail
CRIZAC,Crizac,186.86,14.92,3268.85,4.28,74.5,50.26,391.73,15.02,52.34,Internet & Catalogue Retail
TCC,TCC Concept,277.45,20.91,1318.43,0.0,30.98,70.89,83.87,160.38,5.65,Internet & Catalogue Retail
MATRIMONY,Matrimony.com,425.25,25.8,881.7,1.18,9.71,18.7,116.83,7.86,17.41,Internet & Catalogue Retail
JIOFIN,Jio Financial,233.16,74.49,153926.08,0.21,830.25,174.44,2004.47,227.28,1.86,Investment Company
ABCAPITAL,Aditya Birla Cap,392.25,27.5,107337.2,0.0,1164.72,29.46,13459.25,10.19,8.72,Investment Company
TATAINVEST,Tata Inv.Corpn.,632.2,73.77,31993.82,0.54,63.83,69.22,39.98,143.34,1.57,Investment Company
TVSHLTD,TVS Holdings,14807.0,15.06,29927.64,0.63,1173.58,81.87,17076.18,34.01,16.95,Investment Company
CHOLAHLDNG,Chola Financial,1516.0,11.65,28440.06,0.09,1625.55,11.99,10366.2,16.3,9.75,Investment Company
MAHSCOOTER,Mah. Scooters,12575.0,46.58,14466.09,1.75,4.01,-0.25,6.03,-9.32,1.06,Investment Company
JSWHL,JSW Holdings,10655.0,79.59,11823.58,0.0,13.54,37.24,33.14,12.49,0.59,Investment Company
TSFINV,Tsf Investments,434.75,20.16,9655.96,2.56,164.23,50.36,297.57,502.98,3.38,Investment Company
RELIGARE,Religare Enterp.,253.05,98.03,8427.01,0.0,95.65,-16.52,2467.42,20.84,3.06,Investment Company
PILANIINVS,Pilani Invest.,4303.2,154.08,4785.77,0.21,4.75,118.93,44.1,-22.13,1.41,Investment Company
NSIL,Nalwa Sons Invst,5514.0,52.25,2848.5,0.0,5.51,121.44,27.38,122.96,0.48,Investment Company
KICL,Kalyani Invest.,5365.0,63.68,2341.59,0.0,19.31,-24.81,21.8,1.68,0.49,Investment Company
ELCIDIN,Elcid Investment,110100.0,20.32,2202.0,0.02,-41.22,-110.95,-63.72,-264.53,1.43,Investment Company
SCILAL,Shipping Land,41.59,67.36,1941.42,1.32,-0.84,99.63,5.81,19.06,1.31,Investment Company
SUMMITSEC,Summit Securitie,1486.8,15.47,1618.72,0.0,-23.24,-400.86,11.43,16.51,1.52,Investment Company
PNBGILTS,PNB Gilts,84.55,14.99,1517.91,1.18,80.7,-49.61,454.56,-19.3,6.14,Investment Company
VHL,Vardhman Hold.,3477.6,5.14,1109.36,0.14,53.62,-23.1,0.33,-85.0,6.28,Investment Company
INDPRUD,Indl.& Prud.Inv.,6480.0,17.04,1085.95,1.85,17.49,7.17,0.45,-19.64,7.72,Investment Company
JINDALPHOT,Jindal Photo,1053.3,,1079.19,0.0,-5.66,-119.37,0.46,-14.81,-1.38,Investment Company
JPOLYINVST,Jindal Poly Inve,1017.3,1.25,1068.38,0.0,35.16,-47.25,47.28,503.83,63.41,Investment Company
GKWLIMITED,GKW,1685.0,,1005.94,0.0,-5.61,-247.63,-3.5,-148.48,0.47,Investment Company
STEL,STEL Holdings,547.45,50.57,1003.85,0.0,0.52,-94.79,0.26,-98.07,1.58,Investment Company
HEXATRADEX,Hexa Tradex,157.21,,889.85,0.0,-3.32,10.03,1.45,-3.33,-0.12,Investment Company
VLSFINANCE,VLS Finance,254.05,36.74,799.2,0.59,-74.54,-87.15,-98.86,-103.08,0.96,Investment Company
BLAL,BEML Land Assets,177.43,74093.65,740.94,0.0,0.5,219.05,0.98,,-192.83,Investment Company
WELINV,Welspun Investme,1810.4,227.1,688.13,0.0,-0.13,,0.13,116.67,0.58,Investment Company
OSWALGREEN,Oswal Green Tech,20.81,15.03,534.92,0.0,-83.16,2768.85,10.76,-45.74,1.75,Investment Company
SILINV,SIL Investments,419.15,11.74,443.98,0.6,-9.46,-238.29,-5.64,-1072.41,1.75,Investment Company
NAHARCAP,Nahar Capital,249.0,6.7,422.9,0.6,18.19,-14.24,7.83,135.14,5.03,Investment Company
IITL,Indl. Inv. Trust,127.28,,287.47,0.0,-25.47,-238.33,-41.18,-666.85,-3.5,Investment Company
BLBLIMITED,BLB,15.77,2.49,82.95,0.0,4.34,243.71,71.61,21.56,40.25,Investment Company
PARASPETRO,Paras Petrofils,1.99,,65.52,0.0,-1.29,-59.26,0.0,,-1.74,Investment Company
3PLAND,3P Land Hold.,31.85,26.58,57.95,0.0,0.42,13.51,1.01,10.99,2.38,Investment Company
MASKINVEST,MASK INVESTMENTS,150.0,762.83,45.77,0.0,0.06,,0.14,800.0,0.1,Investment Company
LFIC,Lak. Fin. & Indl,144.99,,43.5,2.07,-2.77,-4.92,2.0,18.34,-2.1,Investment Company
NAGREEKCAP,Nagreeka Cap.,22.71,3.76,27.83,0.0,-2.34,-131.08,7.41,-53.48,14.46,Investment Company
WILLAMAGOR,Williamson Magor,25.5,,26.43,0.0,-2.53,-116.43,0.06,-87.76,0.43,Investment Company
DCMFINSERV,DCM Financial,5.07,,10.92,0.0,-0.13,83.95,0.0,,-4.92,Investment Company
BLUECHIP,Blue Chip India,1.94,,8.42,0.0,0.09,400.0,0.18,,,Investment Company
JSWSTEEL,JSW Steel,1246.8,25.33,304947.34,0.57,4696.0,112.96,47364.0,9.77,10.96,Iron & Steel
TATASTEEL,Tata Steel,184.23,20.33,230021.01,2.17,2965.0,116.55,63270.13,12.54,12.52,Iron & Steel
JINDALSTEL,Jindal Steel,1041.9,26.37,106308.42,0.19,1041.24,172.66,16217.93,23.02,9.7,Iron & Steel
SAIL,S A I L,160.91,17.32,66394.6,0.99,1835.47,62.96,30813.49,5.11,7.79,Iron & Steel
JSL,Jindal Stain.,735.85,18.75,60697.79,0.41,834.21,47.2,11337.19,11.17,19.3,Iron & Steel
SARDAEN,Sarda Energy,502.45,16.12,17701.85,0.3,155.15,45.61,1253.57,1.19,17.39,Iron & Steel
NSLNISP,NMDC Steel,41.65,207.57,12188.66,0.0,391.91,182.79,3879.0,36.67,3.06,Iron & Steel
VISL,Vedanta Iron & Steel,31.1,,12153.57,0.0,,,,,,Iron & Steel
SANDUMA,Sandur Manganese,194.52,13.86,9450.38,0.26,236.28,50.94,1511.39,14.39,24.4,Iron & Steel
JAIBALAJI,Jai Balaji Inds.,60.1,41.67,5508.86,0.0,21.37,-69.48,1745.17,9.79,9.73,Iron & Steel
PRAKASH,Prakash Industri,123.4,6.64,2211.83,1.22,93.32,2.74,919.87,8.91,9.55,Iron & Steel
MANAKSTEEL,Manaksia Steels,71.07,11.97,456.97,0.0,18.71,332.1,310.08,63.09,13.42,Iron & Steel
SCANSTL,Scan Steels,49.6,15.36,304.35,0.0,6.91,93.02,281.66,16.78,7.05,Iron & Steel
ANKITMETAL,Ankit Met.Power,1.5,,21.16,0.0,-76.06,-76.27,146.87,-25.51,-34.2,Iron & Steel
APLAPOLLO,APL Apollo Tubes,1830.9,42.27,50858.8,0.31,354.35,20.89,6269.16,13.81,31.64,Iron & Steel Products
WELCORP,Welspun Corp,1612.8,26.4,42553.4,0.31,371.46,19.76,4312.56,9.87,22.89,Iron & Steel Products
SHYAMMETL,Shyam Metalics,1039.75,25.83,29007.25,0.43,350.73,18.11,5455.09,23.45,13.01,Iron & Steel Products
RATNAMANI,Ratnamani Metals,2425.2,34.75,17002.83,0.41,115.9,-52.04,1084.82,-36.75,17.91,Iron & Steel Products
JINDALSAW,Jindal Saw,260.95,25.56,16703.72,0.77,90.79,-75.43,4452.31,9.0,10.43,Iron & Steel Products
GPIL,Godawari Power,241.25,19.97,16255.22,0.41,280.22,32.53,1610.27,9.69,20.37,Iron & Steel Products
USHAMART,Usha Martin,496.4,30.03,15127.38,0.76,148.03,56.0,979.26,9.28,20.18,Iron & Steel Products
GALLANTT,Gallantt Ispat L,537.75,26.65,12904.89,0.23,122.83,5.61,1204.81,12.37,18.23,Iron & Steel Products
JAYNECOIND,Jayaswal Neco,84.27,14.31,8177.73,0.0,193.92,108.47,2106.56,27.72,20.67,Iron & Steel Products
MAHSEAMLES,Mah. Seamless,565.1,10.77,7579.11,1.77,102.84,-56.91,1280.11,-9.71,14.29,Iron & Steel Products
SUNFLAG,Sunflag Iron,349.6,30.26,6300.48,0.21,34.28,-20.74,1000.69,13.31,4.06,Iron & Steel Products
TIIL,Technocraf.Inds.,2565.9,20.39,5817.84,0.78,77.74,15.33,711.7,1.34,16.1,Iron & Steel Products
AEROFLEX,Aeroflex,420.1,100.17,5564.69,0.1,17.64,57.08,125.84,37.25,18.92,Iron & Steel Products
SURYAROSNI,Surya Roshni,235.5,17.9,5116.64,1.8,98.3,-24.44,2163.25,0.81,15.84,Iron & Steel Products
GOODLUCK,Goodluck India,1525.6,28.07,5072.99,0.26,56.1,30.07,1088.46,-1.46,14.42,Iron & Steel Products
BANSALWIRE,Bansal Wire Inds,307.25,33.37,4821.66,0.0,20.46,-47.89,1167.89,24.37,13.79,Iron & Steel Products
ELECTCAST,Electrost.Cast.,70.43,22.94,4352.04,1.99,15.99,-90.51,1492.74,-12.23,5.21,Iron & Steel Products
SBCL,Shivalik Bimetal,753.15,44.92,4337.0,0.36,26.05,23.75,162.63,22.8,26.79,Iron & Steel Products
MANINDS,Man Industries,533.3,23.45,3998.32,0.0,50.85,-25.39,1157.3,-5.02,16.21,Iron & Steel Products
KIRLOSIND,Kirloskar Indus.,3737.3,24.09,3921.76,0.35,110.35,1.17,1827.41,4.55,6.98,Iron & Steel Products
KSL,Kalyani Steels,888.6,14.83,3871.81,1.13,71.03,-9.3,484.39,-11.01,14.67,Iron & Steel Products
VENUSPIPES,Venus Pipes,1683.3,34.01,3478.96,0.06,25.5,6.96,302.2,17.07,22.5,Iron & Steel Products
SAMBHV,Sambhv Steel,115.25,23.7,3395.21,0.0,55.78,238.88,685.31,38.37,19.07,Iron & Steel Products
WELSPLSOL,Welspun Special.,49.35,114.2,3263.87,0.0,5.16,788.0,193.67,-3.8,9.9,Iron & Steel Products
VSSL,Vardhman Special,297.7,20.07,2875.95,1.01,41.19,106.98,486.01,12.06,15.38,Iron & Steel Products
JTLIND,JTL Industries,72.05,27.95,2752.23,0.17,37.86,104.58,692.68,47.55,9.57,Iron & Steel Products
RHETAN,Rhetan TMT Ltd,28.57,221.35,2279.87,0.0,2.22,362.5,8.49,30.82,10.93,Iron & Steel Products
MUKANDLTD,Mukand,138.55,3.32,2005.5,1.44,554.98,4991.56,1269.09,14.65,23.13,Iron & Steel Products
MSPL,MSP Steel & Pow.,34.75,14.5,1962.98,0.0,85.2,351.85,816.32,7.4,9.69,Iron & Steel Products
HITECH,Hi-Tech Pipes,85.05,22.66,1725.43,0.03,17.6,-0.17,1480.36,101.76,9.77,Iron & Steel Products
STEELXIND,Steel Exchange,11.43,46.06,1464.14,0.0,15.03,46.92,269.71,-10.1,9.76,Iron & Steel Products
AEROENTER,Aeroflex Enter.,123.6,21.59,1398.47,0.24,25.67,120.59,199.58,24.09,12.58,Iron & Steel Products
MANAKCOAT,Manaksia Coated,125.82,32.88,1341.02,0.04,14.1,0.64,262.14,4.94,19.86,Iron & Steel Products
BHARATWIRE,Bharat Wire,194.27,18.37,1331.37,0.0,16.46,-20.1,141.48,-17.66,12.32,Iron & Steel Products
MAHASTEEL,Mahamaya Steel,781.6,141.1,1284.03,0.0,4.07,-24.77,263.12,11.41,8.4,Iron & Steel Products
ELECTHERM,Electrotherm(I),997.4,,1275.43,0.0,13.63,-88.22,1139.99,-1.82,0.45,Iron & Steel Products
RATNAVEER,Ratnaveer Precis,177.47,19.75,1270.44,0.0,17.03,59.01,248.96,22.57,12.29,Iron & Steel Products
HARIOMPIPE,Hariom Pipe,382.6,15.62,1184.19,0.16,30.18,75.06,507.27,26.91,15.82,Iron & Steel Products
RSL,Rajputana Stain.,134.24,22.53,1122.31,0.0,13.1,58.4,254.91,2.82,25.22,Iron & Steel Products
GANDHITUBE,Gandhi Spl. Tube,870.75,15.32,1057.9,1.72,9.36,-22.93,47.21,8.95,31.62,Iron & Steel Products
TEMBO,Tembo Global,532.25,10.81,987.07,0.38,30.07,83.56,345.96,26.27,22.84,Iron & Steel Products
KAMDHENU,Kamdhenu,34.97,12.51,980.23,0.71,17.43,1.99,207.64,4.96,29.39,Iron & Steel Products
SCODATUBES,Scoda Tubes,142.32,21.91,850.82,0.0,6.32,-7.47,123.57,-0.12,16.54,Iron & Steel Products
BEEKAY,Beekay Steel Ind,401.95,20.89,768.61,0.25,-20.1,-465.38,338.62,2.46,5.48,Iron & Steel Products
RAMASTEEL,Rama Steel Tubes,4.28,55.79,701.86,0.0,3.79,-37.43,246.15,-16.05,5.57,Iron & Steel Products
SHAH,Shah Metacorp,4.74,39.29,478.12,0.0,8.14,118.73,62.28,50.22,4.82,Iron & Steel Products
SURAJLTD,Suraj,230.47,45.72,409.16,0.65,3.24,109.03,39.03,-22.47,7.1,Iron & Steel Products
MANAKSIA,Manaksia,56.33,7.05,369.03,0.0,12.49,-9.03,236.68,-11.87,10.63,Iron & Steel Products
BEDMUTHA,Bedmutha Indus.,106.41,53.26,346.18,0.0,14.63,606.76,435.63,54.63,13.99,Iron & Steel Products
PSRAJ,P S Raj Steels,411.0,36.11,309.82,0.0,4.62,30.51,135.78,7.29,16.13,Iron & Steel Products
KRISHCA,Krishca Strapp.,170.65,23.41,271.81,0.0,5.43,-13.81,141.1,64.8,12.88,Iron & Steel Products
DPWIRES,D P Wires,165.21,14.54,255.62,0.0,9.39,132.43,129.26,-6.21,9.15,Iron & Steel Products
GEEKAYWIRE,Geekay Wires,23.81,8.26,248.86,1.36,6.75,-8.41,109.41,-11.79,16.79,Iron & Steel Products
VMSTMT,VMS TMT,44.2,10.25,215.56,0.0,2.29,-36.74,241.11,12.05,12.95,Iron & Steel Products
VSTL,Vibhor Steel,109.94,21.47,208.94,0.0,2.57,-23.65,335.13,16.24,7.92,Iron & Steel Products
JAYBEE,Jay Bee Laminati,88.95,10.99,200.74,0.0,14.58,32.91,329.24,53.65,16.49,Iron & Steel Products
SHBAJRG,Sh. Bajrang All.,188.6,3.84,169.92,0.0,19.4,71.23,47.29,-41.2,1.12,Iron & Steel Products
RUDRA,Rudra Global,16.18,12.41,167.77,0.0,1.03,-8.77,178.26,6.61,11.89,Iron & Steel Products
DENEERS,De Neers Tools,183.95,6.45,162.73,0.0,16.49,135.87,105.68,40.46,25.76,Iron & Steel Products
INCREDIBLE,Incredible Indus,34.16,13.63,156.98,0.0,4.52,-22.6,219.43,-4.69,10.65,Iron & Steel Products
SURANI,Surani Steel Tub,98.5,209.79,153.15,0.0,-0.07,-104.21,41.34,-63.8,0.76,Iron & Steel Products
KRITIKA,Kritika Wires,5.53,19.5,147.25,0.0,2.05,-39.71,146.7,-38.66,8.9,Iron & Steel Products
SHAHALLOYS,Shah Alloys,67.68,,133.3,0.0,-8.41,3.56,2.25,-92.59,0.47,Iron & Steel Products
SMLT,Sarthak Metals,66.64,18.92,87.23,0.75,1.49,122.39,61.99,28.93,5.76,Iron & Steel Products
ZENITHSTL,Zenith Steel,5.66,26.28,82.51,0.0,1.39,-96.3,11.29,-54.51,,Iron & Steel Products
HISARMETAL,Hisar Met.Inds.,148.72,23.76,80.31,0.67,0.76,100.0,72.04,21.48,8.02,Iron & Steel Products
MAL,Mangalam Alloys,32.0,5.38,78.99,0.0,2.91,-76.55,219.13,-6.31,13.06,Iron & Steel Products
PRAKASHSTL,Prakash Steelage,4.01,83.34,70.01,0.0,0.04,-84.62,24.81,16.42,10.45,Iron & Steel Products
AUSL,Aditya Ultra,24.95,15.41,61.96,0.0,3.42,-17.19,221.1,-18.99,7.36,Iron & Steel Products
SUPREMEENG,Supreme Engg.,1.89,,47.24,0.0,0.07,111.86,6.88,45.15,-37.17,Iron & Steel Products
GFSTEELS,Grand Foundry,14.29,17.82,43.48,0.0,2.11,1506.67,19.65,,116.54,Iron & Steel Products
SWASTIK,Swastik Pipe,18.35,,42.63,0.0,-47.88,-396.84,146.07,-61.6,-20.6,Iron & Steel Products
DEEM,Deem Roll-Tech,50.05,19.23,41.73,0.0,2.64,158.82,45.42,-2.09,5.47,Iron & Steel Products
NMSTEEL,Newmalayalam St.,24.0,5.86,41.49,0.0,2.86,466.67,157.69,5.16,12.4,Iron & Steel Products
SHRIKANHA,Shri Kanha Stain,23.2,4.14,36.15,0.0,4.48,35.35,95.42,13.55,23.77,Iron & Steel Products
AGUL,A G Universal,58.65,402.1,32.17,0.0,-0.41,-180.39,41.4,32.4,5.13,Iron & Steel Products
KALANA,Kalana Ispat,19.9,26.75,25.95,0.0,0.96,92.0,26.97,-2.18,3.49,Iron & Steel Products
QFIL,Quality Foils,61.5,11.94,17.55,0.0,0.65,8.33,89.75,21.56,7.0,Iron & Steel Products
LTTS,L&T Technology,3375.3,26.64,35809.92,1.72,357.1,17.38,2940.1,11.47,26.71,IT Enabled Services
IKS,Inventurus Knowl,1799.3,42.85,30919.71,0.0,205.97,39.36,857.65,18.47,36.86,IT Enabled Services
TATATECH,Tata Technolog.,696.25,43.43,28267.39,1.2,180.75,6.15,1664.63,33.78,20.9,IT Enabled Services
NETWEB,Netweb Technol.,4243.8,117.44,24170.69,0.06,70.59,65.67,773.7,86.59,37.5,IT Enabled Services
AFFLE,Affle 3i,1461.0,45.25,20580.65,0.0,119.51,15.95,724.38,20.28,16.84,IT Enabled Services
SAGILITY,Sagility,41.32,18.81,19329.16,0.36,216.81,52.97,1963.48,27.59,13.37,IT Enabled Services
AMAGI,Amagi Media Labs,655.35,197.82,14177.77,0.0,34.26,423.21,396.97,28.51,8.0,IT Enabled Services
BBOX,Black Box,786.6,50.87,13968.16,0.13,64.76,1.93,1690.94,9.48,22.2,IT Enabled Services
E2E,E2E Networks,492.1,324.47,10110.46,0.0,43.88,1645.07,156.76,334.12,-0.51,IT Enabled Services
CYIENT,Cyient,830.65,22.66,9236.38,3.13,108.7,-32.31,2075.7,21.26,12.28,IT Enabled Services
DATAMATICS,Datamatics Glob.,833.9,20.6,4928.59,0.6,44.87,31.1,519.26,4.45,20.81,IT Enabled Services
EMUDHRA,eMudhra,457.7,36.25,3791.53,0.27,29.57,21.22,193.4,31.67,15.69,IT Enabled Services
RSYSTEMS,R Systems Intl.,248.64,12.78,2950.02,5.03,65.41,69.5,574.77,29.9,19.48,IT Enabled Services
SASKEN,Sasken Technol.,1833.6,48.34,2780.0,1.36,29.0,144.7,334.02,125.67,9.9,IT Enabled Services
ZAGGLE,Zaggle Prepaid,201.15,20.35,2703.96,0.0,37.77,18.18,592.71,44.05,13.49,IT Enabled Services
BLSE,BLS E-Services,263.47,41.64,2394.17,0.38,18.24,11.67,323.37,35.18,17.0,IT Enabled Services
PROTEAN,Protean eGov,571.7,22.34,2320.73,1.75,30.38,51.37,307.54,38.44,12.69,IT Enabled Services
BCG,Brightcom Group,9.36,1.96,1890.77,0.0,207.83,72.22,1596.64,61.69,14.87,IT Enabled Services
AURUM,Aurum Proptech,226.19,1739.16,1634.81,0.0,45.18,100.53,111.84,70.9,1.84,IT Enabled Services
IZMO,IZMO,1077.6,33.84,1609.32,0.0,17.3,151.09,109.16,82.51,12.58,IT Enabled Services
IVALUE,Ivalue Infosolut,279.8,15.0,1530.98,0.0,42.65,10.37,272.6,4.6,25.12,IT Enabled Services
DIGITIDE,Digitide Solutio,101.42,147.87,1512.73,0.0,-5.01,-118.68,799.95,9.21,10.86,IT Enabled Services
DSSL,Dynacons Sys.,1181.6,17.78,1507.25,0.04,19.13,5.28,402.12,21.63,29.73,IT Enabled Services
EXPLEOSOL,Expleo Solutions,814.1,9.3,1258.12,6.14,41.67,66.03,286.28,11.92,24.77,IT Enabled Services
GENESYS,Genesys Intl.,298.95,34.6,1250.78,0.0,12.72,-34.78,104.22,10.68,8.23,IT Enabled Services
ORIENTTECH,Orient Tech.,257.16,47.02,1179.29,0.64,-4.99,,184.07,,,IT Enabled Services
EXCELSOFT,Excelsoft Tech.,74.54,18.4,858.53,0.0,16.6,-16.55,81.16,16.08,13.64,IT Enabled Services
SAHANA,Sahana Systems,892.9,11.63,789.07,0.11,47.1,21.6,216.99,89.0,39.81,IT Enabled Services
KELLTONTEC,Kellton Tech,14.37,8.39,765.74,0.0,22.32,-1.46,315.62,6.82,14.96,IT Enabled Services
PANACHE,Panache Digilife,428.7,38.22,686.52,0.0,8.51,402.27,94.55,57.53,23.67,IT Enabled Services
ONWARDTEC,Onward Technolog,291.45,14.34,645.66,2.74,11.17,-12.25,149.43,12.23,22.94,IT Enabled Services
ADSL,Allied Digital,113.93,17.89,643.11,1.32,-3.39,55.32,267.77,31.03,7.32,IT Enabled Services
VAKRANGEE,Vakrangee,5.76,55.41,622.84,0.0,1.62,-17.32,56.74,-10.19,7.51,IT Enabled Services
TERASOFT,Tera Software,382.35,19.18,475.76,0.26,7.22,144.75,74.74,122.71,24.37,IT Enabled Services
TECHD,TechD Cybersec.,618.2,32.93,462.39,0.0,7.67,149.84,33.63,98.76,40.88,IT Enabled Services
DIGISPICE,DigiSpice Tech.,18.93,18.04,439.34,0.0,2.76,569.73,107.17,-8.25,12.08,IT Enabled Services
SIGMA,Sigma Solve,37.9,16.18,386.49,0.13,5.37,-21.26,24.64,4.67,48.33,IT Enabled Services
INSPIRISYS,Inspirisys Sol.,98.25,8.88,377.9,0.0,8.77,23.87,141.77,17.81,27.42,IT Enabled Services
ACSTECH,ACS Tech,40.23,35.35,281.42,0.0,2.23,16.67,121.22,196.24,10.28,IT Enabled Services
FCSSOFT,FCS Software,1.55,75.71,264.98,0.0,5.4,55400.0,26.77,203.86,2.4,IT Enabled Services
INTENTECH,Intense Tech.,91.01,13.99,214.46,1.1,-22.39,240.44,28.13,-20.36,7.55,IT Enabled Services
ASMS,Avio Smart Market,7.05,36.05,214.12,0.0,2.09,2188.89,34.39,285.97,15.52,IT Enabled Services
OPTIVALUE,Optivalue Tek,91.0,15.48,213.04,0.0,6.54,12.37,60.25,80.12,27.18,IT Enabled Services
AIRAN,Airan,15.22,15.59,189.91,0.0,0.38,114.2,30.97,13.4,10.16,IT Enabled Services
DCM,DCM,88.29,56.43,163.09,0.0,-1.51,-260.64,18.87,13.47,14.59,IT Enabled Services
ENFUSE,Enfuse Solutions,165.0,,145.99,0.0,-6.9,-850.0,24.53,10.55,-22.06,IT Enabled Services
DEVIT,Dev Information,26.04,127.69,145.57,0.77,8.96,645.08,53.87,4.5,3.46,IT Enabled Services
VLEGOV,VL E-Governance,10.7,,116.9,0.0,-0.59,41.0,1.19,-76.06,-2.46,IT Enabled Services
ENSER,Enser,12.8,12.54,111.57,0.0,4.8,44.97,50.03,59.84,24.08,IT Enabled Services
ROXHITECH,ROX Hi-Tech,39.35,5.12,90.26,0.0,10.48,15.04,109.94,5.87,16.15,IT Enabled Services
MGSL,Matrix Geo Sol.,60.4,8.75,88.07,0.0,6.05,116.07,26.04,96.97,30.04,IT Enabled Services
ODIGMA,Odigma Consultan,22.3,,69.25,0.0,0.13,44.44,13.75,-9.48,-2.2,IT Enabled Services
SYNOPTICS,Synoptics Techno,76.35,15.83,64.74,0.0,0.69,18.97,27.41,39.35,7.22,IT Enabled Services
SECURKLOUD,SecureKloud Tech,17.71,,59.88,0.0,-7.2,-334.41,8.55,-38.58,-5.97,IT Enabled Services
HGM,Handson Global,46.14,,57.46,0.0,-2.15,-262.88,12.67,129.95,-0.37,IT Enabled Services
PALREDTEC,Palred Technolog,46.41,,55.64,0.0,-1.23,78.87,21.84,24.8,-1.49,IT Enabled Services
ADROITINFO,Adroit Info.,9.17,15.48,51.1,0.0,0.68,117.8,13.07,25.67,6.54,IT Enabled Services
GSS,GSS Infotech,12.28,30.98,31.6,0.0,-49.14,498.55,28.16,-31.0,0.72,IT Enabled Services
GSTL,Globesecure Tech,18.95,,30.2,0.0,0.62,119.94,12.82,100.94,1.18,IT Enabled Services
VERTEXPLUS,Vertexplus Tech.,48.3,,26.47,0.0,-2.61,-201.56,12.55,13.27,-12.77,IT Enabled Services
QUADPRO,Quadpro ITeS,2.4,57.76,12.13,0.0,-0.02,-108.33,3.29,-10.6,2.05,IT Enabled Services
BGLOBAL,Bharatiya Glob.,3.21,1.79,5.09,0.0,2.47,165.48,0.33,32.0,-1.03,IT Enabled Services
GLOSTERLTD,Gloster Ltd,675.45,36.9,736.93,2.96,8.21,453.88,378.4,35.95,5.85,Jute & Jute Products
CHEVIOT,Cheviot Company,1130.5,12.82,661.96,2.21,-9.05,-197.21,140.61,5.1,10.19,Jute & Jute Products
MAYURUNIQ,Mayur Uniquoters,790.15,17.94,3440.52,0.63,59.43,43.2,273.35,9.1,24.74,Leather And Leather Products
KOTIC,Kothari Indl,164.19,,1772.56,0.0,-31.98,-145.62,44.52,68.51,-28.92,Leather And Leather Products
BIL,Bhartiya Intl.,740.15,73.85,992.57,0.0,-8.78,-158.85,312.7,29.68,8.05,Leather And Leather Products
MIRZAINT,Mirza Internatio,35.5,,492.38,0.0,-13.22,-200.45,102.56,-15.9,-1.81,Leather And Leather Products
SUPERHOUSE,Superhouse Ltd,157.41,47.25,173.89,0.51,-1.29,-244.94,154.95,-11.98,4.15,Leather And Leather Products
ZENITHEXPO,Zenith Exports,198.9,46.9,107.4,0.0,-0.12,74.47,13.1,-37.29,4.47,Leather And Leather Products
AKI,AKI India,4.44,23.17,44.73,0.0,0.76,16.92,36.58,52.29,4.67,Leather And Leather Products
STRIDERS,Striders Impex,61.1,20.28,113.75,0.0,4.16,-0.48,49.16,35.91,16.78,Leisure Products
ARCHIES,Archies,13.97,,47.06,0.0,-4.27,-288.18,10.29,-44.02,-0.53,Leisure Products
LICI,Life Insurance,421.4,9.28,533259.78,2.37,23467.18,23.26,276743.77,13.82,35.14,Life Insurance
SBILIFE,SBI Life Insuran,1853.5,75.32,186069.07,0.15,804.64,-1.09,4071.03,-82.35,14.95,Life Insurance
HDFCLIFE,HDFC Life Insur.,550.95,60.65,119800.81,0.38,611.19,11.46,33758.51,14.58,10.3,Life Insurance
ICICIPRULI,ICICI Pru Life,501.5,45.28,72808.7,0.33,623.91,61.94,3185.46,-79.69,10.14,Life Insurance
MFSL,Max Financial,1503.9,625.9,51999.09,0.0,-31.52,-184.35,10801.94,-12.72,2.95,Life Insurance
CANHLIFE,Canara HSBC,152.91,110.55,14518.78,0.0,28.14,20.15,4350.86,19.81,8.35,Life Insurance
CONCOR,Container Corpn.,480.5,29.49,36618.56,1.91,263.5,-12.39,2263.3,-1.07,12.41,Logistics Solution Provider
DELHIVERY,Delhivery,465.45,195.51,34898.33,0.0,72.4,-2.29,2850.0,30.04,2.82,Logistics Solution Provider
SHADOWFAX,Shadowfax Technologies,218.58,111.05,12790.97,0.0,55.27,648.31,1205.81,73.62,9.66,Logistics Solution Provider
BLUEDART,Blue Dart Expres,4765.4,40.28,11297.14,0.52,48.85,-11.26,1533.47,8.2,16.64,Logistics Solution Provider
TCI,Transport Corp.,930.1,15.77,7156.11,1.08,124.5,8.23,1323.8,12.3,19.45,Logistics Solution Provider
TVSSCS,TVS Supply,132.28,31.39,5841.17,0.0,18.36,543.4,3032.22,21.35,10.06,Logistics Solution Provider
VRLLOG,VRL Logistics,241.4,17.48,4225.41,3.11,72.14,-2.87,852.85,5.42,18.27,Logistics Solution Provider
MAHLOG,Mahindra Logis.,391.85,98.68,3888.51,0.64,27.83,335.09,2002.88,23.29,7.36,Logistics Solution Provider
GATEWAY,Gateway Distri,57.09,11.08,2856.93,3.5,63.7,25.51,533.65,-0.24,10.83,Logistics Solution Provider
TCIEXP,TCI Express,562.3,26.04,2148.46,1.42,16.03,-9.5,328.08,6.77,13.76,Logistics Solution Provider
NAVKARCORP,Navkar Corporat.,100.63,37.9,1514.98,0.0,12.28,401.22,190.75,37.77,3.06,Logistics Solution Provider
ALLCARGO,Allcargo Logist.,7.99,238.75,1193.76,13.77,20.0,-66.67,514.0,0.19,2.05,Logistics Solution Provider
RIIL,Rel. Indl. Infra,742.15,92.35,1120.19,0.47,2.84,-8.39,8.64,-30.66,3.01,Logistics Solution Provider
WCIL,Western Carriers,89.24,23.4,908.24,0.0,8.26,-41.34,495.72,15.67,6.79,Logistics Solution Provider
SVLL,Shree Vasu Logis,769.0,152.92,883.86,0.0,3.37,206.36,62.45,52.61,14.36,Logistics Solution Provider
RITCO,Ritco Logistics,294.3,23.5,845.45,0.0,4.01,-53.22,391.83,13.44,10.14,Logistics Solution Provider
TEJASCARGO,Tejas Cargo,347.5,39.76,830.28,0.0,8.32,-19.92,326.84,31.48,12.13,Logistics Solution Provider
SICALLOG,Sical Logistics,97.49,598.85,777.9,0.0,-8.78,-134.67,105.17,29.65,9.85,Logistics Solution Provider
GLOTTIS,Glottis,67.23,16.53,623.37,0.0,10.71,-5.72,195.85,-36.23,23.53,Logistics Solution Provider
TREL,TransIndia Real,24.27,16.38,607.38,2.06,9.86,61.63,21.58,7.79,3.81,Logistics Solution Provider
SNOWMAN,Snowman Logistic,35.88,142.91,601.64,2.79,5.54,41.28,142.31,3.87,3.77,Logistics Solution Provider
IWARE,Iware Supplych.,489.8,37.42,563.6,0.0,8.63,,164.23,,28.38,Logistics Solution Provider
SJLOGISTIC,S J Logistics (I,316.3,6.38,483.72,0.0,43.43,49.5,370.89,33.62,32.38,Logistics Solution Provider
BLUEWATER,Blue Water,410.2,17.9,451.22,0.0,9.19,111.75,135.38,157.72,31.41,Logistics Solution Provider
COMMITTED,Committed Cargo,342.0,33.83,395.85,0.15,5.03,34.11,129.57,20.27,16.48,Logistics Solution Provider
DJML,DJ Mediaprint,109.39,39.3,392.96,0.14,5.35,134.65,46.42,95.86,16.16,Logistics Solution Provider
LANCER,Lancer Containe.,10.22,67.49,379.96,0.0,10.9,133.6,138.87,17.97,1.95,Logistics Solution Provider
AVG,AVG Logistics,204.17,38.25,376.78,0.59,10.64,-187.45,155.55,5.5,9.2,Logistics Solution Provider
TIGERLOGS,Tiger Logistics,30.96,15.04,323.71,0.0,2.22,-65.53,162.55,41.97,17.62,Logistics Solution Provider
OMFREIGHT,Om Freight Forwa,92.0,20.42,313.99,0.0,4.05,-42.96,149.54,21.2,10.05,Logistics Solution Provider
OLIL,OneClick Logisti,417.0,98.55,279.88,0.0,1.91,0.47,92.43,105.86,8.61,Logistics Solution Provider
ASPINWALL,Aspinwall & Co,249.03,25.86,194.7,2.61,6.01,165.93,130.3,46.06,6.5,Logistics Solution Provider
GICL,Globe Intl. Car.,16.26,18.58,182.04,0.0,1.53,-7.58,54.65,13.59,15.88,Logistics Solution Provider
NECCLTD,North Eastn.Car.,15.3,20.21,156.66,0.0,0.7,-60.23,96.23,9.23,5.91,Logistics Solution Provider
RAPIDFLEET,Rapid Fleet,176.0,10.48,130.85,0.0,8.35,155.96,129.29,47.91,19.22,Logistics Solution Provider
JAYESH,Jayesh Logistics,130.7,11.27,113.6,0.0,5.31,-18.06,69.97,4.32,21.78,Logistics Solution Provider
OBCL,OBCL,53.11,,111.97,0.0,-4.43,-288.6,93.71,19.57,-2.08,Logistics Solution Provider
JETFREIGHT,Jet Freight,23.19,15.74,107.06,0.0,3.08,1711.76,128.01,12.87,28.51,Logistics Solution Provider
PRLIND,Premier Roadline,45.1,7.53,103.11,0.0,6.04,-39.2,189.79,8.16,14.83,Logistics Solution Provider
PATINTLOG,Patel Integrated,14.27,10.2,97.94,2.1,2.99,60.75,96.63,11.54,8.06,Logistics Solution Provider
ZEAL,Zeal Global Serv,63.0,7.52,83.85,0.0,6.53,21.15,114.2,-42.16,16.57,Logistics Solution Provider
TOTAL,Total Transport,49.47,10.23,79.78,0.0,0.29,-93.97,154.69,-1.0,11.69,Logistics Solution Provider
ACCURACY,Accuracy Shippi.,5.02,19.55,76.65,0.0,2.08,166.23,160.85,-31.99,6.98,Logistics Solution Provider
ASHALOG,Ashapura Logi.,55.9,8.4,75.78,0.0,2.55,-55.81,153.32,11.57,9.63,Logistics Solution Provider
BRACEPORT,Brace Port,60.95,18.77,68.88,1.39,2.49,-19.94,32.94,-8.58,12.08,Logistics Solution Provider
DECCANTRAN,Deccan Transcon,21.6,6.02,49.08,0.0,3.83,194.62,86.8,-3.25,8.31,Logistics Solution Provider
PRANIK,Pranik Logistics,43.1,6.74,47.45,0.0,2.03,0.5,45.71,51.61,16.88,Logistics Solution Provider
TIMESCAN,Timescan Logist.,41.05,4.53,28.68,0.0,4.45,9.34,169.88,24.39,25.91,Logistics Solution Provider
ARSHIYA,Arshiya,1.0,,25.82,0.0,-0.06,-101.15,4.5,0.0,,Logistics Solution Provider
MARINETRAN,Marinetrans Indi,14.15,30.02,18.01,0.0,0.29,11.54,70.44,-10.79,5.32,Logistics Solution Provider
AMIABLE,Amiable Logistic,72.95,13.28,12.75,0.0,0.47,370.0,10.45,14.46,12.81,Logistics Solution Provider
JALAN,Jalan Transol.,1.7,49.35,2.47,0.0,-0.03,100.34,1.35,419.23,,Logistics Solution Provider
ATGL,Adani Total Gas,662.6,119.84,72830.68,0.04,133.03,-17.97,1743.48,27.1,15.09,LPG/CNG/PNG/LNG Supplier
PETRONET,Petronet LNG,269.45,10.33,40424.73,3.71,1370.74,25.19,9442.09,-23.33,22.74,LPG/CNG/PNG/LNG Supplier
GUJENERGY,Gujarat Energy,263.15,13.86,24680.23,2.21,151.8,-27.01,5791.85,41.2,18.49,LPG/CNG/PNG/LNG Supplier
IGL,Indraprastha Gas,149.9,13.54,20976.32,2.84,338.75,-25.18,4162.69,5.45,17.9,LPG/CNG/PNG/LNG Supplier
MGL,Mahanagar Gas,1067.4,12.46,10549.39,2.81,131.92,-45.56,2051.22,4.52,18.28,LPG/CNG/PNG/LNG Supplier
CONFIPET,Confidence Petro,74.45,26.68,2478.5,0.13,34.39,37.5,1215.69,31.45,9.23,LPG/CNG/PNG/LNG Supplier
IRMENERGY,IRM Energy,255.15,19.67,1046.62,0.59,12.76,190.66,279.67,4.41,8.63,LPG/CNG/PNG/LNG Supplier
CASTROLIND,Castrol India,185.29,18.79,18315.62,4.72,242.18,3.74,1545.24,8.67,60.27,Lubricants
GULFOILLUB,Gulf Oil Lubric.,1035.7,13.98,5134.29,4.63,90.02,-1.75,1040.24,13.68,27.46,Lubricants
SOTL,Savita Oil Tech,645.1,22.86,4431.75,0.62,50.34,45.79,1223.96,21.71,15.68,Lubricants
PANAMAPET,Panama Petrochem,500.75,14.25,3027.23,0.6,71.08,60.56,822.77,18.35,19.15,Lubricants
GANDHAR,Gandhar Oil Ref.,281.95,9.14,2755.52,0.27,205.89,633.09,1731.93,91.81,13.19,Lubricants
VEEDOL,Veedol Corporat,1396.3,12.7,2432.65,4.15,57.46,-3.75,606.98,14.04,24.23,Lubricants
GULFPETRO,GP Petroleums,41.22,7.29,210.31,0.0,9.33,19.72,162.66,-10.95,10.9,Lubricants
ARABIAN,Arabian Petrol.,69.5,6.72,75.7,0.0,5.21,3.37,200.25,36.98,18.41,Lubricants
SOCL,Sundrex Oil,28.4,7.15,38.04,0.0,2.9,-16.18,67.25,96.29,21.24,Lubricants
VENKEYS,Venky's (India),1508.5,15.21,2117.53,0.66,101.37,662.18,1100.47,30.52,11.89,Meat Products including Poultry
SKMEGGPROD,SKM Egg Prod.,322.0,16.42,1703.25,0.23,32.79,414.65,186.65,58.93,30.0,Meat Products including Poultry
HMAAGRO,HMA Agro Inds.,21.28,6.48,1067.12,1.41,8.23,-39.71,1579.1,5.3,15.99,Meat Products including Poultry
PFOCUS,Prime Focus,286.52,94.77,22255.81,0.0,117.7,-24.77,1384.47,41.42,11.5,Media & Entertainment
SAREGAMA,Saregama India,488.75,44.22,9431.28,0.92,74.14,35.42,287.44,19.36,17.76,Media & Entertainment
TIPSMUSIC,Tips Music,676.6,40.33,8655.34,1.92,43.7,-4.67,106.51,20.94,122.19,Media & Entertainment
NETWORK18,Netwrk.18 Media,28.13,,4339.15,0.0,-38.36,-2074.55,516.26,10.34,3.02,Media & Entertainment
BALAJITELE,Balaji Telefilms,85.3,,1037.63,0.0,-14.16,-114.98,47.62,-28.12,-9.54,Media & Entertainment
ENIL,Ent.Network,106.55,260.48,507.93,1.88,8.27,-18.52,142.14,-10.16,-0.75,Media & Entertainment
BASILIC,Basilic Fly Stud,193.0,9.55,487.61,0.0,15.4,-29.81,113.4,-15.12,22.32,Media & Entertainment
GRETEX,Gretex Industrie,300.0,332.27,465.18,0.0,0.1,-92.09,27.6,43.97,3.01,Media & Entertainment
SHEMAROO,Shemaroo Entert.,125.6,,360.96,0.0,-8.07,82.43,131.68,-5.62,-39.45,Media & Entertainment
PHANTOMFX,Phantom Digital,172.2,8.41,274.2,0.0,20.69,150.18,84.98,139.11,17.61,Media & Entertainment
RADIOCITY,Music Broadcast,6.54,,228.37,0.0,9.22,524.88,44.54,-9.69,-8.28,Media & Entertainment
MAXPOSURE,Maxposure,33.5,8.04,76.18,0.0,4.38,25.86,42.55,32.1,15.27,Media & Entertainment
DIGIKORE,Digikore Studios,48.35,4.84,61.24,0.0,6.53,165.1,31.55,134.05,24.67,Media & Entertainment
STUDIOLSD,Studio LSD,9.9,,51.38,0.0,2.49,-47.47,32.84,-21.72,-1.38,Media & Entertainment
IDENTICAL,Identical Brains,20.0,17.75,28.05,0.0,0.21,-86.45,9.61,-31.75,5.41,Media & Entertainment
NEXTMEDIA,Next Mediaworks,3.8,,26.68,0.0,-1.93,6.2,0.0,,-0.62,Media & Entertainment
SILLYMONKS,Silly Monks,15.83,,21.91,0.0,-1.12,-11100.0,5.07,-21.64,-17.68,Media & Entertainment
RADIOWALLA,Radiowalla,28.8,156.17,20.3,0.0,0.4,2.56,10.07,4.03,1.87,Media & Entertainment
RADAAN,Radaan Media.,2.91,,15.87,0.0,-0.78,-59.18,1.65,-28.26,-38.0,Media & Entertainment
CREATIVEYE,Creative Eye,5.97,,11.98,0.0,-0.14,-147.83,0.42,-65.0,-4.54,Media & Entertainment
INSPIRE,Inspire Films,8.65,31.81,11.77,0.0,2.1,256.72,3.22,-14.13,2.92,Media & Entertainment
POLYMED,Poly Medicure,1630.3,50.62,16566.19,0.21,65.04,-27.81,534.51,21.25,14.04,Medical Equipment & Supplies
FISCHER,Fischer Medical,39.03,82.25,2551.3,0.01,-7.1,-641.98,97.73,98.76,11.43,Medical Equipment & Supplies
TARSONS,Tarsons Products,316.55,111.36,1677.12,0.0,4.18,-60.59,120.93,7.31,4.56,Medical Equipment & Supplies
LAXMIDENTL,Laxmi Dental,215.27,35.33,1181.44,0.0,10.1,149.5,73.95,21.89,14.86,Medical Equipment & Supplies
QLINE,Q-Line Biotech,498.9,20.61,1163.84,0.0,34.41,147.29,197.94,-8.59,22.46,Medical Equipment & Supplies
OSELDEVICE,OSEL Devices,436.65,26.56,777.0,0.0,14.06,16.78,145.81,47.1,24.4,Medical Equipment & Supplies
DENTALKART,Vasa Denticity,420.9,67.72,729.99,0.0,1.36,-68.52,72.41,-0.54,9.21,Medical Equipment & Supplies
APRAMEYA,Aprameya Enginee,153.0,57.8,291.31,0.0,-1.72,-109.64,12.61,-90.03,12.64,Medical Equipment & Supplies
NURECA,Nureca,296.76,65.05,282.33,0.0,3.07,279.01,40.34,18.02,3.3,Medical Equipment & Supplies
MADHAVBAUG,Vaidya Sane,206.35,24.13,216.94,0.0,4.16,-0.24,56.96,18.37,15.14,Medical Equipment & Supplies
QMSMEDI,QMS Medical,108.18,20.65,209.19,0.46,2.02,-48.5,44.42,-0.36,13.18,Medical Equipment & Supplies
AVIENCE,Avience Biomedi.,251.2,15.75,137.79,0.0,4.22,-1.17,25.69,4.99,26.64,Medical Equipment & Supplies
MHHL,Mohini Health,35.2,,64.19,0.0,-11.23,-143.48,70.92,-7.09,-2.69,Medical Equipment & Supplies
GML,Galaxy Medicare,17.6,7.81,26.7,1.99,1.4,-15.66,21.27,-3.14,13.62,Medical Equipment & Supplies
CREDITACC,CreditAcc. Gram.,1503.5,31.03,24132.6,0.0,339.55,619.23,1597.27,13.55,9.98,Microfinance Institutions
MUTHOOTMF,Muthoot Microfin,241.35,24.1,4115.49,0.0,71.12,117.73,631.81,13.83,9.31,Microfinance Institutions
FUSION,Fusion Finance,221.27,258.79,3584.27,0.0,114.19,169.39,424.02,-9.02,5.92,Microfinance Institutions
SATIN,Satin Creditcare,256.25,8.52,2831.38,0.0,162.04,640.16,919.5,49.48,13.84,Microfinance Institutions
SPANDANA,Spandana Sphoort,292.25,,2367.81,0.0,11.88,103.3,283.91,-5.51,-5.81,Microfinance Institutions
BAJFINANCE,Bajaj Finance,1039.8,33.68,647405.25,0.52,5553.3,21.99,21605.79,18.1,10.87,Non Banking Financial Company (NBFC)
SHRIRAMFIN,Shriram Finance,1025.8,24.06,241319.87,1.05,3020.95,40.94,12513.43,9.25,11.49,Non Banking Financial Company (NBFC)
CHOLAFIN,Cholaman.Inv.&Fn,1717.3,27.94,146359.65,0.12,1645.2,30.62,8416.71,19.46,9.71,Non Banking Financial Company (NBFC)
TATACAP,Tata Capital,341.45,29.78,145275.65,0.17,1466.27,42.82,8160.1,9.12,8.58,Non Banking Financial Company (NBFC)
MUTHOOTFIN,Muthoot Finance,3010.4,11.41,120836.18,1.0,3397.48,126.67,9288.71,65.23,15.77,Non Banking Financial Company (NBFC)
LTF,L&T Finance Ltd,305.05,23.88,76472.67,0.9,915.99,28.72,5212.92,22.38,8.4,Non Banking Financial Company (NBFC)
SBICARD,SBI Cards,622.05,27.34,59232.98,0.4,609.3,14.06,4934.5,5.57,10.1,Non Banking Financial Company (NBFC)
HDBFS,HDB FINANC SER,692.2,20.82,57486.8,0.58,785.2,38.31,4937.9,10.58,9.09,Non Banking Financial Company (NBFC)
M&MFIN,M & M Fin. Serv.,370.35,15.35,51450.37,2.03,927.48,75.43,5717.91,14.57,8.72,Non Banking Financial Company (NBFC)
SUNDARMFIN,Sundaram Finance,4415.5,23.27,49061.24,0.91,554.17,1.41,2560.4,13.34,9.44,Non Banking Financial Company (NBFC)
AIIL,Authum Invest,540.65,21.9,45841.53,0.04,1114.81,18.43,1448.22,19.65,13.76,Non Banking Financial Company (NBFC)
POONAWALLA,Poonawalla Fin,464.95,51.99,40913.47,0.0,307.71,391.55,2330.22,77.34,7.51,Non Banking Financial Company (NBFC)
MANAPPURAM,Manappuram Fin.,352.45,33.01,33121.09,0.99,404.79,311.3,2613.83,10.71,8.26,Non Banking Financial Company (NBFC)
IIFL,IIFL Finance,568.75,11.51,24208.4,0.7,713.13,189.3,3919.15,32.73,10.87,Non Banking Financial Company (NBFC)
CGCL,Capri Global,243.71,24.71,23453.46,0.08,282.82,59.12,1384.98,44.67,11.67,Non Banking Financial Company (NBFC)
FIVESTAR,Five-Star Bus.Fi,534.3,14.36,15783.47,0.37,269.27,-3.53,816.95,8.6,14.76,Non Banking Financial Company (NBFC)
SBFC,SBFC Finance,90.52,22.2,10016.83,0.0,122.77,30.05,454.04,25.92,11.82,Non Banking Financial Company (NBFC)
BENGALASM,Bengal & Assam,6217.0,8.55,7097.81,0.8,203.67,-9.15,630.17,20.94,3.96,Non Banking Financial Company (NBFC)
PAISALO,Paisalo Digital,72.49,27.76,6601.24,0.14,72.23,57.98,260.92,34.65,12.33,Non Banking Financial Company (NBFC)
MASFIN,MAS FINANC SER,315.0,15.23,5707.65,0.54,104.48,25.04,542.47,23.54,11.26,Non Banking Financial Company (NBFC)
FEDFINA,Fedbank Financi.,150.26,14.7,5629.06,0.0,114.38,52.49,669.93,29.68,9.06,Non Banking Financial Company (NBFC)
NORTHARC,Northern Arc,296.95,11.84,4808.26,0.0,132.65,250.9,741.66,23.09,9.71,Non Banking Financial Company (NBFC)
SGFIN,SG Finserve,663.2,27.89,4374.1,0.0,53.68,118.92,136.11,101.38,9.32,Non Banking Financial Company (NBFC)
INDOSTAR,Indostar Capital,262.85,,4249.85,0.0,-423.93,-3491.44,346.67,-6.95,-2.58,Non Banking Financial Company (NBFC)
AYE,Aye Finance,170.78,17.71,4207.93,0.0,74.5,143.54,477.37,17.74,11.32,Non Banking Financial Company (NBFC)
ASHIKA,Ashika Credit,396.75,48.82,2943.01,0.0,-35.5,24.89,49.79,13.99,13.33,Non Banking Financial Company (NBFC)
MUFIN,Mufin Green,125.2,88.02,2488.46,0.0,11.09,184.36,64.66,59.5,10.73,Non Banking Financial Company (NBFC)
ARMANFIN,Arman Financial,1926.0,35.86,2030.18,0.0,41.01,221.39,175.58,-11.92,11.74,Non Banking Financial Company (NBFC)
PFS,PTC India Fin,29.54,5.89,1894.1,0.0,45.5,-21.78,119.08,-22.16,11.79,Non Banking Financial Company (NBFC)
GRANDOAK,Grand Oak Canyon,38.09,20800.09,1872.01,0.0,0.01,111.11,0.0,,0.0,Non Banking Financial Company (NBFC)
UGROCAP,Ugro Capital,93.78,8.32,1454.31,0.0,51.11,,606.57,,,Non Banking Financial Company (NBFC)
ZSARACOM,Saraswati Commer,12918.5,15.01,1385.57,0.0,-16.31,28.93,-16.48,37.17,10.86,Non Banking Financial Company (NBFC)
AKCAPIT,A.K.Capital Serv,1756.0,10.66,1175.85,3.42,33.2,25.0,148.57,13.13,9.33,Non Banking Financial Company (NBFC)
CREST,Crest Ventures,372.35,22.83,1069.13,0.27,8.55,8.02,31.98,-32.76,5.67,Non Banking Financial Company (NBFC)
FEDDERSHOL,Fedders Holding,47.87,12.32,967.75,0.0,23.74,387.73,134.13,22.69,11.19,Non Banking Financial Company (NBFC)
CONSOFINVT,Cons. Finvest,288.35,17.25,933.22,0.39,13.77,-39.95,14.33,-29.3,5.65,Non Banking Financial Company (NBFC)
FINKURVE,Finkurve Fin.,62.83,33.74,878.25,0.0,8.04,105.63,67.33,67.15,10.19,Non Banking Financial Company (NBFC)
CIFL,Capital India,20.49,,787.71,0.1,-2.98,72.88,125.15,-10.18,0.86,Non Banking Financial Company (NBFC)
LAXMIINDIA,Laxmi India Fin.,129.37,13.82,687.5,0.0,20.52,40.84,92.84,25.0,12.72,Non Banking Financial Company (NBFC)
MANBA,Manba Finance,137.09,15.15,687.05,0.55,11.13,38.78,93.38,37.3,12.49,Non Banking Financial Company (NBFC)
NBIFIN,NBI Indl. Fin.,2253.9,53.58,665.99,0.02,0.26,-93.52,1.33,-78.09,0.56,Non Banking Financial Company (NBFC)
DHUNINV,Dhunseri Invest.,890.8,30.28,544.72,0.34,3.5,91.46,53.21,28.96,3.24,Non Banking Financial Company (NBFC)
KIRANVYPAR,Kiran Vyapar,199.7,533.66,544.34,0.5,-10.46,18.9,10.74,-11.09,1.59,Non Banking Financial Company (NBFC)
CSLFINANCE,CSL Finance,213.64,5.66,488.23,1.4,19.42,2.9,68.8,21.73,14.42,Non Banking Financial Company (NBFC)
MANCREDIT,Mangal Credit,215.68,29.75,455.43,0.35,5.48,92.96,21.3,59.31,12.48,Non Banking Financial Company (NBFC)
AFIL,Akme Fintrade,9.27,9.58,405.06,0.0,12.27,62.52,42.6,45.54,13.87,Non Banking Financial Company (NBFC)
MONEYBOXX,Moneyboxx Fin.,57.98,301.75,404.34,0.0,0.47,108.88,63.13,21.22,9.05,Non Banking Financial Company (NBFC)
UYFINCORP,U. Y. Fincorp,19.25,7.6,367.06,0.0,17.44,1500.0,70.39,359.76,18.49,Non Banking Financial Company (NBFC)
MUTHOOTCAP,Muthoot Cap.Serv,215.26,14.07,353.63,0.0,8.12,273.88,155.53,7.11,8.87,Non Banking Financial Company (NBFC)
ASCOM,Ascom Leasing &,258.75,57.62,303.1,0.0,2.58,2.79,6.61,-3.36,13.21,Non Banking Financial Company (NBFC)
AVONMORE,Avonmore Capital,9.61,19.62,270.34,0.0,-7.13,-270.3,61.79,7.54,5.87,Non Banking Financial Company (NBFC)
NDGL,Naga Dhunseri,2610.6,,261.06,0.1,-40.53,-448.2,37.51,-32.84,0.14,Non Banking Financial Company (NBFC)
STARTECK,Starteck Fin.,264.7,10.99,259.44,0.09,5.23,127.39,8.31,-2.12,9.1,Non Banking Financial Company (NBFC)
SAHLIBHFI,Shalibhadra Fin.,79.34,12.58,245.1,0.5,5.13,15.8,10.97,16.08,14.65,Non Banking Financial Company (NBFC)
CPCAP,CP Capital,109.27,4.71,200.64,2.75,9.14,6.28,18.47,15.37,9.83,Non Banking Financial Company (NBFC)
TEAMGTY,Team India Guar.,225.88,278.06,200.2,0.0,-0.69,-195.83,1.56,59.18,2.89,Non Banking Financial Company (NBFC)
VIJIFIN,Viji Finance,9.09,41.87,172.91,0.0,1.14,445.45,0.89,56.14,10.16,Non Banking Financial Company (NBFC)
BAIDFIN,Baid Finserv,9.88,10.17,152.25,1.01,1.66,-54.4,25.01,13.07,10.93,Non Banking Financial Company (NBFC)
USHAFIN,Usha Financial,35.0,6.77,152.16,0.0,6.55,568.37,17.63,4.07,13.46,Non Banking Financial Company (NBFC)
IBLFL,IBL Finance,61.0,61.83,150.86,0.0,1.2,20.0,8.99,26.98,8.46,Non Banking Financial Company (NBFC)
SONAL,Sonal Mercantile,94.82,5.36,137.59,0.0,7.03,-25.45,13.37,56.19,6.09,Non Banking Financial Company (NBFC)
RSDFIN,RSD Finance,82.82,7.7,98.97,0.0,-3.3,-783.72,5.58,-84.8,8.02,Non Banking Financial Company (NBFC)
DCCL,Dar Credit & Cap,52.0,7.33,74.24,1.92,3.07,60.73,14.49,41.78,13.39,Non Banking Financial Company (NBFC)
TFL,Transwar.Fin.,10.66,,58.76,0.0,-1.4,-58.7,4.05,16.05,-0.38,Non Banking Financial Company (NBFC)
TRU,TruCap Finance,4.88,,58.72,0.0,-17.71,74.85,14.5,-58.95,-14.42,Non Banking Financial Company (NBFC)
CAPTRUST,Capital Trust,15.42,,53.61,0.0,-18.19,-977.78,9.43,-54.11,-16.96,Non Banking Financial Company (NBFC)
HBSL,HB Stockholdings,47.21,,33.1,2.12,-9.94,-38.83,0.36,28.57,-11.88,Non Banking Financial Company (NBFC)
TCIFINANCE,TCI Finance,15.19,,19.82,0.0,0.11,-97.57,0.0,,,Non Banking Financial Company (NBFC)
JINDRILL,Jindal Drilling,611.8,8.29,1770.45,0.16,45.38,-32.23,262.87,7.29,15.4,Offshore Support Solution Drilling
DOLPHIN,Dolphin Offshore,397.0,23.28,1595.34,0.0,28.33,171.1,45.36,121.92,14.92,Offshore Support Solution Drilling
ALPHAGEO,Alphageo (India),200.77,,127.11,3.98,-2.99,18.25,49.29,-30.14,-6.96,Offshore Support Solution Drilling
AAKASH,Aakash Explor.,9.15,26.47,92.65,0.0,1.88,571.43,32.65,26.7,7.93,Offshore Support Solution Drilling
ABAN,Aban Offshore,14.86,,84.91,0.0,29.56,110.69,91.31,-21.49,,Offshore Support Solution Drilling
DEEPINDS,Deep Industries,459.5,7.92,2931.43,0.66,-7.22,417.4,248.71,48.72,16.48,Oil Equipment & Services
ASIANENE,Asian Energy,350.6,29.48,1702.29,0.29,32.65,50.57,338.23,56.99,16.51,Oil Equipment & Services
TEJA,Teja Engineering,625.7,64.25,401.53,0.0,3.32,36.63,43.98,48.03,33.1,Oil Equipment & Services
OILCOUNTUB,Oil Country,58.89,,306.49,0.0,-13.64,-29.41,29.86,-13.02,-25.38,Oil Equipment & Services
ONGC,O N G C,252.37,7.62,317488.5,4.85,13677.87,47.8,173805.19,3.61,14.15,Oil Exploration & Production
OIL,Oil India,458.8,11.29,74728.15,2.51,2424.46,60.26,9293.27,5.51,11.56,Oil Exploration & Production
VOGL,Vedanta Oil and Gas,32.78,,12799.02,0.0,,,,,,Oil Exploration & Production
ANTELOPUS,Antelopus Selan,893.75,35.04,3139.97,0.0,38.08,157.65,102.01,65.28,21.22,Oil Exploration & Production
HINDOILEXP,Hind.Oil Explor.,167.5,70.06,2215.21,0.0,7.77,-84.81,-205.89,-574.51,3.41,Oil Exploration & Production
PRABHA,Prabha Energy,140.39,3373.85,1923.09,0.0,0.1,111.24,1.44,41.18,0.1,Oil Exploration & Production
GNRL,Guj.Nat.Resour.,91.88,142.5,1409.32,0.0,1.05,166.04,11.2,158.66,7.25,Oil Exploration & Production
AEGISVOPAK,Aegis Vopak Term,294.82,105.17,32655.87,0.07,73.87,17.55,243.45,22.23,7.56,Oil Storage & Transportation
GANESHBE,Ganesh Benzopl.,113.61,12.24,817.65,0.0,15.29,-49.37,111.47,11.55,14.6,Oil Storage & Transportation
LTFOODS,L T Foods,373.25,20.74,12971.49,0.8,135.67,-15.48,2906.7,30.44,17.74,Other Agricultural Products
KRBL,KRBL,343.85,12.16,7879.37,1.02,155.38,0.76,1525.5,5.77,15.16,Other Agricultural Products
GAEL,Guj. Ambuja Exp,139.14,20.77,6381.06,0.18,135.32,322.57,1466.51,15.78,12.51,Other Agricultural Products
KSCL,Kaveri Seed Co.,828.8,14.4,4258.79,0.6,-27.81,-21.23,107.11,18.68,18.79,Other Agricultural Products
TRUALT,TruAlt Bioenergy,431.9,38.63,3706.24,0.0,60.94,-46.39,595.52,-34.34,10.44,Other Agricultural Products
SANSTAR,Sanstar,105.95,61.49,2118.46,0.0,20.49,271.2,216.78,-4.47,5.69,Other Agricultural Products
AEROPLANE,A C J K Exports,189.37,19.0,1962.87,0.0,19.96,65.64,694.68,19.7,15.7,Other Agricultural Products
GRMOVER,GRM Overseas,89.87,24.92,1852.54,0.0,21.61,5.52,597.2,104.95,13.99,Other Agricultural Products
CLSEL,Chamanlal Setia,279.85,12.13,1392.81,0.89,38.27,55.89,428.37,16.5,18.32,Other Agricultural Products
GULPOLY,Gulshan Polyols,186.57,10.83,1162.28,0.16,37.54,434.76,550.82,6.98,18.31,Other Agricultural Products
AVTNPL,AVT Natural Prod,70.07,16.53,1071.01,1.14,22.02,53.34,226.49,44.43,14.22,Other Agricultural Products
BSHSL,Bombay Super Hyb,87.6,33.59,895.5,0.0,4.41,4.5,66.43,44.7,15.97,Other Agricultural Products
REGAAL,Regaal Resources,78.06,13.07,790.94,0.0,16.54,47.94,244.61,-5.39,12.05,Other Agricultural Products
MODINATUR,Modi Naturals,418.1,13.0,577.16,0.0,19.67,96.2,243.08,28.0,22.18,Other Agricultural Products
MGEL,Mangalam Global,16.35,16.34,534.92,0.06,12.48,160.54,1063.96,98.23,16.96,Other Agricultural Products
SUKHJITS,Sukhjit Starch,162.16,18.74,506.46,0.62,14.59,421.07,401.69,11.66,7.62,Other Agricultural Products
SARVESHWAR,Sarveshwar Foods,3.46,13.34,424.06,0.0,7.35,-14.53,382.62,9.41,10.41,Other Agricultural Products
SHETHJI,Shreeji Global,148.95,17.02,339.01,0.0,8.81,54.29,472.92,58.13,25.62,Other Agricultural Products
SHEETAL,Sheetal Univer.,291.4,29.0,333.83,0.17,9.98,25.22,127.69,169.33,22.49,Other Agricultural Products
NATHBIOGEN,Nath Bio-Genes,154.65,8.14,295.08,1.29,-0.01,-101.06,51.59,-0.73,7.1,Other Agricultural Products
SAWALIYA,Sawaliya Food,293.75,36.42,291.35,0.0,5.28,,21.4,,24.98,Other Agricultural Products
HALDER,Halder Venture,232.52,10.02,287.87,0.43,19.14,290.47,299.91,104.03,13.48,Other Agricultural Products
INDOUS,Indo US Bio-Tech,86.93,13.17,172.86,0.29,1.97,-46.47,26.02,-22.05,14.5,Other Agricultural Products
TBI,TBI Corn,62.45,6.18,113.4,0.0,8.11,32.52,166.64,41.68,18.26,Other Agricultural Products
KCK,KCK Industries,16.2,245.33,103.04,0.0,0.4,-21.57,21.37,3.24,1.83,Other Agricultural Products
OSWALSEEDS,Shreeoswal Seeds,10.19,12.91,93.21,0.0,2.11,283.64,56.08,116.94,19.89,Other Agricultural Products
USASEEDS,Upsurge Seeds,85.1,11.47,85.83,0.0,4.94,-16.41,63.6,-26.06,11.0,Other Agricultural Products
KOHINOOR,Kohinoor Foods,22.56,,84.02,0.0,87.63,105.93,27.74,41.1,-1.08,Other Agricultural Products
AGRITECH,Agri-Tech India,112.06,,67.53,0.0,-0.03,70.0,0.2,66.67,-1.11,Other Agricultural Products
VISHWAS,Vishwas Agri,45.65,21.33,45.65,0.0,0.24,-93.68,56.16,24.72,7.01,Other Agricultural Products
DHANLAXMI,Dhanlaxmi Crop,23.5,,38.37,0.0,-5.13,-1215.22,9.34,-0.11,0.93,Other Agricultural Products
NIRMAN,Nirman Agri,38.45,1.75,30.8,5.2,3.03,-77.8,50.34,-59.43,15.24,Other Agricultural Products
NFPSAMPOOR,NFP Sampoorna,24.05,6.71,30.38,0.0,2.55,119.83,22.17,40.76,24.14,Other Agricultural Products
SAIFL,Sameera Agro,5.0,1.78,29.77,0.0,6.65,46.48,94.3,13.3,17.73,Other Agricultural Products
VIKASWSP,Vikas Wsp,1.0,,20.44,0.0,-40.72,-9831.71,0.0,,-10.14,Other Agricultural Products
VIKASPROP,Vikas Proppant,0.27,,13.9,0.0,-0.06,14.29,0.0,,0.09,Other Agricultural Products
AUBANK,AU Small Finance,978.7,27.78,73373.51,0.1,831.87,65.15,5019.15,17.53,7.66,Other Bank
UJJIVANSFB,Ujjivan Small,68.78,14.77,13381.35,0.0,316.54,206.67,2024.92,25.08,7.73,Other Bank
EQUITASBNK,Equitas Sma. Fin,78.42,87.01,8969.3,0.0,212.68,405.06,1836.35,11.7,6.44,Other Bank
JSFB,Jana Small Finan,541.6,15.09,5729.13,0.0,155.23,52.29,1514.53,22.08,7.45,Other Bank
UTKARSHBNK,Utkarsh Small F.,14.46,,2573.19,0.0,-188.02,-6430.64,836.75,-4.87,1.46,Other Bank
SURYODAY,Suryoday Small,194.31,10.77,2067.26,0.77,75.18,113.1,622.36,25.69,7.33,Other Bank
ESAFSFB,ESAF Small Fin,35.55,,1841.61,0.0,23.51,112.83,995.08,11.55,5.65,Other Bank
FINOPB,Fino Payments,170.04,25.25,1410.84,0.0,7.1,-65.04,64.1,21.45,4.53,Other Bank
CAPITALSFB,Capital Small,299.55,9.03,1360.55,1.67,41.3,29.02,288.18,16.63,7.07,Other Bank
VBL,Varun Beverages,459.05,48.78,155238.17,0.33,878.72,20.08,6574.19,18.09,19.71,Other Beverages
GCSL,Gretex Corporate,521.05,54.64,1260.51,0.13,7.19,128.42,34.82,-41.84,16.67,Other Capital Market related Services
21STCENMGM,21st Cent. Mgmt.,36.39,,37.98,0.0,-12.87,-19.06,-9.63,-27.89,-57.0,Other Capital Market related Services
RAMCOIND,Ramco Inds.,334.05,9.63,2897.54,0.37,87.63,128.93,501.83,18.74,4.57,Other Construction Materials
BIRLANU,BirlaNu Ltd,1347.0,,1015.69,1.11,-22.35,-63.54,1010.13,8.74,-4.29,Other Construction Materials
ARIS,Arisinfra Solu.,122.19,18.39,1000.62,0.0,21.66,1332.3,343.36,55.26,15.57,Other Construction Materials
EVERESTIND,Everest Inds.,500.95,,782.86,0.2,-47.17,-31346.67,327.17,-27.72,-8.5,Other Construction Materials
VISHNUINFR,Vishnusurya Pro.,160.2,11.67,415.33,0.62,8.01,7.23,127.38,35.93,19.92,Other Construction Materials
TEAMTECH,Teamtech Formwork,130.0,33.62,389.69,0.0,7.33,,31.74,,41.17,Other Construction Materials
SAHYADRI,Sahyadri Industr,279.15,10.48,308.64,0.36,10.55,147.07,194.52,28.46,9.71,Other Construction Materials
MCON,MCON Rasayan,44.0,10.62,32.28,0.0,1.8,76.47,36.86,26.32,11.06,Other Construction Materials
SIS,SIS,438.7,17.99,6206.27,1.6,102.5,92.24,4489.3,30.96,13.68,Other Consumer Services
EFACTOR,E Factor Experie,162.0,10.81,212.73,0.74,14.61,-26.66,138.84,-9.5,24.71,Other Consumer Services
PARTYCRUS,Party Cruisers,90.0,8.72,107.47,0.0,2.82,33.02,33.33,11.58,39.65,Other Consumer Services
TOUCHWOOD,Touchwood Enter.,66.21,17.26,73.37,0.0,0.7,-50.0,27.94,12.03,13.39,Other Consumer Services
BLUEPEBBLE,Blue Pebble,70.0,58.29,28.56,0.71,-0.26,,11.14,,2.38,Other Consumer Services
THESL,Thinking Hats,18.1,18.23,22.6,0.0,0.51,-80.08,15.16,-61.15,5.96,Other Consumer Services
WAAREEENER,Waaree Energies,2711.8,19.87,78021.2,0.07,1126.26,70.64,8480.25,111.8,38.78,Other Electrical Equipment
APARINDS,Apar Inds.,13423.0,53.88,53943.29,0.38,253.44,3.66,6602.81,26.74,31.12,Other Electrical Equipment
PREMIERENE,Premier Energies,1024.7,30.79,46484.56,0.1,456.84,64.44,2230.3,37.6,33.32,Other Electrical Equipment
EMMVEE,Emmvee Photovol.,319.75,17.38,22144.61,0.0,380.29,102.64,1555.52,51.34,44.83,Other Electrical Equipment
MTARTECH,MTAR Technologie,5875.0,182.43,17903.6,0.0,44.34,212.25,306.03,67.14,15.2,Other Electrical Equipment
DIACABS,Diamond Power,273.93,97.85,14440.15,0.0,57.21,638.19,714.62,114.08,24.2,Other Electrical Equipment
AVALON,Avalon Tech,1740.8,102.98,11631.26,0.0,41.15,69.48,479.89,40.0,19.54,Other Electrical Equipment
UTLSOLAR,Fujiyama Power,375.95,37.9,11525.79,0.0,106.32,107.49,900.77,87.52,34.95,Other Electrical Equipment
WAAREERTL,Waaree Renewab.,943.4,19.28,9842.53,0.11,114.49,32.3,811.34,34.53,85.38,Other Electrical Equipment
GENUSPOWER,Genus Power,313.85,16.1,9536.46,0.78,171.76,41.08,1537.13,64.09,23.94,Other Electrical Equipment
VIKRAMSOLR,Vikram Solar,183.75,14.07,6658.98,0.0,110.42,21.86,1452.82,21.73,30.56,Other Electrical Equipment
SAATVIKGL,Saatvik Green,437.15,15.43,5562.03,0.0,60.42,-33.6,1607.66,74.95,32.92,Other Electrical Equipment
SHILCTECH,Shilchar Tech.,4122.0,29.76,4708.41,0.3,28.39,-48.72,151.65,-34.59,50.74,Other Electrical Equipment
WEBELSOLAR,Websol Energy,100.16,14.32,4354.19,0.0,124.5,152.31,401.45,132.07,63.18,Other Electrical Equipment
RAMRAT,Ram Ratna Wires,407.95,34.78,3808.17,0.61,39.23,116.84,1752.85,83.21,23.58,Other Electrical Equipment
RELTD,Ravindra Energy,173.28,42.78,3450.35,0.0,12.62,-52.63,133.06,-16.31,15.89,Other Electrical Equipment
ORIANA,Oriana Power Ltd,1417.25,11.41,2879.73,0.0,130.41,19.02,1032.49,64.51,39.61,Other Electrical Equipment
RISHABH,Rishabh Instrum.,632.25,30.13,2455.57,0.32,20.03,212.2,204.86,9.29,14.5,Other Electrical Equipment
ADVAIT,Advait Energy,2239.5,47.41,2452.29,0.08,19.08,55.55,228.2,18.04,27.91,Other Electrical Equipment
SERVOTECH,Servotech Renew,97.31,58.67,2197.7,0.05,8.06,74.62,215.79,57.81,12.82,Other Electrical Equipment
ALPEXSOLAR,Alpex Solar,845.2,10.68,2158.89,0.0,53.27,50.27,671.96,105.25,43.53,Other Electrical Equipment
RIR,RIR Power Electr,157.66,175.82,1253.6,0.13,1.39,-42.8,23.95,-9.49,7.93,Other Electrical Equipment
VIVIDEL,Vivid Electromech,1258.55,35.39,1118.57,0.0,22.16,41.69,129.57,27.96,58.63,Other Electrical Equipment
SALZERELEC,Salzer Electron.,578.1,19.16,1021.71,0.43,10.02,13.61,462.09,26.4,11.38,Other Electrical Equipment
MODISONLTD,Modison,290.3,11.96,941.22,1.89,36.0,442.75,287.32,120.9,30.98,Other Electrical Equipment
KECL,Kirl. Electric,125.91,95.48,832.61,0.0,-0.63,83.64,163.57,26.67,14.59,Other Electrical Equipment
MEIL,Mangal Electrica,288.05,18.4,794.38,0.0,12.75,-8.47,179.42,17.24,14.73,Other Electrical Equipment
PROSTARM,Prostarm Info,121.65,20.63,716.79,0.0,8.76,28.07,102.95,32.04,17.71,Other Electrical Equipment
PARTH,Parth Electrical,478.35,45.91,653.8,0.0,8.13,35.73,117.61,12.26,21.05,Other Electrical Equipment
GGBL,Ganesh Green,258.1,8.52,640.11,0.19,42.34,147.6,724.85,300.98,36.81,Other Electrical Equipment
SAAKSHI,Saakshi Medtech,309.9,44.52,547.16,0.0,5.66,349.21,57.19,19.22,14.32,Other Electrical Equipment
SUPREMEPWR,Supreme Power,200.2,24.48,500.32,0.0,11.03,-3.84,109.42,21.62,21.51,Other Electrical Equipment
GPECO,GP Eco Solutions,420.1,12.39,497.01,0.0,32.94,424.16,292.91,79.56,38.27,Other Electrical Equipment
URJA,Urja Global,9.05,355.27,476.06,0.0,0.36,66.67,17.58,2.33,1.27,Other Electrical Equipment
S&SPOWER,S & S Power Swit,344.65,44.55,450.44,0.0,1.9,1457.14,65.07,17.24,9.29,Other Electrical Equipment
AEPL,Artemis Electri.,15.19,42.9,380.05,0.03,3.1,-18.64,40.75,8.7,12.97,Other Electrical Equipment
RMC,RMC Switchgears,268.0,12.55,282.51,0.0,9.27,-5.89,142.94,-13.71,22.01,Other Electrical Equipment
SAHAJSOLAR,Sahaj Solar,123.0,9.14,270.26,0.41,25.22,7.01,308.07,32.98,21.62,Other Electrical Equipment
PIGL,Power & Instrum.,109.56,16.03,232.14,0.18,3.93,29.51,58.53,6.24,15.47,Other Electrical Equipment
SPCL,Shivalic Power,70.95,14.54,171.1,0.0,7.96,10.91,101.18,28.32,12.79,Other Electrical Equipment
AKANKSHA,Akanksha Power,86.95,29.35,170.25,0.0,2.41,56.96,43.8,66.86,11.0,Other Electrical Equipment
EEPL,Eppeltone Ene.,100.35,10.5,130.05,0.0,6.12,-11.69,88.47,19.28,18.54,Other Electrical Equipment
SMARTEN,Smarten Power,59.0,12.74,112.1,0.0,2.92,-56.93,127.4,36.18,17.79,Other Electrical Equipment
VDEAL,Vdeal System,158.0,18.57,77.27,0.0,2.88,5.11,28.35,16.43,17.18,Other Electrical Equipment
GENSOL,Gensol Engineer.,18.35,0.69,70.55,0.0,17.86,32.52,344.51,56.42,14.33,Other Electrical Equipment
SEL,Sungarner Energ.,265.5,16.07,61.56,0.0,2.81,234.52,48.95,124.85,23.45,Other Electrical Equipment
EFORCE,Electro Force,21.35,79.3,49.96,0.0,-0.23,-119.49,9.65,-73.78,1.31,Other Electrical Equipment
ATCENERGY,ATC Energies,22.15,,45.16,0.0,-2.09,-137.25,17.85,-38.06,0.63,Other Electrical Equipment
PERFECT,Perfect Infraeng,2.85,6.09,4.99,0.0,0.71,-49.29,2.66,-41.41,0.92,Other Electrical Equipment
CRISIL,CRISIL,4399.6,36.38,32167.49,0.57,216.46,26.16,1075.39,27.56,32.55,Other Financial Services
KISSHT,Onemi Technology,345.95,20.7,5826.1,0.0,82.18,51.71,619.35,67.76,22.59,Other Financial Services
ALGOQUANT,Algoquant Fin,65.42,56.11,1837.0,0.0,15.88,1398.11,77.28,43.35,31.43,Other Financial Services
GYFTR,GYFTR,149.83,52.24,1139.26,0.0,6.17,130.19,302.48,1992.87,6.77,Other Financial Services
CENTRUM,Centrum Capital,23.18,,1119.3,0.0,-31.27,-573.32,1029.69,-7.75,7.45,Other Financial Services
WEALTH,Wealth First Por,962.35,26.44,1022.29,2.08,10.49,345.22,16.51,606.44,34.63,Other Financial Services
PRIMESECU,Prime Securities,279.4,55.59,948.29,0.54,2.01,-74.9,33.68,-27.13,8.25,Other Financial Services
RNFI,RNFI Services,266.1,23.28,674.75,0.0,8.36,66.45,239.34,11.59,27.26,Other Financial Services
THEINVEST,The Invest.Trust,97.02,17.16,504.71,0.0,6.09,6.78,53.12,-43.48,8.54,Other Financial Services
NDLVENTURE,NDL Ventures,127.47,473.17,430.58,0.39,0.15,7.14,0.0,,2.04,Other Financial Services
AKIKO,Akiko,332.0,23.32,357.55,0.0,5.52,2.6,57.72,48.11,37.12,Other Financial Services
DELPHIFX,Delphi World,6.9,54.67,169.48,0.0,-1.86,-172.47,68.52,445.11,8.95,Other Financial Services
PML,Paul Merchants,485.25,16.47,150.41,0.0,2.29,225.07,482.12,-17.23,2.54,Other Financial Services
RELIABLE,Reliable Data,143.83,21.29,147.95,0.03,1.28,-64.86,55.03,3.81,12.16,Other Financial Services
MAHAPEXLTD,Maha Rashtra Apx,44.02,,120.84,0.0,-4.96,-135.99,0.06,-80.0,-1.47,Other Financial Services
PIONRINV,Pioneer Invest,97.25,7.41,117.95,0.0,1.69,-40.49,3.9,-60.65,10.95,Other Financial Services
THACKER,Thacker & Co.,1044.1,5.92,113.57,0.0,4.38,-24.09,1.26,-33.33,2.3,Other Financial Services
MYMUDRA,My Mudra Fin.,74.15,7.04,84.47,0.0,6.63,7.98,58.89,26.29,26.18,Other Financial Services
GATECH,GACM Tech,0.49,7.96,62.34,0.0,1.57,2.61,4.85,17.15,10.07,Other Financial Services
GLFL,Guj. Lease Fin.,5.01,271.72,13.59,0.0,0.06,20.0,0.0,,0.84,Other Financial Services
GATECHDVR,GACM Tech-DVR,0.45,0.97,8.34,0.0,1.66,-5.14,6.0,23.97,11.27,Other Financial Services
EIDPARRY,EID Parry,759.15,20.62,13508.63,0.0,-287.17,-90.86,7882.33,15.73,16.96,Other Food Products
MANORAMA,Manorama Indust.,1579.9,42.79,9979.37,0.04,59.52,40.81,382.3,64.21,35.45,Other Food Products
ORKLAINDIA,Orkla India,559.45,25.79,7689.04,0.0,73.43,33.93,625.8,4.97,15.24,Other Food Products
KRISHIVAL,Krishival Foods,391.15,46.65,1002.07,0.06,5.59,32.68,102.07,38.42,16.21,Other Food Products
SHRIAHIMSA,Shri Ahimsa,380.0,29.6,890.37,0.0,15.24,24.41,62.8,14.0,22.96,Other Food Products
FRESHARA,Freshara Agro,328.5,21.31,771.95,0.0,21.31,22.4,179.16,18.92,20.92,Other Food Products
PROV,Proventus Agro.,1710.0,41.76,590.53,0.0,7.58,196.84,535.38,85.81,11.48,Other Food Products
MEGASTAR,Megastar Foods,345.05,42.34,387.85,0.0,2.17,60.74,146.06,21.91,11.64,Other Food Products
MADHUSUDAN,Madhusudan Masa,236.3,20.88,381.27,0.0,5.81,56.18,89.54,38.86,16.25,Other Food Products
HOACFOODS,Hoac Foods,739.0,72.9,320.76,0.0,2.33,48.41,28.77,86.21,32.12,Other Food Products
SSFL,Srivari Spices &,261.95,13.88,224.5,0.19,9.04,87.94,95.65,61.9,29.16,Other Food Products
SHIVASHRIT,Shivashrit Foods,113.75,14.79,207.81,0.0,6.54,12.18,52.33,-2.91,19.15,Other Food Products
GOYALSALT,Goyal Salt,114.0,17.98,204.06,0.0,4.97,26.79,111.41,80.54,19.64,Other Food Products
SHYAMDHANI,Shyam Dhani Ind.,58.25,14.09,120.32,0.0,4.34,12.73,81.99,25.81,16.98,Other Food Products
JEYYAM,Jeyyam Global,25.0,8.64,118.74,0.0,2.82,-77.51,270.55,-30.09,10.84,Other Food Products
BABAFP,Baba Food,23.3,,38.04,0.0,-2.74,-242.71,104.35,-14.02,1.31,Other Food Products
SANWARIA,Sanwaria Consum.,0.2,,6.31,0.0,-1.21,6.92,0.27,3.85,-1.63,Other Food Products
HBLENGINE,HBL Engineering,704.95,23.27,19498.44,0.28,63.73,44.18,604.12,27.03,58.45,Other Industrial Products
INOXINDIA,Inox India,2011.9,70.2,18263.39,0.1,75.24,11.19,460.65,24.7,33.48,Other Industrial Products
ESABINDIA,Esab India,5725.5,45.73,8814.57,1.31,43.55,-8.18,395.75,7.62,64.68,Other Industrial Products
KRN,KRN Heat Exchan,1229.1,105.16,8041.93,0.0,23.36,57.09,179.48,36.49,16.06,Other Industrial Products
SUBROS,Subros,776.3,29.47,5052.18,0.33,49.33,6.77,1049.76,15.55,19.75,Other Industrial Products
HARSHA,Harsha Engg Intl,403.65,26.33,3676.33,0.37,47.23,200.64,473.91,27.06,13.0,Other Industrial Products
ADOR,Ador Welding,1462.7,21.23,2541.9,1.57,27.35,890.46,308.63,23.19,22.71,Other Industrial Products
DIFFNKG,Diffusion Eng,385.1,28.39,1443.67,0.39,15.97,22.81,141.57,38.08,16.42,Other Industrial Products
VILAS,Vilas Transcore,358.1,22.16,876.63,0.0,15.18,-26.24,231.91,21.66,16.12,Other Industrial Products
MICEL,MIC Electronics,36.38,,876.32,0.0,-18.35,-614.01,50.79,13.24,8.55,Other Industrial Products
SAHASRA,Sahasra Electro.,312.4,55.02,780.77,0.32,6.31,384.57,78.12,57.66,6.04,Other Industrial Products
MALLCOM,Mallcom (India),1001.6,20.92,628.37,0.3,6.3,-29.61,146.69,6.63,11.44,Other Industrial Products
TANKUP,Tankup Engi.,1123.7,124.48,595.0,0.0,2.74,174.0,35.6,162.73,18.95,Other Industrial Products
MEGATHERM,Megatherm Indu.,216.5,16.81,407.9,0.0,11.64,2.08,187.18,8.47,18.1,Other Industrial Products
CGRAPHICS,Creative Graphic,130.65,16.91,317.29,0.0,6.57,-43.46,170.09,23.23,15.75,Other Industrial Products
UHTL,United Heat,104.0,39.45,197.64,0.0,4.17,86.16,51.44,33.92,11.84,Other Industrial Products
SHUBHSHREE,Shubhshree Bio.,342.0,17.03,179.28,0.0,6.86,59.85,105.78,24.01,32.58,Other Industrial Products
RAPPID,Rappid Valves,330.6,26.49,171.65,0.0,3.1,-14.84,24.41,-24.92,16.22,Other Industrial Products
ENVIRO,Envirotech Sys.,77.05,11.95,144.77,0.0,6.13,-45.37,31.54,0.73,22.66,Other Industrial Products
AERON,Aeron Composites,80.5,15.46,137.01,0.0,1.48,-75.83,103.01,-5.14,9.77,Other Industrial Products
SRIVASAVI,Srivasavi Adhes.,82.3,19.64,116.65,0.0,2.92,17.27,54.87,9.74,15.29,Other Industrial Products
HOLMARC,Holmarc Opto,110.0,27.1,110.55,0.36,3.83,56.0,26.04,29.17,18.12,Other Industrial Products
BEARDSELL,Beardsell,27.16,9.37,107.12,0.37,4.38,134.22,71.78,-4.83,16.72,Other Industrial Products
CLASSICEIL,Classic Electrod,57.15,8.1,102.67,0.0,6.2,12.93,120.81,20.51,19.34,Other Industrial Products
EXCELLENT,Excellent Wires,212.9,63.03,95.17,0.0,1.06,37.66,12.72,8.72,9.68,Other Industrial Products
WOL3D,WOL 3D India,137.0,13.25,88.39,0.0,2.84,6.77,56.06,119.76,20.65,Other Industrial Products
AMEYA,Ameya Precision,104.95,14.08,78.71,0.0,2.71,10.16,20.01,1.68,25.31,Other Industrial Products
DELTAMAGNT,Delta Manufact.,57.31,,62.45,0.0,-2.62,17.54,18.49,18.6,-0.45,Other Industrial Products
PSFL,Paramount Specia,31.05,14.35,61.12,0.0,2.07,-27.87,61.61,-1.57,9.41,Other Industrial Products
ARCIIL,ARC Insulation,37.0,20.49,38.1,0.0,1.0,,10.85,,6.5,Other Industrial Products
JIWANRAM,Jiwanram Sheo,5.05,12.37,12.5,0.0,0.36,-66.97,42.77,21.75,2.77,Other Industrial Products
RAILTEL,Railtel Corpn.,287.55,25.36,9225.4,0.99,141.75,35.68,1668.86,27.56,22.78,Other Telecom Services
ROUTE,Route Mobile,600.45,10.69,3783.02,1.83,68.55,17.67,1151.51,9.58,17.24,Other Telecom Services
STLNETWORK,STL Networks,24.67,,1194.44,0.0,-46.89,-122.42,203.08,12.38,0.61,Other Telecom Services
GTL,GTL,7.15,,112.16,0.0,609.05,-104.17,58.25,-16.67,,Other Telecom Services
ACCORD,Accord Synergy,202.35,52.83,70.26,0.0,0.18,162.07,17.68,22.78,9.24,Other Telecom Services
VIVO,Vivo Collaborat.,77.35,,15.59,0.0,1.17,160.0,3.25,273.56,-7.22,Other Telecom Services
UNIINFO,Uniinfo Telecom,12.4,,13.26,0.0,-0.76,-430.0,12.17,63.58,-0.99,Other Telecom Services
KPRMILL,K P R Mill Ltd,1033.4,42.04,35334.67,0.48,227.17,11.06,1784.65,0.89,19.58,Other Textile Products
VTL,Vardhman Textile,610.1,23.68,17648.25,0.82,189.26,-22.17,2497.98,-0.42,8.86,Other Textile Products
WELSPUNLIV,Welspun Living,164.99,72.69,15833.7,0.06,106.16,-21.33,2435.43,-7.95,6.25,Other Textile Products
TRIDENT,Trident,25.19,32.41,12811.55,1.98,158.09,12.95,1786.83,4.68,9.79,Other Textile Products
ICIL,Indo Count Inds.,398.55,62.34,7897.42,0.5,24.2,14.96,1057.68,3.43,8.14,Other Textile Products
GARFIBRES,Garware Tech.,746.25,35.38,7390.16,1.07,57.26,-5.11,426.41,-1.42,21.96,Other Textile Products
KUSUMGAR,Kusumgar,608.25,72.37,6383.33,0.0,,,,,18.84,Other Textile Products
ALOKINDS,Alok Industries,12.02,,5963.27,0.0,-138.25,21.16,993.11,6.5,-3.95,Other Textile Products
RAYMONDLSL,Raymond Lifestyl,715.95,39.69,4363.67,0.14,-52.06,124.39,1776.45,18.89,3.52,Other Textile Products
SANATHAN,Sanathan Textile,483.6,58.68,4082.61,0.0,21.57,-50.58,1169.18,59.68,6.89,Other Textile Products
JINDWORLD,Jindal Worldwide,34.04,48.59,3391.86,0.0,26.13,18.66,640.18,5.72,8.94,Other Textile Products
GANECOS,Ganesha Ecosphe.,1194.75,83.9,3205.73,0.38,23.21,-2.31,423.94,23.1,5.42,Other Textile Products
FILATEX,Filatex India,72.0,17.4,3199.0,0.35,40.25,-2.73,985.49,-8.75,16.97,Other Textile Products
SANGAMIND,Sangam India,619.7,24.94,3133.17,0.32,39.35,618.23,845.54,7.61,10.67,Other Textile Products
NITINSPIN,Nitin Spinners,528.8,16.71,2967.35,0.57,57.36,23.7,859.79,2.2,12.21,Other Textile Products
SIYSIL,Siyaram Silk,615.55,13.68,2793.2,1.95,97.78,35.71,853.29,15.91,18.82,Other Textile Products
SPORTKING,Sportking India,206.87,21.99,2632.28,0.48,32.76,-7.3,636.78,1.27,13.0,Other Textile Products
BOMDYEING,Bombay Dyeing,120.4,381.3,2486.06,0.33,21.04,81.58,395.84,10.26,1.27,Other Textile Products
SUMEETINDS,Sumeet Industrie,30.28,77.31,2095.81,0.0,7.5,100.25,265.72,9.34,13.23,Other Textile Products
AYMSYNTEX,AYM Syntex,236.98,212.71,1395.41,0.0,9.03,344.83,365.77,1.43,5.35,Other Textile Products
RUBYMILLS,Ruby Mills,416.0,31.89,1389.61,0.42,11.07,-30.86,123.38,51.28,6.8,Other Textile Products
PASHUPATI,Pashupati Cotsp.,86.99,131.33,1364.55,0.06,1.62,-77.47,160.28,25.74,10.07,Other Textile Products
FAZE3Q,Faze Three,545.0,39.28,1318.74,0.0,19.6,12.45,277.18,31.65,9.18,Other Textile Products
INDORAMA,Indo Rama Synth.,47.68,8.13,1242.44,0.0,64.13,25.57,1201.68,0.27,17.94,Other Textile Products
CENTENKA,Century Enka,565.25,11.94,1231.54,1.95,39.91,458.03,483.53,8.9,9.01,Other Textile Products
RAJRILTD,Raj Rayon Inds.,21.26,34.73,1180.57,0.0,14.03,4.39,294.82,43.22,13.6,Other Textile Products
GHCLTEXTIL,GHCL Textiles,114.98,17.24,1101.07,0.52,27.66,94.79,363.69,28.24,5.75,Other Textile Products
HIMATSEIDE,Himatsing. Seide,81.41,16.52,1023.54,0.31,1.41,-98.53,617.22,-6.04,8.8,Other Textile Products
NAHARSPING,Nahar Spinning,273.75,44.14,996.61,0.37,23.42,1.2,916.82,4.71,3.2,Other Textile Products
RSWM,RSWM Ltd,212.13,16.0,995.51,0.0,33.84,2190.6,1141.96,-9.1,6.0,Other Textile Products
PRECOT,Precot,825.6,27.64,990.72,0.36,11.74,-25.37,257.66,13.13,10.85,Other Textile Products
AMBIKCO,Ambika Cotton,1697.1,13.54,968.7,2.18,24.53,54.67,215.16,57.85,11.41,Other Textile Products
SWARAJ,Swaraj Suiting,364.65,17.92,962.14,0.0,24.68,34.57,207.25,22.42,17.92,Other Textile Products
MAFATIND,Mafatlal Inds.,132.36,10.4,954.55,1.89,17.94,-22.59,883.7,96.47,12.79,Other Textile Products
BORANA,Borana Weaves,326.85,13.48,871.04,0.0,17.21,57.89,100.73,27.99,32.74,Other Textile Products
SARLAPOLY,Sarla Performanc,101.78,12.71,847.74,1.97,-59.72,37.01,102.53,2.19,10.47,Other Textile Products
RAJPALAYAM,Rajapalayam Mill,823.1,6.73,763.52,0.06,29.61,639.96,269.34,21.32,1.81,Other Textile Products
DCMSIL,DCM Shriram Intl,81.39,67.24,703.96,0.49,-18.22,-87.99,116.36,-3.22,3.57,Other Textile Products
UNITEDPOLY,United Polyfab,29.6,28.58,694.28,0.0,7.06,81.03,172.03,12.12,17.75,Other Textile Products
SUTLEJTEX,Sutlej Textiles,38.03,,623.04,0.0,-18.18,46.07,693.19,2.14,-2.32,Other Textile Products
ORBTEXP,Orbit Exports,232.09,18.66,608.39,0.0,1.0,-84.87,49.28,-2.95,14.62,Other Textile Products
NAHARINDUS,Nahar Indl. Ent.,116.09,9.68,502.68,0.0,24.97,54.39,339.48,-12.99,6.63,Other Textile Products
AASTHA,Aastha Spintex,103.0,19.34,454.4,0.0,,,,,22.78,Other Textile Products
DONEAR,Donear Inds.,84.37,10.15,441.33,0.24,5.15,217.9,238.97,-7.25,13.52,Other Textile Products
ABCOTS,AB Cotspin,200.38,33.21,440.33,0.0,1.96,4.26,104.21,22.67,9.96,Other Textile Products
BANSWRAS,Banswara Syntex,127.59,11.66,435.63,0.78,11.49,178.02,365.65,7.52,8.98,Other Textile Products
GINNIFILA,Ginni Filaments,47.02,8.91,400.4,0.0,7.13,-28.11,90.1,0.11,21.55,Other Textile Products
MANOMAY,Manomay Tex Indi,203.55,18.67,366.76,0.0,5.0,50.15,203.97,13.86,11.41,Other Textile Products
ALPINETEX,Alpine Texworld,90.04,16.04,344.27,0.0,,,,,17.86,Other Textile Products
VARDHACRLC,Vardhman Acrylic,42.1,12.42,338.33,3.56,15.59,695.41,83.5,15.8,11.77,Other Textile Products
NDL,Nandan Denim,2.32,10.05,332.99,0.0,9.51,-10.37,539.98,-48.51,7.32,Other Textile Products
ASHIMASYN,Ashima,16.95,,328.72,0.0,1.93,457.35,8.33,200.72,0.43,Other Textile Products
SOMATEX,Soma Textiles,101.06,,328.29,0.49,4.88,965.71,50.82,1213.18,-0.66,Other Textile Products
VGL,Varvee Global,62.11,25.6,318.71,0.0,-28.59,-222.32,23.38,211.73,18.9,Other Textile Products
VARDMNPOLY,Vardhman Polytex,6.11,38.81,298.09,0.0,0.88,-11.11,64.85,-20.14,,Other Textile Products
SHREEKARNI,Shree Karni,403.0,19.12,291.32,0.0,9.18,-11.43,96.24,6.73,12.81,Other Textile Products
AXITA,Axita Cotton,7.31,147.23,279.74,0.0,-2.34,-25.81,61.03,-56.36,6.32,Other Textile Products
DCMNVL,DCM Nouvelle,147.35,73.61,276.77,0.0,3.97,-19.2,263.04,-6.5,4.27,Other Textile Products
SPUNWEB,Spunweb Nonwoven,106.0,11.07,255.49,0.0,12.33,67.76,188.08,52.29,26.87,Other Textile Products
RNBDENIMS,R&B Denims,9.42,13.42,254.53,0.0,1.12,-85.28,137.65,37.94,11.38,Other Textile Products
LEMERITE,Le Merite Export,20.18,21.77,252.59,0.0,0.87,-65.96,75.31,-40.28,9.95,Other Textile Products
MARALOVER,Maral Overseas,56.9,61.91,238.98,0.0,13.31,5886.96,258.22,-6.0,7.5,Other Textile Products
BASML,Bannari Amm Spg.,27.01,38.14,215.87,0.93,1.38,-54.9,220.71,-2.13,6.8,Other Textile Products
RRIL,RRIL,16.67,23.42,203.03,0.0,2.94,46.27,27.4,-10.19,9.79,Other Textile Products
SHREEDHAR,Shreedhar Spinners,93.5,32.49,200.45,0.0,,,,,12.07,Other Textile Products
SURYALA,Suryalata Spg.,443.05,5.26,186.62,0.45,10.81,29.93,104.52,-14.1,14.05,Other Textile Products
SHIVATEX,Shiva Texyarn,150.35,19.1,185.68,0.4,0.32,-94.84,82.87,-9.51,10.81,Other Textile Products
MODTHREAD,Modern Threads,49.56,13.22,172.35,0.0,4.41,46.03,78.14,15.92,12.81,Other Textile Products
TTL,T T,6.4,,167.13,0.78,0.69,116.79,57.09,-8.64,5.82,Other Textile Products
SRTL,Shree Ram Twist.,40.84,11.52,163.22,0.0,3.43,233.01,47.9,-53.25,13.96,Other Textile Products
LAGNAM,Lagnam Spintex,89.59,11.0,158.29,0.0,8.35,-2.22,179.65,10.31,10.07,Other Textile Products
MHLXMIRU,Mahalaxmi Rubtec,138.71,6.83,148.85,0.0,5.43,17.79,29.56,29.2,32.4,Other Textile Products
AVIANSH,Avi Ansh,102.1,109.77,142.7,0.0,0.67,-15.19,78.22,15.11,5.14,Other Textile Products
INDIANCARD,Indian CardCloth,220.99,30.11,136.98,0.0,-3.38,-131.44,11.24,9.98,2.01,Other Textile Products
SALONA,Salona Cotspin,255.05,84.57,131.92,0.39,-1.37,53.08,110.46,-25.26,8.33,Other Textile Products
BSL,BSL,124.46,53.87,128.2,0.64,-0.99,-453.57,147.81,-4.95,6.01,Other Textile Products
PREMCO,Premco Global,367.0,18.0,121.88,1.63,-1.05,-137.63,21.41,-24.45,8.99,Other Textile Products
WEIZMANIND,Weizmann,78.0,19.97,120.99,0.64,0.36,104.15,32.36,-10.73,14.27,Other Textile Products
LAMBODHARA,Lambodhara Text.,112.96,10.67,117.38,0.44,3.13,1322.73,57.23,5.26,12.31,Other Textile Products
SURYALAXMI,Suryalak. Cott.,56.48,36.64,108.09,0.0,0.83,-61.24,240.51,-2.38,6.36,Other Textile Products
LOYALTEX,Loyal Textile,207.06,,96.43,0.0,-24.12,72.05,81.84,-41.53,-4.1,Other Textile Products
GLOBE,Globe Enterprises,2.13,8.75,95.94,0.0,1.27,2016.67,178.1,36.98,10.86,Other Textile Products
RELCHEMQ,Rel. Chemotex,126.81,18.09,95.13,0.39,1.75,-4.89,88.18,7.27,7.34,Other Textile Products
BHANDARI,Bhandari Hosiery,2.88,12.17,94.59,0.69,1.89,-28.68,90.05,0.92,7.74,Other Textile Products
SELMC,SEL Mfg. Co,28.18,,94.27,0.0,-41.86,-1.28,2.32,-18.31,-13.9,Other Textile Products
KEN,Ken Enter.,36.45,5.81,89.54,0.0,9.86,36.94,358.98,34.26,24.99,Other Textile Products
FIBERWEB,Fiberweb (India),30.15,8.69,87.0,0.0,-1.52,-130.34,9.72,-63.68,7.57,Other Textile Products
DIGJAMLMTD,Digjam,42.0,35.41,82.15,0.0,-0.73,146.0,8.21,32.85,5.21,Other Textile Products
DIVYADHAN,Divyadhan Recy.,54.8,45.85,78.4,0.0,1.75,1358.33,43.28,54.24,7.14,Other Textile Products
NAGREEKEXP,Nagreeka Exports,22.99,23.53,72.0,0.0,0.43,304.76,170.1,47.23,5.31,Other Textile Products
SIDDHICOTS,Siddhi Cotspin,28.45,7.2,69.43,0.0,4.2,-39.48,258.45,19.35,10.64,Other Textile Products
DAMODARIND,Damodar Indust.,29.4,19.52,68.5,0.0,0.92,-71.34,111.5,30.95,7.06,Other Textile Products
PIONEEREMB,Pion. Embroider.,21.83,,67.24,0.0,4.17,199.28,86.03,-3.08,2.24,Other Textile Products
CLCIND,CLC Industries,54.05,,56.18,0.0,-0.02,99.51,44.35,-20.18,-4.6,Other Textile Products
SHIVAMILLS,Shiva Mills,59.02,,51.0,0.0,1.41,283.12,36.87,-10.16,-0.07,Other Textile Products
SVPGLOB,SVP Global,3.99,,50.73,0.0,199.99,70.28,0.0,-100.0,-16.15,Other Textile Products
SILKY,Silky Overseas,73.95,6.95,47.09,0.0,-0.61,-123.46,12.5,-47.17,17.88,Other Textile Products
MORARJEE,Morarjee Text.,12.4,,45.05,0.0,-105.59,-201.43,13.22,-74.2,-26.12,Other Textile Products
SHEKHAWATI,Shekhawati Inds,11.87,4.71,40.68,0.0,4.63,2993.75,8.31,-24.18,47.29,Other Textile Products
VERA,Vera Synthetic,74.55,10.42,36.79,0.0,1.54,100.0,24.52,28.31,19.12,Other Textile Products
AKSHAR,Akshar Spintex,0.42,,32.3,0.0,-0.39,65.79,34.4,12.49,-8.54,Other Textile Products
MOHITIND,Mohit Industries,22.82,,32.29,0.0,0.07,126.19,36.83,2.5,1.65,Other Textile Products
SUPERSPIN,Super Spinning,5.41,,31.16,0.0,-7.13,46.0,1.64,-13.68,2.96,Other Textile Products
SGL,STL Global,9.86,,27.6,0.0,-0.7,-79.49,20.62,-24.8,1.56,Other Textile Products
EASTSILK,ESI,53.58,,26.8,0.0,-13.42,-480.79,5.5,15.79,-5.83,Other Textile Products
PARAMOUNT,Paramount Dye,37.0,3.96,25.69,0.0,-0.02,-2.7,42.89,-4.75,9.54,Other Textile Products
LAXMICOT,Laxmi Cotspin,14.46,,24.79,0.0,-1.43,-164.13,17.28,-23.06,1.87,Other Textile Products
CEDAAR,Cedaar Textile,17.85,,24.77,0.0,-75.2,-1180.46,81.83,-36.92,-50.96,Other Textile Products
RAJASPETRO,Rajas. Petro Syn,13.13,,21.26,0.0,0.01,-98.44,0.06,0.0,,Other Textile Products
NEELAM,Neelam Linens,9.7,12.65,19.61,0.0,0.12,-93.18,64.21,-12.27,7.82,Other Textile Products
MFML,Mahalaxmi Fab.,19.21,3.69,19.37,0.0,1.55,170.45,38.43,45.79,6.64,Other Textile Products
WINSOME,Winsome Yarns,2.31,,17.66,0.0,-3.66,-94.68,0.78,85.71,-13.51,Other Textile Products
GAJANAND,Gajanand Inter.,8.6,405.0,16.2,0.0,-0.05,93.59,57.2,10.87,1.8,Other Textile Products
FLEXITUFF,Flexituff Vent.,4.81,,15.57,0.0,-69.26,-151.89,0.27,-99.55,-26.79,Other Textile Products
EUROTEXIND,Eurotex Industri,12.8,,11.2,0.0,-0.93,-155.69,0.01,-98.0,0.44,Other Textile Products
RAJVIR,Rajvir Inds.,6.23,,2.49,0.0,-8.52,2.29,6.45,-15.91,,Other Textile Products
NESTLEIND,Nestle India,1447.9,74.43,279462.58,0.83,975.12,48.61,6378.18,25.16,84.14,Packaged Foods
BRITANNIA,Britannia Inds.,5388.0,51.21,129674.64,1.68,679.68,21.14,4718.92,6.47,56.0,Packaged Foods
ZYDUSWELL,Zydus Wellness,550.9,76.66,17542.81,0.22,162.0,-5.76,1484.7,62.6,4.91,Packaged Foods
BIKAJI,Bikaji Foods,630.8,57.29,15832.62,0.2,63.61,31.29,667.31,14.15,21.97,Packaged Foods
BBTC,The Bombay Burmah,1469.5,8.67,10254.69,1.16,780.8,39.72,4817.99,6.62,32.98,Packaged Foods
BECTORFOOD,Mrs Bectors,199.34,43.5,6127.83,0.6,35.41,3.3,485.86,8.92,14.17,Packaged Foods
ADFFOODS,ADF Foods,296.65,34.48,3266.18,0.4,25.91,57.6,196.73,23.68,22.82,Packaged Foods
GOPAL,Gopal Snacks,258.4,72.32,3219.53,0.39,29.95,119.01,409.63,29.02,12.14,Packaged Foods
DIAMONDYD,Prataap Snacks,1114.7,247.87,2659.67,0.04,1.14,109.55,420.18,4.89,3.08,Packaged Foods
TASTYBITE,Tasty Bite Eat.,9187.0,66.53,2370.32,0.02,6.01,-2.91,117.7,-11.99,13.9,Packaged Foods
HEXAGON,Hexagon Nutri.,64.43,21.12,796.31,0.0,10.9,30.68,115.04,8.0,22.55,Packaged Foods
EIFFL,Euro India Fresh,317.2,160.87,786.65,0.0,4.65,77.52,60.02,71.58,9.84,Packaged Foods
GANESHCP,Ganesh Consumer,170.57,16.2,686.69,1.47,9.54,108.75,218.04,-0.94,19.35,Packaged Foods
FOODSIN,Foods & Inns,55.24,14.64,405.34,0.54,19.49,-16.42,288.89,-27.29,8.85,Packaged Foods
ANNAPURNA,Annapurna Swadi.,130.5,9.33,284.75,0.0,15.97,100.19,270.59,32.51,12.63,Packaged Foods
MAGSON,Magson Retail,183.95,289.31,245.91,0.0,0.64,100.0,70.62,100.4,3.31,Packaged Foods
PALASHSECU,Palash Securi.,90.11,5.45,87.54,0.0,-4.14,44.87,0.12,-99.13,2.65,Packaged Foods
NGIL,Nakoda Group,39.75,45.32,67.97,0.0,0.74,130.33,11.1,-20.6,8.42,Packaged Foods
ITALIANE,Italian Edibles,33.0,12.1,48.76,0.3,1.35,26.17,53.69,24.8,10.61,Packaged Foods
DANGEE,Dangee Dums,3.01,,46.35,0.0,-1.06,-523.53,7.05,8.29,2.05,Packaged Foods
TAPIFRUIT,Tapi Fruit,50.0,,21.5,0.0,-0.82,1.2,13.35,60.84,-5.97,Packaged Foods
EPL,EPL Ltd,233.04,18.12,7449.25,2.15,103.3,-0.56,1300.5,17.65,17.84,Packaging
AGI,AGI Greenpac,669.75,12.16,4330.83,1.05,115.6,19.66,742.39,5.33,19.6,Packaging
POLYPLEX,Polyplex Corpn,1142.15,79.8,3587.1,1.18,37.63,145.3,1870.72,7.54,0.98,Packaging
UFLEX,Uflex,485.2,10.57,3500.85,0.62,196.03,76.44,4055.92,6.34,7.03,Packaging
XPROINDIA,XPRO India,1351.5,165.01,3166.64,0.15,13.25,97.41,134.37,-15.07,3.78,Packaging
TCPLPACK,TCPL Packaging,3281.5,27.96,2977.66,0.76,21.17,-36.69,436.06,6.45,17.92,Packaging
JINDALPOLY,Jindal Poly Film,637.9,,2783.04,0.92,-96.92,-453.42,371.66,-68.66,5.36,Packaging
MOLDTKPAC,Mold-Tek Pack.,713.75,32.81,2370.71,0.56,20.64,26.86,237.86,17.4,13.32,Packaging
KNACK,Knack Packaging,193.13,25.26,2362.13,0.0,,,,,35.26,Packaging
COSMOFIRST,Cosmo First,877.55,14.26,2297.3,0.46,36.91,53.17,1020.68,36.85,11.23,Packaging
HUHTAMAKI,Huhtamaki India,297.38,16.46,2244.56,0.67,43.73,76.83,750.02,22.51,11.98,Packaging
ARROWGREEN,Arrow Greentech,709.8,22.61,1070.79,0.56,7.44,-35.31,41.78,-27.07,30.45,Packaging
ESTER,Ester Industries,89.01,,929.18,0.67,7.87,301.53,343.82,7.69,2.76,Packaging
ORICONENT,Oricon Enterpris,54.81,55.58,855.94,0.91,-4.19,-619.62,15.22,104.57,2.08,Packaging
DVL,Dhunseri Vent.,242.86,9.37,853.7,2.06,24.36,128.82,70.96,-47.1,4.57,Packaging
COMSYN,Commerl. Synbags,180.02,26.78,721.94,0.22,7.11,-1.66,100.18,3.26,15.01,Packaging
NAHARPOLY,Nahar Poly,271.75,8.5,669.78,0.37,20.5,44.98,167.68,7.05,10.69,Packaging
HALDYNGL,Haldyn Glass,122.53,24.37,638.44,0.57,7.31,62.44,108.24,29.46,13.51,Packaging
PYRAMID,Pyramid Technopl,162.92,20.84,600.49,0.31,10.02,51.59,194.79,13.77,12.28,Packaging
TPLPLASTEH,TPL Plastech,76.8,20.58,598.23,1.3,8.06,18.01,114.07,23.75,22.28,Packaging
HITECHCORP,Hitech Corp.,319.15,33.9,548.5,0.31,8.89,325.51,166.0,11.19,9.66,Packaging
SHREERAMA,Sh. Rama Multi.,40.61,21.68,536.73,0.0,4.72,-87.1,62.46,5.58,17.7,Packaging
KANPRPLA,Kanpur Plastipa.,210.52,14.03,515.26,0.57,14.59,21.9,178.72,6.37,17.15,Packaging
BBTCL,B&B Triplewall,213.42,19.12,437.75,0.0,9.52,710.26,160.7,15.64,14.48,Packaging
ECOLINE,Ecoline Exim,199.0,20.22,408.25,0.0,7.28,8.82,139.18,0.69,17.08,Packaging
GSMFOILS,GSM Foils,271.55,16.2,382.68,0.0,7.62,98.96,96.89,86.33,35.36,Packaging
COOLCAPS,Cool Caps,20.6,28.95,242.3,0.0,3.2,-53.49,263.62,85.27,11.26,Packaging
BALAJEE,Shree TirupatiBa,27.61,20.35,224.1,0.0,3.7,-35.34,129.56,-6.82,6.89,Packaging
WORTHPERI,Worth Peripheral,140.77,15.18,223.76,0.71,4.56,-28.89,76.13,6.98,12.9,Packaging
AERONEU,Aeroflex Neu,85.96,128.29,222.96,0.0,-0.87,-361.11,34.06,0.5,4.56,Packaging
RFBL,RFBL Flexi Pack,88.0,24.87,205.17,0.0,6.89,56.59,133.82,46.03,34.31,Packaging
EMMBI,Emmbi Industries,90.78,19.36,172.85,0.33,2.31,41.72,115.37,7.3,8.75,Packaging
RPPL,Rajshree Polypac,21.96,9.45,163.04,0.0,6.38,74.79,91.62,1.74,11.25,Packaging
BARFLEX,Barflex Polyfilm,54.25,28.09,134.26,0.0,0.84,-79.16,65.22,34.14,7.34,Packaging
MEGAFLEX,Mega Flex Plast.,100.0,16.69,121.31,0.0,5.62,74.53,48.7,13.18,16.23,Packaging
AMDIND,AMD Industries,48.88,,94.21,0.0,1.3,3150.0,98.63,20.0,1.43,Packaging
IDEALTECHO,Ideal Technopl.,185.0,33.27,92.5,0.0,0.98,-46.15,17.32,21.29,12.16,Packaging
ORIENTLTD,Orient Press,74.41,,75.78,0.0,0.3,157.69,32.3,-7.42,3.48,Packaging
JYOTIGLOBL,Jyoti Global,35.6,9.95,70.56,0.0,3.52,14.01,51.6,8.06,19.51,Packaging
ROLLT,Rollatainers,2.16,,53.77,0.0,-0.06,86.05,0.0,,-11.54,Packaging
DKEGL,D.K. Enterprises,65.9,8.68,49.48,0.0,2.44,-7.92,78.71,13.55,19.21,Packaging
BULKCORP,Bulkcorp Inter.,55.0,11.08,41.33,0.0,1.93,-9.39,32.41,-5.34,17.17,Packaging
UMA,Uma Converter,15.5,9.91,31.42,0.0,1.05,150.0,129.03,14.16,7.19,Packaging
GUJRAFFIA,Guj. Raffia Inds,39.92,20.53,21.56,0.0,0.41,310.0,26.99,239.07,6.36,Packaging
SPPPOLY,SPP Polymer,12.8,,19.7,3.91,-3.2,-5433.33,56.96,6.43,-5.5,Packaging
SATIPOLY,Sati Poly,38.6,5.54,19.1,0.0,2.63,-76.73,106.9,-31.51,20.33,Packaging
PARAMPARA,Parampara Dairy,11.7,7.59,12.29,0.0,1.56,1100.0,24.49,63.48,8.95,Packaging
ANTGRAPHIC,Antarctica,0.75,9.09,11.63,0.0,-0.08,-112.31,30.47,348.75,6.51,Packaging
SABAR,Sabar Flex India,5.25,38.61,10.04,0.0,0.13,186.67,82.42,-4.67,1.02,Packaging
ASIANPAINT,Asian Paints,2668.8,57.62,255966.94,1.03,1185.49,43.83,9246.7,10.62,26.34,Paints
BERGEPAINT,Berger Paints,493.6,50.89,57582.9,0.81,335.25,17.33,2868.03,6.07,21.55,Paints
KANSAINER,Kansai Nerolac,194.22,27.13,15712.38,1.29,109.89,15.06,1953.71,7.54,11.99,Paints
JSWDULUX,JSW Dulux,2918.4,36.86,13310.31,1.71,125.7,15.96,883.3,-12.92,22.73,Paints
INDIGOPNTS,Indigo Paints,1047.6,33.22,4974.88,0.33,57.34,0.77,397.91,8.36,17.94,Paints
SIRCA,Sirca Paints,393.35,34.26,2227.72,0.51,17.71,25.07,134.29,33.07,20.28,Paints
SHALPAINTS,Shalimar Paints,62.65,,524.37,0.0,-7.39,22.37,155.93,-12.32,-7.92,Paints
KAMOPAINTS,Kamdhenu Venture,4.5,737.0,147.4,0.0,-2.67,-241.27,75.0,-9.38,2.2,Paints
SIDDHIKA,Siddhika Coatins,216.25,13.89,133.62,1.85,5.06,35.29,27.65,13.51,31.93,Paints
JKPAPER,JK Paper,391.55,25.62,7103.19,1.28,89.68,38.61,1965.95,17.23,7.64,Paper & Paper Products
WSTCSTPAPR,West Coast Paper,560.7,24.7,3719.69,0.54,53.98,17.87,1245.3,19.59,6.16,Paper & Paper Products
SESHAPAPER,Seshasayee Paper,229.64,17.55,1448.43,0.87,26.05,-3.77,591.84,17.81,5.6,Paper & Paper Products
ANDHRAPAP,Andhra Paper,62.08,,1229.78,0.81,7.72,-1.66,527.05,29.38,0.04,Paper & Paper Products
TNPL,T N Newsprint,151.44,4.22,1046.37,1.98,240.3,986.35,1271.54,-4.88,6.4,Paper & Paper Products
PDMJEPAPER,Pudumjee Paper,93.24,9.48,887.3,0.64,19.72,4.62,200.55,5.51,19.8,Paper & Paper Products
NRAIL,N R Agarwal Inds,487.6,17.47,833.82,0.41,14.2,308.21,605.39,29.98,8.47,Paper & Paper Products
EMAMIPAP,Emami Paper,122.88,7.88,744.49,1.3,38.61,511.89,560.16,21.84,11.42,Paper & Paper Products
KUANTUM,Kuantum Papers,79.68,16.75,702.59,3.14,14.34,-45.1,300.94,8.51,5.19,Paper & Paper Products
SATIA,Satia Industries,62.54,15.3,625.72,0.64,5.8,-83.63,389.56,-1.79,3.94,Paper & Paper Products
RAMANEWS,Shree Rama News.,28.48,,417.45,0.0,-37.91,-49.4,7.87,-30.54,0.93,Paper & Paper Products
ORIENTPPR,Orient Paper,17.76,,375.97,0.0,-10.94,39.46,231.47,5.56,-4.24,Paper & Paper Products
PAKKA,Pakka,71.52,18.85,342.06,0.0,3.84,-69.45,101.54,10.18,4.42,Paper & Paper Products
RUCHIRA,Ruchira Papers,108.07,7.3,322.3,4.63,9.53,-48.21,182.01,12.57,11.06,Paper & Paper Products
GENUSPAPER,Genus Paper & Bo,12.22,21.34,311.19,0.0,3.8,21.41,226.09,0.67,6.17,Paper & Paper Products
SAPPL,Sh. Ajit Pulp,301.4,8.59,258.11,0.0,9.61,111.67,174.54,12.56,14.31,Paper & Paper Products
STARPAPER,Star Paper Mills,149.57,7.14,233.97,2.34,-1.29,-125.75,112.59,-1.31,5.03,Paper & Paper Products
EXIMROUTES,Exim Routes,114.0,21.0,213.77,0.0,7.17,40.31,114.03,55.02,24.96,Paper & Paper Products
NIKITA,Nikita Greentech Recycling,78.9,17.47,194.63,0.0,4.82,-62.64,171.72,-13.47,9.29,Paper & Paper Products
SHREYANIND,Shreyans Inds.,137.46,30.42,189.82,1.09,-10.48,-156.77,167.7,-6.35,2.44,Paper & Paper Products
MAGNUM,Magnum Ventures,19.08,,130.53,0.0,5.32,-15.42,128.71,8.26,2.55,Paper & Paper Products
AARADHYA,Aaradhya Dis.,75.0,17.47,106.04,0.0,6.21,68.75,60.27,22.48,16.9,Paper & Paper Products
UTKAL,Utkal Speciality,36.55,10.69,71.4,0.0,,,,,27.96,Paper & Paper Products
MALUPAPER,Malu Paper,34.93,,59.79,0.0,1.28,120.81,123.52,30.81,-9.01,Paper & Paper Products
BALKRISHNA,Balkrishna Paper,17.93,,57.12,0.0,-2.76,-55.07,0.89,-46.71,,Paper & Paper Products
SHRENIK,Shrenik,0.34,109.52,20.81,0.0,-1.03,-1387.5,11.65,145.26,,Paper & Paper Products
ASTRON,Astron Paper,4.13,,18.89,0.0,-5.55,30.28,0.07,-92.05,-4.91,Paper & Paper Products
MARUTI,Maruti Suzuki,13403.0,28.7,421347.11,1.04,3659.0,-6.45,52462.5,28.21,19.02,Passenger Cars & Utility Vehicles
M&M,M & M,3229.7,23.23,401704.74,1.02,5259.91,48.85,54981.91,29.07,15.1,Passenger Cars & Utility Vehicles
HYUNDAI,Hyundai Motor I,1954.4,29.22,158697.0,1.07,1255.63,-22.22,18916.15,5.44,38.42,Passenger Cars & Utility Vehicles
TMPV,Tata Motors PVeh,324.3,1.38,119389.73,0.93,5878.0,-24.63,105447.0,7.19,2.73,Passenger Cars & Utility Vehicles
FORCEMOT,Force Motors,17410.0,21.71,22933.68,0.23,278.54,56.59,2549.84,8.23,36.08,Passenger Cars & Utility Vehicles
OLECTRA,Olectra Greentec,1318.3,60.99,10824.73,0.03,57.39,164.38,644.72,43.62,21.05,Passenger Cars & Utility Vehicles
MERCURYEV,Mercury EV-Tech,35.5,160.98,672.88,0.0,0.3,-80.65,20.21,-34.13,2.64,Passenger Cars & Utility Vehicles
HINDMOTORS,Hindustan Motors,15.57,39.0,324.88,0.0,-4.29,671.83,0.0,,20.28,Passenger Cars & Utility Vehicles
GODREJCP,Godrej Consumer,1058.6,54.65,108316.92,1.89,451.77,19.47,3900.44,10.99,18.75,Personal Care
DABUR,Dabur India,423.15,39.75,75064.8,1.95,362.0,15.14,3038.02,7.35,20.28,Personal Care
COLPAL,Colgate-Palmoliv,2085.8,42.2,56713.27,2.45,353.32,3.01,1595.35,9.08,108.02,Personal Care
PGHH,P & G Hygiene,8984.0,34.06,29174.56,2.56,153.13,-1.9,941.32,-5.07,157.48,Personal Care
CUPID,Cupid,208.52,258.93,28032.09,0.0,36.26,213.94,132.04,116.07,33.46,Personal Care
GILLETTE,Gillette India,7787.0,38.8,25389.07,2.31,192.51,21.32,792.0,3.2,90.62,Personal Care
EMAMILTD,Emami,416.25,23.16,18169.32,2.4,143.17,-11.71,925.1,-3.94,29.56,Personal Care
HONASA,Honasa Consumer,445.45,71.31,14521.16,0.0,69.44,176.98,657.08,23.15,19.22,Personal Care
BAJAJCON,Bajaj Consumer,555.9,32.55,7259.71,0.0,70.75,84.82,341.56,24.94,30.05,Personal Care
ANONDITA,Anondita Medi.,1117.5,60.42,2021.17,0.0,21.27,85.87,83.32,82.76,43.6,Personal Care
MACOBSTECH,Macobs Technolo.,210.0,70.93,205.7,0.0,1.73,92.21,22.21,214.59,10.98,Personal Care
AAKAAR,Aakaar Medical,74.9,15.99,106.15,0.0,7.42,33.21,41.64,22.9,18.46,Personal Care
JHS,JHS Sven.Lab.,7.31,,63.37,0.0,-3.57,12.93,32.7,29.92,-0.78,Personal Care
MEDISTEP,Medistep Health.,20.0,4.75,28.42,0.0,3.01,22.36,35.76,25.92,27.25,Personal Care
UPL,UPL,607.0,28.41,51229.24,0.99,1294.0,-0.46,18335.0,17.74,10.11,Pesticides & Agrochemicals
PIIND,P I Industries,2742.6,34.62,41596.33,0.55,200.2,-39.02,1565.2,-12.42,14.99,Pesticides & Agrochemicals
SUMICHEM,Sumitomo Chemi.,531.05,47.84,26522.11,0.24,110.61,12.4,671.49,1.01,23.48,Pesticides & Agrochemicals
BAYERCROP,Bayer Crop Sci.,4275.6,27.86,19200.21,3.51,162.1,13.12,1100.8,5.2,29.14,Pesticides & Agrochemicals
SHARDACROP,Sharda Cropchem,868.6,12.0,7834.31,1.73,318.72,56.53,2064.9,12.93,30.25,Pesticides & Agrochemicals
NACLIND,NACL Industries,192.35,173.91,4507.65,0.0,20.84,59.82,383.33,-14.5,8.13,Pesticides & Agrochemicals
DHANUKA,Dhanuka Agritech,1010.9,15.81,4501.52,0.2,97.77,29.5,483.34,9.35,23.76,Pesticides & Agrochemicals
RALLIS,Rallis India,221.97,18.92,4321.56,1.35,125.0,30.04,1022.0,6.79,14.14,Pesticides & Agrochemicals
BHAGCHEM,Bhagiradha Chem.,258.85,184.69,3355.85,0.06,4.07,562.5,158.1,28.93,4.53,Pesticides & Agrochemicals
GSPCROP,GSP Crop Science,546.2,25.17,2546.38,0.0,19.64,-9.49,402.47,30.68,18.95,Pesticides & Agrochemicals
BHARATRAS,Bharat Rasayan,1266.6,13.38,2101.78,0.03,39.12,51.97,308.02,0.49,17.53,Pesticides & Agrochemicals
INSECTICID,Insecticid.India,605.25,12.61,1746.98,0.33,11.71,-15.69,426.26,18.76,15.81,Pesticides & Agrochemicals
IPL,India Pesticides,150.22,14.42,1728.04,0.5,30.62,40.65,266.49,28.59,16.67,Pesticides & Agrochemicals
ASTEC,Astec Lifescienc,665.55,,1483.26,0.0,-7.75,51.77,158.62,32.7,-5.44,Pesticides & Agrochemicals
MOL,Meghmani Organi.,55.74,49.25,1415.52,0.0,8.03,-59.49,474.34,-14.3,6.67,Pesticides & Agrochemicals
PUNJABCHEM,Punjab Chemicals,1136.2,21.27,1390.69,0.26,10.98,15.34,208.56,3.1,18.55,Pesticides & Agrochemicals
DHARMAJ,Dharmaj Crop,259.7,16.04,877.38,0.0,3.99,263.52,233.78,11.36,16.45,Pesticides & Agrochemicals
ADVANCE,Advance Agrolife,110.2,20.07,708.24,0.0,7.46,421.68,123.88,37.9,19.28,Pesticides & Agrochemicals
HERANBA,Heranba Inds,175.57,,700.72,0.57,-58.3,-39.36,319.48,-4.57,-1.65,Pesticides & Agrochemicals
BESTAGRO,Best Agrolife,15.13,60.34,535.21,1.32,-37.24,-70.12,155.69,-43.25,5.16,Pesticides & Agrochemicals
IGCL,Indogulf Cropsci,74.84,11.85,472.96,0.0,11.61,21.35,150.82,19.48,12.23,Pesticides & Agrochemicals
SHIVALIK,Shivalik Rasayan,241.68,30.98,376.13,0.21,7.18,9.69,102.82,48.18,4.63,Pesticides & Agrochemicals
SIKKO,Sikko Industries,4.72,40.35,206.17,0.0,-2.0,-127.27,10.99,-41.7,7.76,Pesticides & Agrochemicals
CLSL,Crop Life Scienc,59.25,14.61,101.55,0.0,3.76,22.96,86.9,-7.81,11.56,Pesticides & Agrochemicals
ARISTO,Aristo Bio-Tech,109.25,10.36,74.38,0.46,3.01,714.29,107.26,3.18,19.54,Pesticides & Agrochemicals
DHANSA,Dhansa Labs,21.5,9.36,53.63,0.0,2.09,78.63,40.54,32.7,7.99,Pesticides & Agrochemicals
SPLPETRO,Supreme Petroch.,735.45,42.59,13824.8,1.43,168.04,59.18,1587.02,3.12,18.79,Petrochemicals
SWANCORP,Swan Corp,308.2,35.25,9663.87,0.05,251.32,1693.84,869.65,1.62,3.87,Petrochemicals
RAIN,Rain Industries,223.44,24.91,7515.06,0.45,157.87,188.19,4520.73,19.98,8.26,Petrochemicals
BEPL,Bhansali Engg.,117.23,14.59,2916.88,3.41,65.6,42.95,472.15,53.34,23.75,Petrochemicals
DCW,DCW,45.66,27.9,1344.17,0.22,18.08,60.57,609.06,13.23,9.69,Petrochemicals
MANALIPETC,Manali Petrochem,64.8,15.68,1112.3,0.77,29.04,11.78,292.66,27.04,7.24,Petrochemicals
TNPETRO,T N Petro Prod.,95.07,9.26,853.61,1.26,8.09,-89.02,124.5,-72.62,10.91,Petrochemicals
KOTHARIPET,Kothari Petroche,133.71,10.83,786.84,0.75,17.8,3.01,152.86,-0.04,28.6,Petrochemicals
AGARIND,Agarwal Indl.,486.65,16.69,727.32,0.68,15.75,-48.43,405.38,-50.77,7.92,Petrochemicals
PASUPTAC,Pasupati Acrylon,57.9,7.34,516.33,0.0,26.28,133.19,244.63,45.34,21.15,Petrochemicals
NEPTUNE,Neptune Pet.,180.0,13.44,407.76,0.0,15.79,29.32,645.47,6.32,31.57,Petrochemicals
RAJPUTANA,Rajputana Bio.,199.45,15.48,140.28,0.0,4.46,220.66,62.67,175.11,22.05,Petrochemicals
SUNPHARMA,Sun Pharma.Inds.,1954.0,37.73,468842.11,0.82,2709.66,13.58,14611.79,12.76,20.53,Pharmaceuticals
DIVISLAB,Divi's Lab.,7305.0,73.93,193918.24,0.41,751.0,13.44,2831.0,9.52,21.97,Pharmaceuticals
TORNTPHARM,Torrent Pharma.,5065.2,87.87,192587.41,0.75,364.0,-20.58,4197.0,41.84,15.19,Pharmaceuticals
CIPLA,Cipla,1393.0,31.44,112532.85,0.93,785.55,-39.19,7119.28,2.33,15.49,Pharmaceuticals
ZYDUSLIFE,Zydus Lifesci.,1113.8,20.41,110762.7,0.09,1341.0,21.92,7587.0,16.22,21.14,Pharmaceuticals
LUPIN,Lupin,2396.3,19.28,109616.73,0.75,1468.67,101.49,7474.66,31.89,29.93,Pharmaceuticals
MANKIND,Mankind Pharma,2557.4,52.48,105646.58,0.04,559.42,34.23,3442.93,11.81,13.53,Pharmaceuticals
DRREDDY,Dr Reddy's Labs,1166.3,30.21,97331.78,0.69,435.6,-68.67,8099.8,-5.51,13.04,Pharmaceuticals
AUROPHARMA,Aurobindo Pharma,1523.4,24.95,88516.84,0.26,920.84,1.97,8853.34,5.62,12.8,Pharmaceuticals
LAURUSLABS,Laurus Labs,1568.3,94.74,84735.4,0.13,282.09,19.46,1811.57,5.31,17.76,Pharmaceuticals
BIOCON,Biocon,435.2,182.41,70924.28,0.11,198.6,-62.05,4516.6,2.25,3.61,Pharmaceuticals
ALKEM,Alkem Lab,5602.0,27.48,66935.37,0.8,251.11,2.04,3603.32,14.62,21.23,Pharmaceuticals
GLENMARK,Glenmark Pharma.,2205.1,21.1,62276.23,0.11,301.31,51.88,3770.59,15.8,39.77,Pharmaceuticals
ABBOTINDIA,Abbott India,28690.0,39.42,60969.2,1.83,394.93,7.6,1709.51,6.54,44.8,Pharmaceuticals
IPCALAB,Ipca Labs.,1771.2,38.14,44957.46,0.34,306.69,80.9,2388.48,6.31,16.98,Pharmaceuticals
AJANTPHARM,Ajanta Pharma,3439.9,38.08,42972.25,0.81,266.7,18.4,1421.64,21.47,34.51,Pharmaceuticals
GLAXO,Glaxosmi. Pharma,2495.0,43.96,42294.97,2.28,277.86,5.7,995.3,2.15,61.41,Pharmaceuticals
GLAND,Gland Pharma,2377.7,37.55,39203.98,0.84,366.68,96.57,1742.79,22.31,15.14,Pharmaceuticals
JBCHEPHARM,J B Chemicals &,2408.9,53.83,38676.99,0.91,101.37,-16.99,904.23,-4.77,25.45,Pharmaceuticals
EMCURE,Emcure Pharma,1869.5,37.46,35427.88,0.16,243.73,21.01,2469.7,16.7,23.97,Pharmaceuticals
WOCKPHARMA,Wockhardt,1849.7,105.81,30057.79,0.0,164.0,687.64,965.0,29.88,7.55,Pharmaceuticals
ACUTAAS,Acutaas Chemical,3459.1,79.32,28259.04,0.04,134.28,110.88,432.75,40.28,31.56,Pharmaceuticals
SAILIFE,Sai Life,1240.3,74.21,26337.26,0.0,104.24,17.84,602.14,3.91,19.55,Pharmaceuticals
RUBICON,Rubicon Research,1525.4,102.35,25253.32,0.1,76.79,111.83,513.92,43.49,28.35,Pharmaceuticals
PPLPHARMA,Piramal Pharma,180.83,,24081.57,0.08,-8.83,-25.01,2751.77,-0.08,2.52,Pharmaceuticals
NEULANDLAB,Neuland Labs.,18431.0,65.37,23605.99,0.18,212.67,664.72,776.25,136.4,26.47,Pharmaceuticals
PFIZER,Pfizer,4652.4,28.07,21295.82,1.61,199.82,-2.64,629.23,6.31,24.06,Pharmaceuticals
GRANULES,Granules India,852.55,32.47,21109.85,0.21,179.96,36.62,1476.77,22.04,15.51,Pharmaceuticals
ASTRAZEN,Astrazeneca Phar,7872.0,102.84,19674.98,0.46,44.88,-26.63,578.61,20.42,29.26,Pharmaceuticals
ERIS,ERIS Lifescience,1395.6,30.61,19342.03,0.53,279.1,200.1,756.56,7.27,14.14,Pharmaceuticals
ONESOURCE,OneSource Speci.,1654.3,,18939.8,0.0,4.6,-95.34,428.22,0.53,0.57,Pharmaceuticals
CAPLIPOINT,Caplin Point Lab,2486.6,29.47,18898.4,0.24,172.88,19.32,600.16,19.45,24.63,Pharmaceuticals
NATCOPHARM,Natco Pharma,918.55,11.59,16442.46,0.65,269.0,-34.11,739.1,-39.47,17.14,Pharmaceuticals
COHANCE,Cohance Life,422.1,81.67,16116.89,0.0,8.31,-86.64,619.12,-26.33,8.35,Pharmaceuticals
APLLTD,Alembic Pharma,798.35,21.44,15668.51,1.5,201.53,40.82,1847.72,4.41,12.64,Pharmaceuticals
JUBLPHARMA,Jubilant Pharmo,970.8,35.26,15401.0,0.52,119.3,-17.45,2290.0,18.73,8.99,Pharmaceuticals
ALIVUS,Alivus Life,1102.8,23.21,13550.59,0.45,162.66,14.65,689.12,6.09,24.98,Pharmaceuticals
CONCORDBIO,Concord Biotech,1268.5,54.9,13225.75,0.6,90.02,-36.58,325.89,-24.19,17.43,Pharmaceuticals
CORONA,Corona Remedies,2029.7,62.2,12414.27,0.49,45.05,43.75,353.09,20.23,33.29,Pharmaceuticals
SHILPAMED,Shilpa Medicare,603.6,50.59,11803.39,0.08,107.79,147.82,436.99,32.09,11.03,Pharmaceuticals
MARKSANS,Marksans Pharma,246.1,26.71,11161.62,0.37,149.03,63.59,856.11,20.84,18.84,Pharmaceuticals
PGHL,P & G Health Ltd,6703.5,34.01,11117.13,2.31,94.6,54.63,370.45,19.12,83.53,Pharmaceuticals
VIYASH,Viyash Scientific,253.25,56.03,11057.41,0.0,66.38,455.37,919.96,129.02,13.42,Pharmaceuticals
AKUMS,Akums Drugs,695.9,40.78,10953.05,0.14,81.34,-39.44,1157.87,9.69,14.94,Pharmaceuticals
BLUEJET,Blue Jet Health,576.5,44.08,10922.94,0.21,64.34,-41.56,234.67,-31.07,26.5,Pharmaceuticals
SANOFICONR,Sanofi Consumer,4652.1,42.41,10723.6,1.61,67.8,35.6,229.2,32.79,89.93,Pharmaceuticals
STAR,Strides Pharma,1031.6,16.44,9510.36,0.48,129.28,28.1,1323.47,11.18,18.65,Pharmaceuticals
SUDEEPPHRM,Sudeep Pharma,815.3,53.18,9195.17,0.18,48.54,10.61,182.34,15.73,28.18,Pharmaceuticals
SANOFI,Sanofi India,3394.3,23.82,7830.63,2.21,102.6,-14.14,472.3,-11.87,57.51,Pharmaceuticals
SPARC,SPARC,214.48,4.45,6960.66,0.0,1760.7,2987.34,1853.22,6715.81,164.99,Pharmaceuticals
SUPRIYA,Supriya Lifesci.,832.9,31.99,6701.41,0.12,74.23,47.34,276.53,50.2,25.13,Pharmaceuticals
FDC,FDC,401.25,22.02,6540.73,1.25,103.4,167.39,584.79,18.89,16.67,Pharmaceuticals
SENORES,Senores Pharma.,1395.6,55.68,6423.32,0.0,36.67,77.29,175.19,53.39,15.13,Pharmaceuticals
AARTIPHARM,Aarti Pharma,659.8,33.81,5977.28,0.76,61.12,-30.81,582.64,3.35,10.7,Pharmaceuticals
INNOVACAP,Innova Captab,967.95,39.44,5535.96,0.21,38.08,28.78,447.8,42.28,14.96,Pharmaceuticals
BLISSGVS,Bliss GVS Pharma,461.85,37.16,4897.66,0.32,37.0,128.9,256.99,29.8,16.93,Pharmaceuticals
ORCHPHARMA,Orchid Pharma,962.5,179.92,4879.52,0.0,23.78,4.26,237.61,0.05,2.64,Pharmaceuticals
RPGLIFE,RPG LifeScience.,2902.5,43.76,4799.49,0.83,29.9,33.7,176.89,23.62,25.71,Pharmaceuticals
ZOTA,Zota Health Care,1296.4,,4489.77,0.08,-14.46,31.12,163.18,67.76,-8.47,Pharmaceuticals
IOLCP,IOL Chemicals,146.99,29.55,4316.89,0.68,53.18,68.18,619.45,17.37,11.25,Pharmaceuticals
NOVARTIND,Novartis India,1673.0,42.27,4132.59,1.49,32.21,16.62,103.81,18.57,16.25,Pharmaceuticals
GUJTHEM,Guj. Themis Bio.,356.3,83.11,3879.67,0.19,10.89,-9.25,44.23,17.2,17.86,Pharmaceuticals
GUFICBIO,Gufic BioScience,377.15,59.91,3783.13,0.03,20.57,158.09,252.05,22.94,12.17,Pharmaceuticals
UNICHEMLAB,Unichem Labs.,531.05,45.72,3744.21,0.0,10.91,-65.85,575.12,-2.05,4.13,Pharmaceuticals
AARTIDRUGS,Aarti Drugs,410.0,19.17,3737.08,0.49,55.26,-12.2,720.3,6.43,11.9,Pharmaceuticals
SMSPHARMA,SMS Pharma.,384.65,35.21,3591.18,0.1,32.71,60.97,237.95,-4.13,13.3,Pharmaceuticals
MOREPENLAB,Morepen Labs.,52.45,38.55,2870.24,0.38,15.7,-22.54,484.72,4.05,8.05,Pharmaceuticals
DCAL,Dishman Carbogen,179.24,28.33,2807.62,0.0,21.74,-59.43,851.4,18.85,3.15,Pharmaceuticals
KPL,Kwality Pharma,2672.3,40.8,2773.24,0.0,25.31,74.6,157.11,35.81,24.25,Pharmaceuticals
PANACEABIO,Panacea Biotec,445.4,,2728.41,0.0,-1.0,93.02,166.75,25.82,-2.44,Pharmaceuticals
HIKAL,Hikal,211.95,72.04,2615.19,0.66,14.4,22.51,519.4,-5.97,3.52,Pharmaceuticals
SOLARA,Solara Active,523.75,586.88,2505.96,0.0,16.31,55.04,381.6,19.57,4.86,Pharmaceuticals
SAIPARENT,Sai Parenteral's,539.7,167.27,2385.22,0.0,13.16,,197.93,,5.97,Pharmaceuticals
BETA,Beta Drugs Ltd,2277.2,52.05,2372.97,0.0,16.48,35.04,125.55,25.29,19.16,Pharmaceuticals
VENUSREM,Venus Remedies,1655.6,18.92,2198.57,0.6,22.97,139.27,178.86,30.38,21.67,Pharmaceuticals
INDOCO,Indoco Remedies,238.15,,2196.33,0.08,-23.68,38.96,475.61,21.89,0.93,Pharmaceuticals
HESTERBIO,Hester Bios,2365.0,37.54,2013.32,0.47,16.54,993.46,100.11,22.19,15.25,Pharmaceuticals
NGLFINE,NGL Fine Chem,3198.0,47.4,1973.09,0.05,11.35,2282.69,144.75,55.61,15.07,Pharmaceuticals
INDSWFTLAB,Ind-Swift Labs.,225.99,39.7,1964.57,0.0,15.11,9.35,169.79,22.82,4.7,Pharmaceuticals
SAKAR,Sakar Healthcare,827.6,60.41,1841.4,0.0,11.02,91.32,71.1,41.52,12.67,Pharmaceuticals
WINDLAS,Windlas Biotech,861.45,26.84,1783.14,0.73,16.02,-1.66,238.5,17.66,15.9,Pharmaceuticals
AMRUTANJAN,Amrutanjan Healt,519.8,23.28,1502.06,0.88,16.19,45.26,149.77,10.6,24.82,Pharmaceuticals
JAGSNPHARM,Jagsonpal Pharma,217.82,32.2,1437.58,1.15,8.76,29.97,64.2,9.63,22.73,Pharmaceuticals
SYNCOMF,Syncom Formul.,13.15,16.28,1237.04,0.0,24.57,40.48,134.0,-9.74,26.84,Pharmaceuticals
ACCENTMIC,Accent Microcell,505.95,27.67,1213.73,0.2,25.79,55.36,209.67,51.34,24.88,Pharmaceuticals
FERMENTA,Fermenta Biotec.,401.0,18.76,1180.18,0.94,18.6,-62.93,121.58,-13.06,20.57,Pharmaceuticals
LINCOLN,Lincoln Pharma.,587.3,13.34,1172.19,0.31,11.63,0.43,187.28,11.36,16.27,Pharmaceuticals
WANBURY,Wanbury,329.3,16.52,1151.08,0.0,21.7,24.14,164.58,-4.31,30.78,Pharmaceuticals
BAJAJHCARE,Bajaj Healthcare,317.7,19.02,1070.29,0.31,13.7,14.13,165.63,11.28,11.47,Pharmaceuticals
SIGACHI,Sigachi Indust.,26.02,30.66,997.65,0.38,7.65,-34.89,121.9,-4.91,6.24,Pharmaceuticals
THEMISMED,Themis Medicare,107.79,601.28,992.11,0.46,8.89,192.03,76.53,6.74,2.74,Pharmaceuticals
KOPRAN,Kopran,197.78,37.03,952.68,1.52,18.87,94.94,234.02,35.77,6.65,Pharmaceuticals
REMUS,Remus Pharma.,723.2,23.04,852.22,0.14,24.58,21.74,453.43,30.39,16.83,Pharmaceuticals
AHCL,Anlon Healthcare,15.08,28.76,799.91,0.0,9.79,-41.2,55.42,13.26,22.38,Pharmaceuticals
ANUHPHR,Anuh Pharma,79.45,21.89,795.0,1.89,11.68,-6.26,202.12,2.01,14.94,Pharmaceuticals
INFLUX,Influx Health.,291.0,32.8,673.67,0.0,10.55,37.91,80.07,40.99,39.98,Pharmaceuticals
AMANTA,Amanta Healthcar,166.0,39.21,644.57,0.0,5.53,-7.21,76.99,6.84,11.63,Pharmaceuticals
ZIMLAB,Zim Laboratories,118.85,146.61,637.73,0.0,3.74,-23.36,105.27,-3.18,4.76,Pharmaceuticals
KILITCH,Kilitch Drugs,174.21,19.78,596.61,0.0,14.88,39.62,89.6,46.33,14.37,Pharmaceuticals
BAFNAPH,Bafna Pharma.,243.01,51.92,576.32,0.0,2.75,-11.29,42.24,8.14,11.87,Pharmaceuticals
KRMAYURVED,KRM Ayurveda,249.05,26.32,529.5,0.0,11.9,148.95,53.33,30.58,35.31,Pharmaceuticals
HALEOSLABS,Haleos Labs Limited,1552.3,27.11,469.31,0.1,0.35,-85.19,75.14,-15.68,9.91,Pharmaceuticals
ALBERTDAVD,Albert David,683.55,,389.91,0.73,-21.43,-107.45,85.86,14.65,0.82,Pharmaceuticals
VALIANTLAB,Valiant Laborato,62.26,,337.08,0.0,1.76,151.43,91.98,59.16,0.75,Pharmaceuticals
INFINIUM,Infinium Pharma,209.5,26.87,326.47,0.0,7.68,75.13,105.58,45.17,13.1,Pharmaceuticals
MEDICAMEQ,Medicamen Biotec,237.65,33.16,319.65,0.42,4.45,59.5,60.65,104.83,5.43,Pharmaceuticals
MEDICO,Medico Remedies,38.29,23.75,311.62,0.0,5.86,35.02,56.81,37.55,23.12,Pharmaceuticals
AMBALALSA,Ambalal Sarabhai,32.66,13.37,246.86,0.0,6.5,13.44,65.49,1.05,11.69,Pharmaceuticals
LYKALABS,Lyka Labs,62.89,,224.94,0.0,-8.07,-529.94,28.03,-16.15,-5.98,Pharmaceuticals
SATKARTAR,Sat Kartar Life,138.2,12.65,218.29,0.51,9.47,58.1,105.49,21.07,37.42,Pharmaceuticals
AAREYDRUGS,Aarey Drugs,77.2,53.71,213.23,0.0,1.56,231.91,189.47,75.27,5.58,Pharmaceuticals
NECLIFE,Nectar Lifesci.,10.36,,202.41,0.0,-67.92,-33727.27,1.29,12800.0,-4.88,Pharmaceuticals
BROOKS,Brooks Lab.,65.98,7.91,194.39,0.0,1.52,204.11,20.21,-13.34,21.46,Pharmaceuticals
ACCPL,Accretion Pha.,170.25,19.57,189.25,0.0,4.92,13.63,45.89,18.24,28.89,Pharmaceuticals
BMLL,Bio Medica Lab,138.95,17.85,174.73,0.0,,,,,64.16,Pharmaceuticals
NATCAPSUQ,Natural Capsules,150.08,,157.03,0.0,-4.98,-1058.33,58.45,29.98,-4.58,Pharmaceuticals
QUESTLAB,Quest Laborato.,92.9,10.14,152.24,0.0,2.87,47.94,32.4,-30.25,18.41,Pharmaceuticals
ALPA,Alpa Laboratorie,66.81,9.36,140.53,0.0,1.38,165.09,31.4,-21.34,9.42,Pharmaceuticals
BALPHARMA,Bal Pharma,88.39,22.33,140.23,1.36,3.6,-33.89,84.08,2.69,9.69,Pharmaceuticals
BALAXI,Balaxi Pharma,24.42,94.94,134.82,0.0,0.61,-92.94,70.71,-7.29,3.11,Pharmaceuticals
PAR,Par Drugs & Che.,96.18,9.03,118.34,0.0,0.85,-48.48,19.61,-12.18,16.53,Pharmaceuticals
KREBSBIO,Krebs Biochem,52.6,,113.37,0.0,-2.34,71.7,6.81,11.64,-15.37,Pharmaceuticals
SOTAC,Sotac Pharma.,95.1,18.21,105.09,0.11,3.32,-45.66,60.06,27.41,12.55,Pharmaceuticals
VAISHALI,Vaishali Pharma,7.77,24.37,101.37,0.0,0.41,,26.93,,,Pharmaceuticals
CURIS,Curis Lifescien.,110.0,12.83,88.93,0.0,2.71,-31.66,32.72,-4.77,21.25,Pharmaceuticals
ZENITHDRUG,Zenith Drugs,48.95,20.18,83.94,0.0,1.61,-4.73,93.0,41.7,9.05,Pharmaceuticals
VINEETLAB,Vineet Laborator,37.4,,72.4,0.0,0.85,114.89,15.65,-13.54,-27.95,Pharmaceuticals
ONYX,Onyx Biotec,36.45,,66.09,0.0,0.69,-64.97,34.88,9.69,1.14,Pharmaceuticals
VILINBIO,Vilin Bio Med,40.65,32.12,61.99,0.0,1.78,1680.0,32.6,215.89,10.77,Pharmaceuticals
BIOFILCHEM,Biofil Chemicals,32.44,19.11,53.32,0.0,0.21,5.0,7.57,-9.34,15.79,Pharmaceuticals
MANGALAM,Mangalam Drugs,27.17,,43.21,0.0,-13.06,-8806.67,67.29,-7.54,-14.01,Pharmaceuticals
VIVIMEDLAB,Vivimed Labs.,5.17,,42.62,0.0,-147.12,-2527.14,12.0,-53.14,-65.22,Pharmaceuticals
JFLLIFE,JFL Life,10.85,5.59,35.8,0.0,1.66,1975.0,63.05,437.51,18.19,Pharmaceuticals
LASA,Lasa Supergeneri,7.1,,35.32,0.0,-4.16,-138.67,-0.13,-100.33,-18.15,Pharmaceuticals
WALPAR,Walpar Nutrition,34.85,13.25,32.73,0.0,1.5,13.46,42.3,7.8,14.84,Pharmaceuticals
MEDIORG,Medicamen Organ.,26.0,,31.63,0.0,-6.06,-338.58,4.78,-77.85,-10.66,Pharmaceuticals
SUNREST,Sunrest Lifescie,35.0,7.29,30.04,0.0,6.57,,36.82,,28.55,Pharmaceuticals
MONOPHARMA,Mono Pharmacare,10.5,53.02,18.56,0.0,0.33,-59.26,99.4,22.44,4.51,Pharmaceuticals
ORTINGLOBE,Ortin Global,14.91,,12.22,0.0,-0.01,93.75,0.3,233.33,-32.14,Pharmaceuticals
MEDPLUS,Medplus Health,715.2,40.64,8553.88,0.0,33.17,-21.67,1879.6,21.84,12.65,Pharmacy Retail
ENTERO,Entero Healthcar,1206.7,44.03,5255.74,0.0,45.13,9.03,1909.93,42.63,10.55,Pharmacy Retail
KIRLFER,Kirl. Ferrous,464.7,14.42,7650.1,1.29,125.74,37.36,1817.17,4.62,13.42,Pig Iron
SHAILY,Shaily Engineer.,2952.9,84.21,13585.47,0.07,48.68,64.85,224.07,10.23,30.17,Plastic Products - Consumer
SAFARI,Safari Inds.,1551.6,46.14,7603.84,0.26,37.47,-0.32,473.3,12.41,19.27,Plastic Products - Consumer
VIPIND,V I P Inds.,290.85,,4119.63,0.0,-128.9,-316.17,436.23,-11.73,-28.89,Plastic Products - Consumer
NILKAMAL,Nilkamal Ltd,1646.5,19.52,2460.03,1.21,41.69,21.65,965.18,7.96,10.61,Plastic Products - Consumer
ESFL,Essen Speciality,130.05,,323.04,0.77,-8.8,-107.93,32.12,-28.16,-1.25,Plastic Products - Consumer
PILITA,Pil Italica Life,8.9,67.74,212.69,0.0,0.19,-87.74,16.71,-30.49,7.67,Plastic Products - Consumer
AVROIND,Avro India,8.8,27.58,116.11,0.0,0.86,36.51,24.03,23.29,6.67,Plastic Products - Consumer
TOKYOPLAST,Tokyo Plast Intl,81.85,123.43,77.76,0.0,0.04,-91.67,22.88,33.33,3.94,Plastic Products - Consumer
PEARLPOLY,Pearl Polymers,17.13,,29.07,0.0,-4.08,7.9,5.59,-10.27,-15.61,Plastic Products - Consumer
NIRAJISPAT,Niraj Ispat Ind.,190.5,7.06,11.43,0.0,0.39,30.0,0.89,-11.0,11.28,Plastic Products - Consumer
SUPREMEIND,Supreme Inds.,3417.0,46.56,43428.35,1.05,433.57,47.5,3527.66,16.54,20.73,Plastic Products - Industrial
ASTRAL,Astral,1413.4,68.92,37990.92,0.27,213.0,21.24,2088.5,24.21,19.86,Plastic Products - Industrial
GRWRHITECH,Garware Hi Tech,6846.0,47.07,15919.37,0.18,108.21,39.09,596.69,8.9,18.02,Plastic Products - Industrial
FINPIPE,Finolex Inds.,159.93,16.58,9934.17,1.25,261.25,58.74,1313.88,12.12,12.71,Plastic Products - Industrial
TIMETECHNO,Time Technoplast,200.03,21.09,9883.92,0.62,134.31,20.38,1676.67,14.16,16.71,Plastic Products - Industrial
KINGFA,Kingfa Science,5025.0,36.68,6795.36,0.0,59.15,41.17,578.47,23.2,23.2,Plastic Products - Industrial
PRINCEPIPE,Prince Pipes,257.2,37.78,2842.0,0.19,56.11,132.05,850.07,18.12,6.12,Plastic Products - Industrial
APOLLOPIPE,Apollo Pipes,487.35,,2153.27,0.14,-0.13,-89.88,347.02,10.24,1.23,Plastic Products - Industrial
JISLJALEQS,Jain Irrigation,29.47,,2143.62,0.0,-19.04,-164.41,1823.97,4.3,5.3,Plastic Products - Industrial
JAICORPLTD,Jai Corp,101.57,10.44,1782.43,0.49,20.79,-11.25,120.62,-10.9,13.27,Plastic Products - Industrial
PREMIERPOL,Premier Polyfilm,78.65,23.6,824.94,0.19,9.08,51.33,87.92,35.07,30.79,Plastic Products - Industrial
RMDRIP,R M Drip & Sprin,18.07,21.84,769.24,0.16,10.2,-0.49,61.12,27.2,37.91,Plastic Products - Industrial
PPL,Prakash Pipes,268.15,15.06,651.52,0.9,13.48,31.0,223.15,21.97,12.48,Plastic Products - Industrial
TIRUPATI,Shree Tirupati,463.6,160.28,469.63,0.0,1.06,-85.44,107.04,3.01,6.89,Plastic Products - Industrial
KRITI,Kriti Industries,64.23,95.85,338.37,0.0,4.01,257.1,141.78,3.11,7.21,Plastic Products - Industrial
POLYSIL,Polysil Irrigati,116.1,109.51,307.73,0.0,2.94,-61.47,15.22,-40.08,8.63,Plastic Products - Industrial
TAINWALCHM,Tainwala Chem.,202.92,17.63,190.18,1.48,0.71,29.09,1.33,-74.95,8.18,Plastic Products - Industrial
MASTER,Master Component,440.0,23.66,176.0,0.17,4.2,72.84,37.61,52.45,26.62,Plastic Products - Industrial
REXPIPES,Rex Pipes&Cables,178.0,36.1,168.22,0.0,2.7,-23.51,59.82,-0.15,13.63,Plastic Products - Industrial
SHRITECH,Shri Techtex,61.4,7.94,153.19,0.0,13.25,88.48,47.14,10.29,22.83,Plastic Products - Industrial
TEXMOPIPES,Texmo Pipes,42.8,8.9,125.1,0.0,1.82,-73.74,97.44,-1.17,9.19,Plastic Products - Industrial
VIGOR,Vigor Plast,94.0,9.95,97.31,0.0,2.3,39.39,17.49,53.96,35.21,Plastic Products - Industrial
PURVFLEXI,Purv Flexi,45.95,21.68,96.42,0.0,-1.58,-92.61,323.39,46.03,8.1,Plastic Products - Industrial
JISLDVREQS,Jain Irrigat-DVR,21.13,,40.71,0.0,20.42,85.3,1092.49,7.78,,Plastic Products - Industrial
MPEL,Manas Polymers,37.55,3.43,29.2,0.0,4.08,80.53,31.5,106.15,30.17,Plastic Products - Industrial
SMVD,SMVD Poly Pack,14.6,,14.64,0.0,-1.56,57.09,0.05,-37.5,5.29,Plastic Products - Industrial
TIJARIA,Tijaria Polypipe,4.31,,12.65,0.0,-0.3,-1400.0,0.0,,-1.88,Plastic Products - Industrial
BALCO,Solve Plastic,19.95,19.8,8.71,0.0,0.02,100.7,23.76,11.13,7.89,Plastic Products - Industrial
CENTURYPLY,Century Plyboard,773.65,64.07,17188.41,0.13,79.42,48.92,1492.21,24.52,11.45,Plywood Boards/ Laminates
GREENLAM,Greenlam Industr,241.85,106.82,6178.35,0.17,40.55,1797.12,857.66,25.8,8.12,Plywood Boards/ Laminates
STYLAMIND,Stylam Industrie,3391.9,33.94,5748.37,0.0,48.15,70.38,326.47,15.37,26.98,Plywood Boards/ Laminates
GREENPLY,Greenply Industr,321.15,40.1,4007.59,0.16,31.01,150.93,776.25,19.65,14.27,Plywood Boards/ Laminates
GREENPANEL,Greenpanel Inds.,193.34,,2375.32,0.26,1.37,-95.34,398.93,6.52,-0.4,Plywood Boards/ Laminates
RUSHIL,Rushil Decor,16.98,74.2,499.36,0.59,10.12,-8.58,230.9,0.07,4.51,Plywood Boards/ Laminates
ARCHIDPLY,Archidply Inds.,82.48,18.14,161.07,0.0,3.15,3250.0,179.13,10.7,10.2,Plywood Boards/ Laminates
WIPL,W I Plywoods,164.8,310.82,139.87,0.73,-0.91,-218.18,28.5,-1.93,4.04,Plywood Boards/ Laminates
AIROLAM,Airo Lam,87.15,23.73,130.74,0.0,0.25,-88.57,57.92,3.12,9.75,Plywood Boards/ Laminates
MANILAM,Manilam Industries,55.3,58.65,120.82,0.0,-1.15,,44.02,,8.48,Plywood Boards/ Laminates
SYLVANPLY,Sylvan Plyboard,55.1,14.85,106.76,0.0,3.41,-2.85,132.43,-1.63,9.87,Plywood Boards/ Laminates
MILTON,Milton Industri.,36.95,34.89,62.8,0.0,1.12,55.56,24.4,11.31,5.98,Plywood Boards/ Laminates
LAMOSAIC,Lamosaic India,46.55,29.52,48.12,0.0,-1.08,86.38,69.71,-1.36,4.52,Plywood Boards/ Laminates
ADL,Archidply Decor,69.35,257.32,38.6,0.0,-0.02,600.0,11.6,-17.32,2.7,Plywood Boards/ Laminates
ADANIPORTS,Adani Ports,1778.5,31.61,409770.39,0.42,3308.3,11.43,10737.56,26.5,14.12,Port & Port services
JSWINFRA,JSW Infrast,324.5,48.8,75654.4,0.28,357.6,-9.89,1444.83,18.06,13.69,Port & Port services
GPPL,Guj Pipavav Port,147.14,14.21,7115.73,5.57,142.2,38.9,317.21,26.08,28.05,Port & Port services
ATL,Allcargo Termi,22.81,13.66,611.53,0.0,8.77,485.92,208.04,11.89,11.64,Port & Port services
POWERGRID,Power Grid Corpn,289.8,16.92,269484.92,3.11,4546.33,9.74,11665.61,-4.97,9.74,Power - Transmission
INDIGRID,IndiGrid Trust,178.92,50.06,20318.36,12.2,185.18,60.05,2239.57,156.15,7.99,Power - Transmission
PGINVIT,Powergrid Infra.,99.58,9.95,9064.51,12.05,243.96,-64.48,311.39,0.02,11.65,Power - Transmission
ANZEN,Anzen IYEP Trust,130.0,,3324.35,9.9,3.6,147.43,155.1,101.95,3.28,Power - Transmission
ADANIENSOL,Adani Energy Sol,1683.8,69.3,202301.3,0.0,1236.56,124.22,9711.08,42.41,9.65,Power Distribution
NTPC,NTPC,348.6,12.49,337977.57,2.4,10614.95,37.78,49687.77,-0.29,8.33,Power Generation
ADANIGREEN,Adani Green,1379.9,117.19,227208.96,0.0,983.0,16.89,4431.0,16.61,7.39,Power Generation
JSWENERGY,JSW Energy,557.35,50.94,102180.07,0.36,532.7,-36.62,5207.13,1.24,8.16,Power Generation
NTPCGREEN,NTPC Green Ene.,97.22,134.97,81920.78,0.0,304.84,38.26,1106.86,62.72,3.53,Power Generation
NHPC,NHPC Ltd,80.25,21.4,80591.33,2.38,1549.42,71.05,2815.53,19.96,5.73,Power Generation
NLCINDIA,NLC India,290.7,11.45,40316.54,1.24,1481.45,189.12,5042.46,31.45,10.45,Power Generation
SJVN,SJVN,67.68,41.45,26612.35,2.16,-117.84,7.54,1496.47,196.68,5.57,Power Generation
ACMESOLAR,ACME Solar Hold.,363.05,51.63,25656.14,0.06,138.31,0.86,547.86,12.52,8.89,Power Generation
CLEANMAX,Clean Max Enviro,1425.0,264.09,16714.57,0.0,45.4,151.79,557.46,25.13,6.16,Power Generation
NAVA,Nava,555.55,20.62,15743.13,1.53,136.23,-45.71,1142.85,12.24,12.8,Power Generation
VEDPOWER,Vedanta Power,34.65,22.01,13549.49,0.0,-1454.27,21353.07,1525.63,8.07,7.03,Power Generation
JPPOWER,JP Power Ven.,17.06,14.0,11685.28,0.0,468.84,138.18,1775.7,12.16,6.97,Power Generation
RPOWER,Reliance Power,23.44,,9694.25,0.0,-494.0,-238.21,1887.26,-4.59,6.1,Power Generation
GMRP&UI,GMR Urban,99.71,,7815.4,0.0,-113.56,-7.9,2004.09,15.35,11.96,Power Generation
KPIGREEN,KPI Green Energy,390.3,16.26,7716.11,0.17,155.48,46.5,795.81,39.76,13.85,Power Generation
RTNPOWER,RattanIndia Pow.,8.54,87.35,4580.76,0.0,42.84,-65.98,787.69,-15.87,6.21,Power Generation
SEITINVIT,Sustainable Ener,126.0,34.17,4082.4,8.49,52.28,23.01,194.42,1.77,5.6,Power Generation
INA,Insolation Ener,113.15,12.41,2489.93,0.09,69.84,64.76,793.93,100.1,22.2,Power Generation
GIPCL,Guj Inds. Power,156.77,6.04,2431.03,2.61,326.85,368.74,428.26,26.61,5.47,Power Generation
KPEL,K.P. Energy,304.15,11.36,2060.4,0.21,78.69,71.85,631.81,57.48,39.22,Power Generation
UEL,Ujaas Energy,119.58,592.91,1612.71,0.0,0.42,40.0,5.64,-27.41,3.89,Power Generation
GREENPOWER,Orient Green,9.9,21.72,1162.43,0.0,23.95,-20.14,81.43,-6.81,7.19,Power Generation
GVKPIL,GVK Power Infra.,2.45,,385.35,0.0,-3.01,97.36,0.0,-100.0,-12.29,Power Generation
SURANAT&P,Surana Telecom,18.22,10.02,248.59,0.0,15.32,-10.06,23.86,400.21,13.35,Power Generation
INDOWIND,Indowind Energy,9.13,,146.21,0.0,-7.51,-30.69,5.27,-20.51,2.22,Power Generation
ENERGYDEV,Energy Devl.Co.,16.83,60.39,79.11,0.0,-13.76,63.59,4.17,47.87,14.27,Power Generation
KARMAENG,Karma Energy Ltd,37.6,,42.93,0.0,-0.82,-646.67,0.88,-6.38,-4.76,Power Generation
PTC,PTC India,168.38,8.19,4983.0,6.95,121.27,-11.44,3897.52,33.29,13.37,Power Trading
DECNGOLD,Dec.Gold Mines,193.93,,3849.07,0.0,5.73,-47.27,9.33,1885.11,-13.09,Precious Metals
DBCORP,D B Corp,208.27,10.56,3715.46,3.36,100.73,24.6,603.74,7.92,18.23,Print Media
JAGRAN,Jagran Prakashan,61.96,6.85,1349.87,11.3,6.06,207.47,472.1,-1.85,12.77,Print Media
SANDESH,Sandesh,966.6,10.9,731.71,0.52,-34.54,-473.81,210.98,178.78,7.03,Print Media
HMVL,Hindustan Media,88.9,4.26,661.23,0.0,27.48,-12.59,215.53,18.68,11.5,Print Media
HTMEDIA,H T Media,24.66,4.35,576.26,0.0,-9.66,69.22,511.04,-0.49,7.42,Print Media
MPSLTD,MPS,2642.8,24.65,4513.95,3.14,50.39,41.19,224.24,20.38,39.27,Printing & Publication
REPRO,Repro India,370.25,,532.72,0.0,-11.26,-1825.66,139.47,13.33,1.21,Printing & Publication
SCHAND,S Chand & Compan,148.63,6.7,524.81,2.69,169.5,20.45,547.82,16.21,10.2,Printing & Publication
CHETANA,Chetana Educa.,46.0,6.78,93.84,0.0,4.05,27.91,50.71,14.29,18.84,Printing & Publication
INFOMEDIA,Infomedia Press,5.48,,28.31,0.0,-0.93,12.16,0.0,,,Printing & Publication
DICIND,DIC India,509.15,23.0,477.73,0.59,4.24,63.71,240.52,14.42,6.42,Printing Inks
KSHITIJPOL,Kshitij Polyline,2.73,11.86,42.1,0.0,2.24,144.36,13.14,46.33,8.43,Printing Inks
HDFCBANK,HDFC Bank,747.25,14.57,1151149.3,1.74,20382.69,18.37,90575.33,3.67,7.02,Private Sector Bank
ICICIBANK,ICICI Bank,1434.6,18.34,1028722.7,0.84,16276.22,13.88,52240.85,6.44,7.18,Private Sector Bank
KOTAKBANK,Kotak Mah. Bank,383.35,19.04,381282.44,0.17,5480.46,22.55,18354.57,6.41,6.98,Private Sector Bank
AXISBANK,Axis Bank,1223.0,13.68,380071.15,0.08,7670.37,22.24,35541.96,9.87,6.24,Private Sector Bank
IDBI,IDBI Bank,85.06,9.82,91502.53,2.47,2130.57,5.35,7549.28,7.44,5.92,Private Sector Bank
FEDERALBNK,Federal Bank,354.4,18.7,87560.67,0.34,1302.49,36.78,7861.58,9.94,6.39,Private Sector Bank
INDUSINDBK,IndusInd Bank,1005.5,59.21,78297.87,0.15,1037.05,71.68,11309.94,-7.78,5.68,Private Sector Bank
YESBANK,Yes Bank,22.93,19.06,71938.9,0.0,1071.81,32.54,8054.49,5.92,5.98,Private Sector Bank
IDFCFIRSTB,IDFC First Bank,79.9,42.08,68857.59,0.31,318.94,4.89,10552.77,12.11,5.99,Private Sector Bank
RBLBANK,RBL Bank,353.85,62.65,54872.9,0.28,253.7,26.64,3840.25,11.6,5.77,Private Sector Bank
KARURVYSYA,Karur Vysya Bank,336.9,11.86,32561.65,0.77,755.7,44.92,3049.42,18.72,7.62,Private Sector Bank
BANDHANBNK,Bandhan Bank,165.84,19.76,26733.91,0.9,501.67,34.87,5630.55,2.83,6.41,Private Sector Bank
CUB,City Union Bank,219.89,16.49,21789.35,0.91,359.56,24.86,1855.62,21.07,6.74,Private Sector Bank
J&KBANK,J & K Bank,173.41,8.08,19065.91,1.24,798.56,37.23,3273.34,1.87,5.84,Private Sector Bank
TMB,T N Merc. Bank,799.4,9.47,12666.43,1.56,373.65,28.01,1550.38,15.56,7.51,Private Sector Bank
SOUTHBANK,South Ind.Bank,47.5,8.23,12441.0,0.95,377.63,17.29,2627.81,11.23,6.42,Private Sector Bank
KTKBANK,Karnataka Bank,281.8,8.12,10644.73,1.77,408.19,61.74,2257.32,-0.05,6.06,Private Sector Bank
DCBBANK,DCB Bank,189.72,8.35,6108.83,0.76,205.65,16.14,1907.27,9.49,7.4,Private Sector Bank
CSBBANK,CSB Bank,338.15,8.84,5875.79,0.0,150.04,26.51,1287.32,23.67,7.05,Private Sector Bank
DHANBANK,Dhanlaxmi Bank,34.36,13.18,1354.59,0.0,43.49,50.07,443.05,26.36,5.81,Private Sector Bank
SBIN,SBI,1012.6,11.22,934373.28,1.71,20507.98,0.22,131080.12,3.34,6.13,Public Sector Bank
UNIONBANK,Union Bank (I),168.4,6.23,128542.39,2.97,5641.52,27.41,27427.1,1.21,6.3,Public Sector Bank
PNB,Punjab Natl.Bank,110.15,5.73,126571.91,2.72,5834.77,174.29,33589.17,3.12,6.13,Public Sector Bank
BANKBARODA,Bank of Baroda,243.15,6.34,125741.68,3.5,5871.79,7.03,34513.73,5.16,5.63,Public Sector Bank
CANBK,Canara Bank,125.22,6.34,113636.62,3.35,4575.11,-9.78,31838.54,1.09,6.52,Public Sector Bank
INDIANB,Indian Bank,827.3,8.71,111414.13,2.21,3357.44,20.47,18095.14,11.11,6.32,Public Sector Bank
IOB,I O B,33.82,11.32,65144.62,0.0,1659.24,49.34,8777.57,18.85,6.07,Public Sector Bank
BANKINDIA,Bank of India,142.2,6.12,64756.92,3.27,3088.9,18.67,19573.37,5.92,5.93,Public Sector Bank
MAHABANK,Bank of Maha,78.48,8.01,60363.32,2.8,2023.32,34.5,8034.65,13.9,6.03,Public Sector Bank
UCOBANK,UCO Bank,26.0,11.58,32615.14,1.69,656.32,8.05,6996.0,8.7,5.55,Public Sector Bank
CENTRALBK,Central Bank,30.95,6.13,27996.13,3.88,1324.61,8.0,9725.9,12.79,5.64,Public Sector Bank
PSB,Pun. & Sind Bank,24.14,12.39,17156.83,1.62,331.51,23.16,3213.37,10.4,5.95,Public Sector Bank
TITAGARH,Titagarh Rail,815.5,68.68,10975.28,0.12,53.5,279.56,875.43,-12.94,10.6,Railway Wagons
JWL,Jupiter Wagons,245.65,57.32,10498.35,0.41,27.21,-67.86,780.15,-25.31,9.16,Railway Wagons
TEXRAIL,Texmaco Rail,109.1,22.51,4441.29,0.69,58.04,45.21,1166.97,-13.32,11.38,Railway Wagons
CARERATING,CARE Ratings,1729.2,30.4,5203.75,1.27,53.44,23.98,130.67,19.17,26.3,Ratings
ICRA,ICRA,4774.5,24.7,4611.62,1.47,52.69,-5.9,174.85,28.37,23.04,Ratings
KRT,Knowledge Realty,116.26,142.97,51558.76,4.09,107.37,,1196.55,,5.22,Real Estate Investment Trusts (REITs)
EMBASSY,Embassy Off.REIT,442.79,152.74,41936.07,0.19,-430.02,-77.05,1204.68,10.95,5.61,Real Estate Investment Trusts (REITs)
BAGMANE,Bagmane Prime REIT,104.65,39.73,35615.03,0.0,253.94,,623.27,,33.22,Real Estate Investment Trusts (REITs)
MINDSPACE,Mindspace Busine,491.68,48.05,32518.17,8.64,208.74,127.77,889.95,30.67,7.64,Real Estate Investment Trusts (REITs)
BIRET,Brookfield India,337.49,58.39,27994.56,7.45,53.86,-50.2,959.58,54.71,5.36,Real Estate Investment Trusts (REITs)
NXST,Nexus Select,165.99,68.38,25107.11,5.48,12.18,-89.34,652.37,12.41,5.83,Real Estate Investment Trusts (REITs)
PROPEQUITY,P.E. Analytics,221.9,14.82,232.6,0.0,8.43,29.3,25.15,16.49,21.29,Real Estate related services
SIL,Standard Inds.,15.95,,101.72,5.02,-7.21,-62.02,9.72,9.95,-12.79,Real Estate related services
LPDC,Landmark Prop.,6.18,54.75,81.58,0.0,1.28,3300.0,5.76,,4.86,Real Estate related services
HOMESFY,Homesfy Realty,122.85,,39.63,0.0,-11.93,-29250.0,20.79,-27.0,-48.9,Real Estate related services
RELIANCE,Reliance Industries,1272.2,23.03,1721275.16,0.47,23196.0,2.02,309468.0,27.02,10.26,Refineries & Marketing
IOC,I O C L,139.92,4.7,197835.09,5.0,15176.08,77.99,208289.26,6.67,18.78,Refineries & Marketing
BPCL,B P C L,309.85,8.66,134214.87,5.65,-1872.7,-154.52,151277.03,34.41,25.69,Refineries & Marketing
HINDPETRO,H P C L,385.15,49.03,81942.72,6.3,-12264.67,-398.34,140584.25,26.85,22.23,Refineries & Marketing
MRPL,M R P L,175.95,11.08,30838.74,2.27,945.68,317.07,38254.19,120.41,17.69,Refineries & Marketing
CHENNPETRO,C P C L,1269.6,4.53,18905.79,4.88,1031.35,2671.95,27369.27,84.77,35.11,Refineries & Marketing
KOTYARK,Kotyark Indust.,33.1,19.93,374.04,2.33,9.38,543.45,63.66,220.54,15.31,Refineries & Marketing
DLF,DLF,642.2,38.04,159037.75,1.25,1268.56,-3.22,1814.06,-42.0,6.32,"Residential, Commercial Projects"
LODHA,Lodha Developers,1146.4,34.06,114538.8,0.37,1008.1,9.35,4713.5,11.58,16.41,"Residential, Commercial Projects"
PHOENIXLTD,Phoenix Mills,2035.6,58.65,72806.62,0.12,485.41,50.04,1233.2,21.34,12.83,"Residential, Commercial Projects"
PRESTIGE,Prestige Estates,1624.0,58.54,69988.46,0.11,291.8,900.4,4073.8,166.54,10.38,"Residential, Commercial Projects"
OBEROIRLTY,Oberoi Realty,1818.1,24.97,66111.87,0.44,543.51,29.02,1300.89,31.73,17.28,"Residential, Commercial Projects"
GODREJPROP,Godrej Propert.,2041.0,38.22,61494.99,0.49,645.44,70.53,3458.13,62.99,7.63,"Residential, Commercial Projects"
ANANTRAJ,Anant Raj,587.15,38.08,21130.17,0.17,148.71,23.57,646.81,19.64,12.07,"Residential, Commercial Projects"
BRIGADE,Brigade Enterpr.,526.8,26.39,17163.34,0.38,190.7,-41.82,1457.6,-0.19,10.51,"Residential, Commercial Projects"
ABREL,A B Real Estate,1398.1,,15613.4,0.18,5.39,-509.0,82.61,-79.07,-4.48,"Residential, Commercial Projects"
SOBHA,Sobha,1376.1,63.91,14740.35,0.44,50.85,273.35,1278.15,50.03,6.86,"Residential, Commercial Projects"
SIGNATURE,SignatureGlobal,767.3,300.76,10794.15,0.0,1152.41,61.39,1107.27,112.76,2.6,"Residential, Commercial Projects"
EMBDL,Embassy Develop,61.43,,8564.55,0.0,-323.43,-310.73,342.46,-61.47,-2.38,"Residential, Commercial Projects"
LOTUSDEV,Sri Lotus,173.57,35.77,8480.17,0.0,100.92,11.45,307.5,61.82,21.15,"Residential, Commercial Projects"
MAHLIFE,Mahindra Life.,377.5,25.92,8052.61,0.93,85.55,66.92,962.13,2909.48,7.64,"Residential, Commercial Projects"
GANESHHOU,Ganesh Housing,808.4,21.39,6765.52,0.19,61.36,-62.79,95.06,-62.19,18.78,"Residential, Commercial Projects"
MAXESTATES,Max Estates,384.25,502.11,6281.4,0.0,-4.08,-128.89,49.43,24.26,1.79,"Residential, Commercial Projects"
DBREALTY,Valor Estate,112.32,,6046.69,0.0,-58.9,-370.87,86.91,-83.82,1.55,"Residential, Commercial Projects"
KALPATARU,Kalpat.,270.55,62.08,5581.21,0.0,193.87,1326.83,1693.73,183.76,1.27,"Residential, Commercial Projects"
RUSTOMJEE,Keystone Realtor,401.65,64.32,5072.32,0.37,63.65,-19.1,1595.97,172.89,4.68,"Residential, Commercial Projects"
PURVA,Puravankara,211.7,78.95,5030.04,0.0,109.95,231.95,1501.92,177.33,11.24,"Residential, Commercial Projects"
SUNTECK,Sunteck Realty,302.6,20.82,4438.86,0.5,41.96,26.47,191.56,1.72,7.54,"Residential, Commercial Projects"
RAYMONDREL,Raymond Realty,643.9,14.59,4278.99,0.31,161.12,6613.33,1156.74,888.24,29.61,"Residential, Commercial Projects"
AGIIL,AGI Infra,317.35,41.8,3965.56,0.03,26.69,69.57,88.12,5.81,20.11,"Residential, Commercial Projects"
MANINFRA,Man Infra,97.68,21.46,3963.52,0.92,41.05,-44.33,145.52,-50.47,13.24,"Residential, Commercial Projects"
TARC,TARC Ltd,130.7,202.18,3855.66,0.0,1.61,101.55,208.7,1665.65,2.26,"Residential, Commercial Projects"
ASHIANA,Ashiana Housing,379.25,32.34,3812.91,0.66,20.98,3.15,322.81,48.14,14.45,"Residential, Commercial Projects"
KOLTEPATIL,Kolte Patil Dev.,388.3,,3448.81,0.0,-14.51,-124.48,248.61,-65.41,-0.32,"Residential, Commercial Projects"
ELPROINTL,Elpro Internatio,175.02,33.96,2967.08,0.4,-91.97,-1347.9,185.44,165.37,6.57,"Residential, Commercial Projects"
HUBTOWN,Hubtown,198.36,18.98,2818.85,0.0,26.22,546.18,160.0,65.37,9.52,"Residential, Commercial Projects"
ARVSMART,Arvind SmartSp.,591.05,28.11,2710.74,1.02,44.17,120.99,155.39,-4.72,12.9,"Residential, Commercial Projects"
ARKADE,Arkade,140.34,14.15,2602.83,0.71,-109.57,118.04,196.58,49.55,19.29,"Residential, Commercial Projects"
MARATHON,Marathon Nextgen,383.75,12.59,2577.24,0.26,45.52,-16.14,113.55,-23.58,12.5,"Residential, Commercial Projects"
AJMERA,Ajmera Realty,123.1,16.23,2430.38,0.73,58.53,119.94,431.13,184.78,14.28,"Residential, Commercial Projects"
ALEMBICLTD,Alembic,88.3,7.28,2267.9,2.72,67.13,-1.93,60.04,-0.38,6.07,"Residential, Commercial Projects"
OMAXE,Omaxe,86.88,,1591.71,0.0,-191.42,-28.98,348.52,-35.61,-109.77,"Residential, Commercial Projects"
SHRIRAMPPS,Shriram Properti,84.08,14.23,1434.69,0.0,78.53,64.36,640.88,57.18,8.04,"Residential, Commercial Projects"
UNITECH,Unitech,4.48,,1172.1,0.0,-565.67,-42.3,130.22,29.17,,"Residential, Commercial Projects"
ARIHANTSUP,Arihant Super.,257.7,24.25,1116.49,0.58,11.91,5.68,180.8,18.5,10.55,"Residential, Commercial Projects"
ARIHANT,Arih.Found.Hsg.,969.8,16.34,963.65,0.0,4.29,-62.6,147.61,118.88,17.47,"Residential, Commercial Projects"
SURAJEST,Suraj Estate,194.54,10.23,923.82,0.0,10.76,-41.22,98.78,-27.62,14.54,"Residential, Commercial Projects"
MODIS,Modi's Navnirman,402.25,26.94,784.69,0.0,4.41,192.05,51.49,158.22,25.78,"Residential, Commercial Projects"
ELDEHSG,Eldeco Housing,783.15,31.89,774.25,1.15,4.85,49.69,60.11,63.7,7.72,"Residential, Commercial Projects"
VASCONEQ,Vascon Engineers,32.12,30.1,748.58,0.0,5.72,-83.01,253.08,-34.62,4.68,"Residential, Commercial Projects"
PVP,PVP Ventures,27.72,,721.84,0.0,-3.19,-110.74,41.44,117.76,6.22,"Residential, Commercial Projects"
CCCL,C C C L,15.98,,712.14,0.0,-2.0,167.72,103.2,129.54,-1.85,"Residential, Commercial Projects"
PROZONER,Prozone Realty,44.91,64.25,686.81,0.0,3.91,120.3,52.57,-0.49,6.1,"Residential, Commercial Projects"
GEECEE,GeeCee Vent.,346.0,16.06,675.8,0.0,23.57,505.91,33.18,110.0,6.31,"Residential, Commercial Projects"
NATIONSTD,National Standar,337.0,59.66,668.81,0.0,2.54,156.57,-1.02,,4.79,"Residential, Commercial Projects"
PANSARI,Pansari Develop.,357.6,31.37,623.89,0.0,8.25,53.06,13.58,-27.3,12.48,"Residential, Commercial Projects"
PENINLAND,Peninsula Land,16.41,,545.34,0.0,-118.32,74.32,40.88,-35.2,5.34,"Residential, Commercial Projects"
NILASPACES,Nila Spaces,11.75,16.19,462.05,0.0,9.4,94.92,49.8,25.25,31.32,"Residential, Commercial Projects"
SBGLP,Suratwwala Busi.,25.15,11.75,445.22,0.4,13.28,103.37,58.97,171.5,30.85,"Residential, Commercial Projects"
EMAMIREAL,Emami Realty Ltd,80.62,,418.06,0.0,-65.85,17.36,73.09,435.07,-6.9,"Residential, Commercial Projects"
ATALREAL,Atal Realtech,30.99,58.6,380.28,0.0,3.08,528.57,60.2,37.79,10.66,"Residential, Commercial Projects"
NIMBSPROJ,Nimbus Projects,192.0,,312.86,0.0,-31.17,86.0,218.23,26192.77,-13.46,"Residential, Commercial Projects"
MASON,Mason Infratech,122.25,13.38,292.66,0.0,14.07,13.65,79.4,5.68,17.27,"Residential, Commercial Projects"
NILAINFRA,Nila Infrastruct,7.43,12.8,290.65,0.0,5.85,9.14,81.04,-28.55,22.32,"Residential, Commercial Projects"
SHRADHA,Shradha Realty,34.66,10.45,280.73,1.44,12.46,108.04,41.25,-4.84,10.71,"Residential, Commercial Projects"
RVHL,Ravinder Heights,45.59,5.72,279.58,0.0,-2.94,-223.08,0.01,-92.86,21.99,"Residential, Commercial Projects"
ACTIVEINFR,Active Infra.,180.0,26.42,270.27,0.56,4.39,8.51,57.54,2.59,9.53,"Residential, Commercial Projects"
SUMIT,Sumit Woods,53.21,42.02,254.66,0.0,1.31,-74.1,28.35,-13.88,6.55,"Residential, Commercial Projects"
GENCON,Generic Engineer,40.88,27.37,232.9,0.0,1.89,-69.57,111.22,4.14,7.1,"Residential, Commercial Projects"
HBESD,HB Estate Devel.,77.68,15.99,187.09,0.0,3.55,-22.49,32.97,-0.78,7.53,"Residential, Commercial Projects"
LANCORHOL,Lancor Holdings,24.18,4.46,181.12,0.83,43.05,143333.33,17.86,-65.39,20.52,"Residential, Commercial Projects"
VIPULLTD,Vipul Ltd,12.75,,177.61,0.0,1.21,-67.56,9.19,-18.38,-0.44,"Residential, Commercial Projects"
SUPREME,Supreme Holdings,44.53,438.72,171.1,0.0,-0.09,95.27,2.25,1223.53,0.11,"Residential, Commercial Projects"
PRAENG,Prajay Engineers,22.98,,160.56,0.0,-8.06,42.55,7.09,-54.43,-2.62,"Residential, Commercial Projects"
AMJLAND,AMJ Land Holdin.,37.28,10.35,153.1,0.54,5.42,-50.29,15.36,-39.88,10.06,"Residential, Commercial Projects"
THAKDEV,Thakkers Develp.,150.72,26.45,135.15,0.0,-2.1,-154.97,4.78,-22.65,4.55,"Residential, Commercial Projects"
SHRIKRISH,Shri Krishna,41.0,24.9,113.56,0.0,1.14,-54.22,6.16,-40.54,6.7,"Residential, Commercial Projects"
ARTNIRMAN,Art Nirman Ltd,38.68,185.63,96.53,0.0,0.09,-88.31,22.48,152.02,5.85,"Residential, Commercial Projects"
VR,V R Infraspace,108.0,24.47,95.91,0.0,4.27,151.82,55.67,200.76,19.2,"Residential, Commercial Projects"
CINEVISTA,Cinevista,15.17,14.52,88.57,0.0,0.82,103.17,7.3,-36.36,14.45,"Residential, Commercial Projects"
PARSVNATH,Parsvnath Devl.,1.98,,86.6,0.0,-149.47,-54.84,61.04,4.81,-0.98,"Residential, Commercial Projects"
HDIL,H D I L,1.69,,81.06,0.0,-2.47,-2.49,0.41,-2.38,-0.11,"Residential, Commercial Projects"
DHARAN,Dharan Infra-EPC,0.15,,61.92,0.0,-4.19,-874.42,3.5,-43.55,-3.61,"Residential, Commercial Projects"
COUNCODOS,Country Condo,6.52,85.11,50.21,0.0,0.18,100.0,3.68,40.46,3.42,"Residential, Commercial Projects"
GOLDENTOBC,Golden Tobacco,24.98,8.3,43.98,0.0,-1.55,-187.04,3.8,-18.28,,"Residential, Commercial Projects"
ANSALAPI,Ansal Properties,2.98,,37.76,0.0,30.16,-121.82,16.77,-92.08,,"Residential, Commercial Projects"
DIRL,Dhanuka Infra Realty,10.85,9.67,10.35,0.0,0.89,-66.79,2.33,-35.99,8.86,"Residential, Commercial Projects"
JUBLFOOD,Jubilant Food.,412.3,65.5,27234.79,0.29,82.42,66.39,2499.47,19.31,14.59,Restaurants
TRAVELFOOD,Travel Food,1279.2,38.26,16872.01,0.0,122.6,17.45,460.68,25.67,42.37,Restaurants
DEVYANI,Devyani Intl.,109.87,,13562.24,0.0,-9.84,7.8,1436.86,18.5,4.66,Restaurants
WESTLIFE,Westlife Food,477.8,1447.01,7452.11,0.16,2.38,56.58,655.36,8.66,6.11,Restaurants
SAPPHIRE,Sapphire Foods,179.96,,5786.81,0.0,-12.63,-130.06,792.22,11.37,3.98,Restaurants
RBA,Restaurant Brand,64.9,,4615.19,0.0,-47.43,23.58,706.84,11.74,-0.46,Restaurants
UFBL,United Foodbrands,658.1,,2562.28,0.0,-15.07,33.71,360.4,23.1,1.52,Restaurants
SPECIALITY,Speciality Rest.,137.93,27.28,664.91,0.73,2.85,38.91,116.42,13.02,9.14,Restaurants
COFFEEDAY,Coffee Day Enter,30.71,,648.54,0.0,132.07,92.03,280.51,4.66,1.27,Restaurants
BIRDYS,Grill Splendour,92.1,,63.75,0.0,-7.47,21.21,5.22,-10.77,-28.5,Restaurants
NHIT,National High,169.25,47.82,32781.2,8.85,204.55,45.58,1145.46,77.05,4.42,"Road AssetsToll, Annuity, Hybrid-Annuity"
VERTIS,Vertis Infra.,113.0,25.65,17062.82,8.52,230.35,54.74,1055.49,50.57,11.03,"Road AssetsToll, Annuity, Hybrid-Annuity"
INDUSINVIT,Indus Inf. Trust,130.34,20.78,7952.27,12.33,106.28,-27.91,187.94,-25.14,6.77,"Road AssetsToll, Annuity, Hybrid-Annuity"
RIIT,RaajMarg Infra,116.19,,6965.43,0.0,10.31,,10.67,,,"Road AssetsToll, Annuity, Hybrid-Annuity"
CITIUSINVT,Citius Transnet,108.77,,6542.88,0.0,-92.23,,500.85,,-0.1,"Road AssetsToll, Annuity, Hybrid-Annuity"
IRBINVIT,IRB InvIT Fund,62.88,15.6,4977.43,12.72,79.44,-19.03,492.16,69.28,6.96,"Road AssetsToll, Annuity, Hybrid-Annuity"
ROADSTAR,Roadstar Infra,60.0,,2732.86,8.83,-155.64,-1623.01,286.67,-9.82,2.18,"Road AssetsToll, Annuity, Hybrid-Annuity"
ANANTAM,Anantam Highways,104.94,11.82,2280.5,2.38,202.87,405840.0,222.54,,13.71,"Road AssetsToll, Annuity, Hybrid-Annuity"
BFUTILITIE,BF Utilities,580.5,867.82,2186.91,0.0,-3.64,-6985.71,1.67,-29.54,3.88,"Road AssetsToll, Annuity, Hybrid-Annuity"
INNOVISION,Innovision,285.55,18.45,681.18,0.0,11.87,8.15,267.52,6.28,20.28,"Road AssetsToll, Annuity, Hybrid-Annuity"
HILINFRA,Highway Infra,43.98,9.85,315.86,0.0,8.69,-25.82,274.63,107.9,18.76,"Road AssetsToll, Annuity, Hybrid-Annuity"
NOIDATOLL,Noida Tollbridg.,4.37,3.0,81.55,0.0,3.85,-4.9,11.24,7.66,162.47,"Road AssetsToll, Annuity, Hybrid-Annuity"
GAYAHWS,Gayatri Highways,1.89,,45.29,0.0,6.9,-26.28,14.55,1133.05,67.14,"Road AssetsToll, Annuity, Hybrid-Annuity"
MEP,MEP Infrast.,0.56,,10.1,0.0,-604.9,-767.36,20.49,1.84,-401.21,"Road AssetsToll, Annuity, Hybrid-Annuity"
CUBEINVIT,Cube Highways,155.0,0.0,0.0,8.88,134.99,318.54,1162.16,37.37,6.44,"Road AssetsToll, Annuity, Hybrid-Annuity"
ECOSMOBLTY,Ecos (India),127.12,13.1,754.15,1.89,15.74,-12.89,206.76,16.66,30.32,Road Transport
ASHWINI,Ashwini Contain.,201.7,19.72,302.55,0.0,9.91,81.5,54.91,20.36,24.08,Road Transport
WTICAB,Wise Travel,119.85,9.68,285.39,0.0,17.17,31.67,446.96,46.57,16.31,Road Transport
VOLERCAR,Voler Car,217.1,69.72,241.92,0.0,0.7,-22.22,13.95,25.9,12.05,Road Transport
SHREEOSFM,Shree OSFM,59.0,11.99,90.88,0.0,2.71,-51.35,76.92,9.79,12.3,Road Transport
APCOTEXIND,Apcotex Industri,560.6,28.93,2902.5,1.43,34.74,107.28,397.58,13.79,19.8,Rubber
PIXTRANS,Pix Transmission,1790.0,22.89,2432.74,0.5,20.22,-10.73,170.77,4.91,21.73,Rubber
TINNARUBR,Tinna Rubber,1078.6,31.51,1943.45,0.37,20.57,75.21,156.18,19.89,22.31,Rubber
GRPLTD,GRP,1972.6,153.38,1050.66,0.18,4.2,140.0,156.83,26.73,6.94,Rubber
HARRMALAYA,Harri. Malayalam,221.66,14.04,408.91,0.0,9.11,75.53,147.13,7.62,15.28,Rubber
RUBFILA,Rubfila Intl.,72.75,14.7,391.2,2.75,6.42,-22.74,160.6,8.9,12.29,Rubber
GRCL,Gayatri Rubbers,607.4,62.35,348.53,0.0,2.95,86.71,24.48,33.99,39.54,Rubber
ELGIRUBCO,Elgi Rubber Co,56.16,,281.36,0.0,-204.05,-179.7,86.34,-11.19,-12.92,Rubber
SAMPANN,Sampann Utpadan,27.25,19.89,134.88,0.0,1.2,-37.5,38.75,19.67,8.18,Rubber
LRRPL,Lead Reclaim,86.05,18.18,74.36,0.0,3.1,219.59,17.92,-18.25,21.28,Rubber
PENTAGON,Pentagon Rubber,53.95,22.61,41.6,0.0,1.21,-31.25,24.11,-3.64,7.4,Rubber
CERA,Cera Sanitary.,6021.0,37.12,7768.53,1.25,77.34,-20.02,643.82,11.39,19.25,Sanitary Ware
HINDWAREAP,Hindware Home In,211.3,1318.99,1767.45,0.0,-18.82,-139.01,662.73,-5.19,7.02,Sanitary Ware
GANGABATH,Ganga Bath Fitt.,21.95,38.08,48.75,0.0,0.89,-17.59,18.27,17.27,5.62,Sanitary Ware
APEX,Apex Frozen Food,382.35,30.74,1194.39,0.52,7.79,297.45,167.82,-14.95,10.45,Seafood
SHINDL,Sharat Industrie,162.62,39.91,634.54,0.15,0.05,-90.57,117.24,24.84,12.92,Seafood
COASTCORP,Coastal Corporat,50.17,12.48,332.82,0.44,9.9,1061.17,324.67,106.69,9.63,Seafood
WATERBASE,Waterbase,43.34,,179.54,0.0,-3.33,38.67,79.32,3.85,-7.35,Seafood
MAZDOCK,Mazagon Dock,2298.9,35.9,92733.03,0.75,674.16,108.79,3850.39,21.29,35.98,Ship Building & Allied Services
COCHINSHIP,Cochin Shipyard,1395.7,51.2,36696.72,0.7,276.48,-3.73,1484.28,-15.55,15.95,Ship Building & Allied Services
SWANDEF,Swan Defence,2428.3,,12793.07,0.0,-142.22,-588.38,236.28,4712.22,-7.55,Ship Building & Allied Services
GESHIP,GE Shipping Co,1441.9,8.28,20581.29,2.43,1044.09,187.56,1511.4,23.58,15.79,Shipping
SCI,S C I,268.6,9.25,12516.04,2.45,404.6,118.54,1513.21,14.19,14.31,Shipping
SHREEJISPG,Shreeji Ship. Gl,616.6,65.66,10025.52,0.16,40.32,-18.07,188.07,20.49,26.35,Shipping
SEAMECLTD,SEAMEC Ltd,1402.1,14.16,3559.9,0.0,103.7,141.04,327.07,63.85,20.04,Shipping
ABSMARINE,ABS Marine,222.0,6.81,545.01,0.0,49.46,154.86,183.09,83.46,20.98,Shipping
ESSARSHPNG,Essar Shipping,20.03,,415.19,0.0,-35.57,-95.73,0.04,100.03,,Shipping
TRANSWORLD,Transworld Shipp,158.87,,352.65,0.94,-29.52,-494.17,132.42,-12.82,-4.56,Shipping
SADHAV,Sadhav Shipping,116.0,12.71,187.15,0.0,3.15,,34.34,,8.89,Shipping
ARVINDPORT,Arvind Port &,31.35,44.96,53.5,0.0,0.99,-84.84,8.3,-36.25,2.64,Shipping
OFSS,Oracle Fin.Serv.,10843.0,27.68,94474.57,3.69,1415.5,120.52,3125.2,68.73,45.28,Software Products
TANLA,Tanla Platforms,618.5,15.43,8221.41,1.94,142.17,20.07,1226.39,17.85,26.32,Software Products
MAPMYINDIA,C.E. Info System,1081.85,57.51,5912.15,0.32,50.93,4.53,145.04,1.04,19.13,Software Products
CAPILLARY,Capillary Tech.,477.05,127.97,3791.61,0.0,43.36,54.34,191.35,25.82,3.62,Software Products
RAMCOSYS,Ramco Systems,789.9,47.09,2966.94,0.0,0.56,-36.17,172.77,7.1,19.33,Software Products
TECHNVISN,Technvision Ven.,4429.9,12719.75,2798.34,0.0,-4.24,-410.84,67.11,70.55,12.87,Software Products
NUCLEUS,Nucleus Soft.,730.3,17.14,1929.93,1.71,34.55,-43.21,224.77,-1.83,16.83,Software Products
UNIECOM,Unicommerce,84.46,46.34,948.04,0.0,3.4,1.19,51.63,14.05,21.09,Software Products
QUICKHEAL,Quick Heal Tech,153.28,,826.96,0.0,-19.94,-513.54,48.73,-25.19,-4.65,Software Products
SUBEXLTD,Subex,12.34,21.84,699.44,0.0,9.93,157.1,72.96,3.34,12.76,Software Products
IRIS,IRIS Regtech Solutions,236.5,34.33,486.23,0.0,4.15,100.63,39.15,31.64,12.55,Software Products
ABMKNO,ABM Knowledge,197.61,42.32,399.11,0.63,0.8,-52.29,25.53,4.72,6.54,Software Products
VGINFOTECH,Virtual Galaxy,152.65,8.24,379.62,0.66,14.49,195.71,54.66,189.21,33.74,Software Products
GOLDTECH,Aion-Tech Soluti,59.57,,312.93,0.0,-2.69,-54.79,41.72,44.86,-1.71,Software Products
VIRINCHI,Virinchi,15.63,,173.41,0.0,-15.68,-233.56,65.97,-4.31,1.31,Software Products
XELPMOC,Xelpmoc Design,80.47,,119.0,0.0,-1.78,-5.33,1.08,52.11,-10.56,Software Products
MOBILISE,Mobilise App,114.0,19.4,108.44,0.0,1.31,-23.39,5.2,-4.06,39.37,Software Products
TRUST,Trust Fintech,28.55,8.27,68.02,1.75,3.93,-5.3,21.5,47.56,10.21,Software Products
TRENT,Trent,2874.8,88.79,153280.35,0.14,413.1,25.83,5027.99,19.23,28.34,Speciality Retail
LENSKART,Lenskart Solut.,557.4,192.76,96968.3,0.0,203.62,-8.5,2515.71,45.62,8.44,Speciality Retail
ABLBL,A B Lifestyle,92.85,54.26,11347.05,0.54,54.52,57.68,2174.16,11.95,14.67,Speciality Retail
MANYAVAR,Vedant Fashions,402.15,26.01,9766.58,1.99,114.3,13.05,399.43,8.71,23.55,Speciality Retail
V2RETAIL,V2 Retail,220.21,54.38,8026.42,0.0,18.19,206.0,798.14,60.11,19.53,Speciality Retail
AVL,Aditya Vision,619.5,67.83,8007.04,0.18,21.73,35.98,625.03,28.42,16.97,Speciality Retail
ABFRL,Aditya Bir. Fas.,56.03,,6833.73,0.0,-163.81,-13.52,1990.13,15.74,-3.07,Speciality Retail
ARVINDFASN,Arvind Fashions.,477.8,48.79,6393.6,0.33,27.61,-23.57,1278.5,15.46,18.92,Speciality Retail
BUILDPRO,Shankara Buildpro,1245.0,23.35,3026.91,0.4,41.5,41.69,1996.3,27.95,39.02,Speciality Retail
STYLEBAAZA,Baazar Style,274.7,95.01,2093.12,0.0,-25.64,22.03,465.71,34.86,7.43,Speciality Retail
GOCOLORS,Go Fashion (I),320.8,28.45,1683.78,0.0,7.95,-60.03,196.12,-4.24,10.58,Speciality Retail
KALAMANDIR,Sai Silks,88.56,9.93,1356.01,1.69,25.64,-14.68,375.08,-1.04,14.41,Speciality Retail
MUFTI,Credo Brands,83.37,11.3,546.17,3.6,15.23,10.12,162.3,5.93,13.8,Speciality Retail
SHANKARA,Shankara Building,138.99,72.08,336.63,2.16,7.35,-74.17,340.5,-79.23,2.92,Speciality Retail
BCONCEPTS,Brand Concepts,189.14,172.93,238.64,0.0,0.77,-50.64,90.42,25.03,7.19,Speciality Retail
PRAXIS,Praxis Home,7.04,,131.54,0.0,-115.3,0.63,24.74,-9.04,-26.18,Speciality Retail
FONEBOX,Fonebox Retail,82.0,12.37,84.13,0.0,4.53,60.07,311.35,74.84,25.33,Speciality Retail
VMOBILE,Vinit Mobile,67.85,10.73,41.86,0.0,1.0,,18.09,,98.86,Speciality Retail
CELLPOINT,Cell Point,19.0,591.63,35.5,0.0,-0.13,-120.0,190.99,11.57,5.47,Speciality Retail
PIDILITIND,Pidilite Inds.,1564.2,64.65,159192.87,0.74,584.15,32.82,3583.38,14.08,31.02,Specialty Chemicals
FLUOROCHEM,Gujarat Fluoroch,4577.2,85.49,50277.8,0.07,109.0,-41.93,1369.0,11.76,9.86,Specialty Chemicals
NAVINFLUOR,Navin Fluo.Intl.,7673.5,60.75,39375.61,0.2,212.62,113.03,937.71,33.78,20.96,Specialty Chemicals
DEEPAKNTR,Deepak Nitrite,1653.8,40.98,22594.65,0.45,219.83,8.56,2120.33,-2.72,11.37,Specialty Chemicals
AETHER,Aether Industri.,1435.5,84.0,19003.54,0.0,54.01,4.78,305.12,27.03,11.92,Specialty Chemicals
ATUL,Atul,6130.0,26.56,18041.18,0.49,211.1,66.13,1670.07,15.05,14.9,Specialty Chemicals
AARTIIND,Aarti Industries,478.2,42.16,17371.86,0.21,137.0,42.71,2205.0,13.13,6.85,Specialty Chemicals
BASF,BASF India,3698.0,39.04,16005.76,0.68,63.58,93.19,3453.04,8.28,14.54,Specialty Chemicals
FINEORG,Fine Organic,4745.5,35.29,14535.09,0.23,117.49,20.97,625.32,3.05,21.47,Specialty Chemicals
ANURAS,Anupam Rasayan,1239.1,83.05,14127.83,0.06,56.0,-4.31,635.78,27.12,7.36,Specialty Chemicals
PRIVISCL,Privi Speci.,3585.9,42.84,14017.98,0.28,94.11,40.86,721.52,17.6,22.3,Specialty Chemicals
VINATIORGA,Vinati Organics,1291.6,27.48,13402.2,0.58,137.51,7.79,610.55,-5.84,21.33,Specialty Chemicals
JUBLINGREA,Jubilant Ingrev.,745.05,37.37,11883.21,0.67,105.82,40.91,1300.27,25.28,11.35,Specialty Chemicals
ALKYLAMINE,Alkyl Amines,1812.2,51.52,9279.39,0.55,45.37,-1.41,386.91,0.22,16.64,Specialty Chemicals
CLEAN,Clean Science,728.85,33.73,7746.41,0.82,58.27,-21.35,249.25,-5.47,20.64,Specialty Chemicals
BALAMINES,Balaji Amines,2349.2,45.5,7599.99,0.47,64.77,57.79,394.79,11.92,11.02,Specialty Chemicals
ELANTAS,Elantas Beck,9250.0,50.26,7337.82,0.08,31.08,-5.45,222.17,7.78,21.21,Specialty Chemicals
GALAXYSURF,Galaxy Surfact.,1928.3,24.66,6857.85,1.14,62.43,-17.71,1314.7,14.83,13.53,Specialty Chemicals
ACI,Archean Chemical,553.35,66.25,6821.26,0.45,12.23,-74.93,300.94,-12.92,7.41,Specialty Chemicals
NEOGEN,Neogen Chemicals,2087.0,197.98,5691.84,0.05,11.39,23.67,246.56,21.57,6.46,Specialty Chemicals
LXCHEM,Laxmi Organic,182.98,63.37,5065.75,0.16,21.55,-0.97,735.31,3.61,4.72,Specialty Chemicals
EPIGRAL,Epigral,1152.0,15.25,4974.04,0.43,81.93,-5.41,736.16,17.29,15.3,Specialty Chemicals
FCL,Fineotex Chem,41.91,39.84,4874.31,0.19,48.21,54.78,376.63,174.77,18.3,Specialty Chemicals
STYRENIX,Styrenix Perfor.,2432.8,23.18,4284.23,2.22,73.48,33.83,826.1,-12.09,15.07,Specialty Chemicals
VISHNU,Vishnu Chemicals,620.7,29.4,4182.24,0.05,43.4,11.45,450.31,14.69,16.28,Specialty Chemicals
TATVA,Tatva Chintan,1700.8,75.91,3976.85,0.06,15.98,155.34,167.06,42.96,7.14,Specialty Chemicals
FOSECOIND,Foseco India,5032.0,39.04,3808.42,0.5,33.49,48.5,201.88,35.94,17.45,Specialty Chemicals
YASHO,Yasho Industries,3079.0,147.12,3716.19,0.02,12.26,143.74,246.26,33.25,8.95,Specialty Chemicals
CHEMPLASTS,Chemplast Sanmar,209.9,,3317.2,0.0,-45.38,292.99,1255.55,9.09,0.34,Specialty Chemicals
DDEVPLSTIK,DDev Plastiks,272.25,13.95,2816.14,0.64,54.52,5.39,765.66,3.92,31.0,Specialty Chemicals
JUBLCPL,Jubilant Agri,1851.3,21.5,2804.29,0.0,19.93,30.04,485.2,21.82,39.86,Specialty Chemicals
ROSSARI,Rossari Biotech,491.95,18.07,2723.2,0.1,35.1,4.46,697.2,28.23,13.33,Specialty Chemicals
NOCIL,NOCIL,162.11,58.87,2709.13,0.93,17.0,-18.23,330.35,-2.75,3.93,Specialty Chemicals
CAMLINFINE,Camlin Fine,120.61,63.52,2314.78,0.0,86.28,-60.5,424.81,-1.57,4.78,Specialty Chemicals
SHK,S H Kelkar & Co.,140.58,39.83,1945.64,0.71,1.8,-96.22,649.94,14.55,5.85,Specialty Chemicals
NITTAGELA,Nitta Gelatin,1920.8,17.73,1736.24,0.36,34.1,104.57,161.73,25.24,27.7,Specialty Chemicals
VIDHIING,Vidhi Specialty,304.45,31.03,1525.12,1.64,13.29,10.38,122.68,12.01,18.76,Specialty Chemicals
PAUSHAKLTD,Paushak,546.0,40.22,1342.46,0.46,12.51,30.31,55.14,5.31,8.3,Specialty Chemicals
PLATIND,Platinum Industr,228.85,24.05,1259.05,0.0,14.85,166.43,132.01,36.78,15.74,Specialty Chemicals
OAL,Oriental Aromat.,352.25,359.02,1188.34,0.14,3.99,180.99,282.37,11.54,4.47,Specialty Chemicals
EXCELINDUS,Excel Industries,914.35,15.17,1147.64,1.5,12.28,-1.05,281.24,13.48,6.06,Specialty Chemicals
FAIRCHEMOR,Fairchem Organic,772.9,157.45,973.01,0.13,3.69,525.42,116.93,-3.19,3.33,Specialty Chemicals
INDOAMIN,Indo Amines,130.29,11.9,943.67,0.38,20.51,73.08,317.61,11.28,19.87,Specialty Chemicals
GEMAROMA,Gem Aromatics,177.53,649.38,928.61,0.0,1.01,-96.34,110.41,-45.4,3.43,Specialty Chemicals
SACHEEROME,Sacheerome,413.5,32.53,925.12,0.0,13.5,51.01,75.82,32.83,35.72,Specialty Chemicals
VALIANTORG,Valiant Organics,263.95,24.97,752.28,0.0,15.12,281.82,217.7,6.82,6.21,Specialty Chemicals
CHEMBONDCH,Chembond Chemic.,247.86,17.75,678.86,0.5,9.55,52.24,86.48,32.27,23.64,Specialty Chemicals
JAYAGROGN,Jayant Agro Org.,224.73,13.37,674.13,1.11,18.26,54.01,646.66,2.0,11.58,Specialty Chemicals
DMCC,DMCC Speciality,262.85,24.04,657.03,0.95,7.66,18.39,177.63,41.89,15.34,Specialty Chemicals
CHEMCON,Chemcon Special.,177.47,27.26,643.3,3.66,6.37,61.27,75.42,37.4,6.42,Specialty Chemicals
KRONOX,Kronox Lab,152.41,20.42,564.71,0.33,8.0,26.58,26.13,0.0,36.0,Specialty Chemicals
PLASTIBLEN,Plastiblends (I),189.77,11.52,492.21,1.32,14.95,67.6,221.61,11.01,11.25,Specialty Chemicals
BLACKROSE,Black Rose Indus,97.07,21.88,492.09,1.08,9.41,57.26,104.04,25.52,18.86,Specialty Chemicals
AARTISURF,Aarti Surfactant,385.8,26.46,326.47,0.26,4.19,-56.89,256.28,26.84,8.53,Specialty Chemicals
HPAL,HP Adhesives,32.43,39.75,297.33,1.23,-2.39,-158.01,57.7,-11.83,5.61,Specialty Chemicals
DYNPRO,Dynemic Products,234.08,14.61,291.28,0.0,6.08,54.31,104.22,10.77,11.29,Specialty Chemicals
DIAMINESQ,Diamines & Chem.,250.08,,251.79,0.4,-2.42,-292.06,9.29,-48.19,-8.35,Specialty Chemicals
DSFCL,DCM Shriram Fine Chemicals,28.5,,246.97,1.4,-3.83,-186.65,93.08,-17.69,0.74,Specialty Chemicals
CHEMBOND,Chembond Materi.,179.71,16.04,242.51,1.11,5.73,43.61,72.42,25.55,10.76,Specialty Chemicals
DAICHI,Dai-ichi Karkari,303.55,,226.15,0.49,0.09,-98.55,41.25,-41.12,-1.01,Specialty Chemicals
SILKFLEX,Silkflex Polymer,193.75,18.52,224.89,0.0,4.66,235.25,39.07,199.85,22.46,Specialty Chemicals
SPEB,SPEB Adhesives,87.0,28.45,195.44,0.0,3.21,-1.23,25.8,11.83,22.91,Specialty Chemicals
VIKASECO,Vikas Ecotech,1.1,61.41,192.82,0.0,-0.44,-110.23,116.19,13.23,2.34,Specialty Chemicals
ARVEE,Arvee Laborat.,158.39,68.99,174.55,0.0,0.52,642.86,10.8,67.44,7.92,Specialty Chemicals
IVP,IVP,154.52,8.45,160.46,0.97,8.86,131.33,164.44,10.1,14.14,Specialty Chemicals
SANGINITA,Sanginita Chemi.,60.43,,156.53,0.0,-6.33,-12560.0,42.97,-13.8,-11.04,Specialty Chemicals
NEOCHEM,Neochem Bio,89.1,12.24,152.55,0.0,6.86,31.35,64.87,37.35,28.05,Specialty Chemicals
ISHANCH,Ishan Dyes,53.29,,146.01,0.0,1.46,225.86,31.76,89.84,0.96,Specialty Chemicals
IPHL,Indian Phosphate,55.5,6.32,138.69,0.0,13.4,150.09,580.25,28.49,16.74,Specialty Chemicals
VITAL,Vital Chemtech,47.45,110.34,113.65,0.0,0.84,-28.21,35.14,0.2,3.44,Specialty Chemicals
HINDCON,Hindcon Chemical,20.66,32.74,105.76,0.0,0.76,50.91,20.6,33.42,7.85,Specialty Chemicals
BIOPOL,Biopol Chemicals,94.0,11.32,101.57,0.0,6.04,101.33,49.49,46.2,34.12,Specialty Chemicals
RNPL,Renol Polychem,74.85,10.96,90.45,0.0,5.87,109.64,49.92,49.28,14.5,Specialty Chemicals
AMBANIORGO,Ambani Orgochem,118.0,66.45,90.37,0.0,1.16,190.0,133.09,18.87,10.48,Specialty Chemicals
IEML,Indian Emuls,42.05,4.76,77.09,0.0,5.93,-6.17,82.89,66.68,15.18,Specialty Chemicals
ALKALI,Alkali Metals,74.85,70.93,76.61,1.34,-0.64,44.35,17.57,-14.75,8.69,Specialty Chemicals
SNEHAA,Snehaa Organics,47.3,5.97,48.15,0.0,4.81,,35.57,,29.4,Specialty Chemicals
VSCL,Vadivarhe Speci.,29.0,,37.07,0.0,2.21,132.56,28.74,22.61,-2.05,Specialty Chemicals
SEYAIND,Seya Industries,12.52,,33.37,0.0,-0.71,83.9,0.0,100.0,-0.32,Specialty Chemicals
SAROJA,Saroja Pharma In,30.0,7.44,12.06,0.0,1.04,48.57,31.47,-10.37,13.02,Specialty Chemicals
RITEZONE,Rite Zone,21.55,26.82,9.12,0.0,0.16,-42.86,13.79,15.49,4.11,Specialty Chemicals
KIOCL,KIOCL,351.15,1286.5,21317.3,0.0,53.39,244.77,220.33,-10.6,1.38,Sponge Iron
SALSTEEL,S.A.L Steel,56.43,,814.06,0.0,-1.02,82.91,11.97,-89.76,1.08,Sponge Iron
VRAJ,Vraj Iron,131.75,13.62,435.97,0.0,15.57,55.54,170.21,11.24,10.51,Sponge Iron
CMNL,Chaman Metallics,105.0,,253.42,0.0,-1.62,-78.12,344.75,326.41,5.37,Sponge Iron
VASWANI,Vaswani Industri,52.37,40.73,172.7,0.0,5.39,22.78,143.89,24.69,8.76,Sponge Iron
SHKSIL,Shri Hare-Krish.,40.0,12.38,76.76,0.0,1.55,-64.85,27.21,-35.63,7.76,Sponge Iron
DOMS,DOMS Industries,2230.1,58.76,13525.15,0.14,58.2,17.13,603.98,18.72,24.33,Stationary
NAVNETEDUL,Navneet Educat.,140.64,20.05,3119.36,2.13,39.0,-47.07,430.0,-0.92,10.23,Stationary
FLAIR,Flair Writing,245.55,18.52,2588.51,0.41,36.53,16.15,322.95,8.35,16.8,Stationary
KOKUYOCMLN,Kokuyo Camlin,84.25,34.32,851.75,0.36,2.88,-34.4,226.23,13.1,10.21,Stationary
LINC,Linc,103.31,16.77,614.06,1.45,11.66,-7.9,136.66,-9.55,19.21,Stationary
SUNDARAM,Sundaram Multi.,1.29,22.15,61.13,0.0,1.17,211.58,44.35,11.85,3.8,Stationary
GROWW,Billionbrains,202.5,52.06,127009.19,0.0,735.04,94.28,1501.42,66.01,37.32,Stockbroking & Allied
MOTILALOFS,Motil.Oswal.Fin.,940.25,28.52,56479.09,0.64,1273.71,9.56,3425.76,25.16,12.66,Stockbroking & Allied
360ONE,360 ONE,1083.2,34.91,44062.15,1.11,330.53,16.11,1226.09,34.52,12.13,Stockbroking & Allied
NUVAMA,Nuvama Wealth,1947.2,34.15,35555.23,1.43,268.79,5.38,1269.14,13.34,17.49,Stockbroking & Allied
ANGELONE,Angel One,306.05,27.1,27967.2,1.32,231.4,102.15,1429.69,25.35,14.77,Stockbroking & Allied
IIFLCAPS,IIFL Capital,339.6,18.76,10697.07,0.88,184.16,4.99,631.48,2.29,23.17,Stockbroking & Allied
SHAREINDIA,Share India Sec.,193.49,13.09,4234.72,0.7,58.04,208.26,415.91,73.7,18.41,Stockbroking & Allied
ARSSBL,Anand Rathi Shar,508.6,21.74,3209.42,0.98,23.51,67.57,245.68,22.22,19.82,Stockbroking & Allied
INDOTHAI,Indo Thai Sec.,217.38,41.98,2880.84,0.05,11.03,28.7,20.62,46.87,34.58,Stockbroking & Allied
MONARCH,Monarch Networth,356.2,15.57,2821.4,0.28,45.56,84.16,99.87,63.8,27.68,Stockbroking & Allied
GEOJITFSL,Geojit Fin. Ser.,78.65,28.28,2199.35,1.91,19.83,-28.49,160.4,11.38,9.02,Stockbroking & Allied
5PAISA,5paisa Capital,367.3,38.98,1723.38,0.0,11.57,0.17,88.33,13.7,9.93,Stockbroking & Allied
SMCGLOBAL,SMC Global Sec.,77.87,16.05,1633.05,1.54,21.46,465.15,516.94,22.65,11.38,Stockbroking & Allied
DOLATALGO,Dolat Algotech,68.29,9.32,1201.56,0.37,46.81,17.75,125.89,10.52,18.13,Stockbroking & Allied
DAMCAPITAL,Dam Capital Advi,157.6,15.36,1113.73,0.63,0.26,-96.93,29.23,-20.05,35.64,Stockbroking & Allied
MASTERTR,Master Trust,85.07,8.33,1050.06,0.0,36.06,46.88,180.61,48.07,23.85,Stockbroking & Allied
ARIHANTCAP,Arihant Capital,81.45,28.21,895.23,0.61,0.5,-96.23,49.04,5.83,11.0,Stockbroking & Allied
SYSTMTXC,Systematix Corp.,60.0,57.44,814.52,0.17,-11.79,-448.48,23.5,-20.69,8.49,Stockbroking & Allied
BIRLAMONEY,Adit.Birla Money,132.79,13.33,754.92,0.0,11.13,-27.63,130.77,16.02,9.91,Stockbroking & Allied
EMKAY,Emk.Global Fin.,235.65,42.67,648.62,0.64,5.66,-33.33,148.39,108.88,7.92,Stockbroking & Allied
SHARDUL,Shardul Sec.,56.43,21.25,492.4,0.0,142.67,102.74,189.26,101.02,-5.88,Stockbroking & Allied
ALMONDZ,Almondz Global,12.98,7.92,227.55,0.0,5.18,-15.77,55.79,5.76,11.74,Stockbroking & Allied
INDBANK,Indbank Merchant,32.51,19.84,144.02,0.0,2.38,11.21,6.9,3.14,10.34,Stockbroking & Allied
KEYFINSERV,Keynote Finan.,256.32,20.27,140.05,0.39,-9.48,-29.0,0.07,103.89,6.9,Stockbroking & Allied
ONELIFECAP,Onelife Capital,37.16,25.75,138.02,0.0,12.7,224.13,3.9,217.07,11.41,Stockbroking & Allied
DBSTOCKBRO,DB Intl.Stock,33.82,38.06,118.37,0.0,0.23,-82.84,6.08,-21.85,7.28,Stockbroking & Allied
STEELCITY,Steel City Sec.,75.79,8.01,114.5,5.28,3.36,14.68,16.57,20.42,14.46,Stockbroking & Allied
INVENTURE,Inventure Grow.,0.89,26.78,93.45,0.0,-5.34,-163.72,10.61,-39.68,2.22,Stockbroking & Allied
HYBRIDFIN,Hybrid Financial,19.02,20.45,55.22,0.0,0.44,69.23,1.16,-40.82,6.34,Stockbroking & Allied
KHANDSE,Khandwala Sec.,17.61,,27.6,0.0,-0.44,78.54,2.3,94.92,-3.47,Stockbroking & Allied
BALRAMCHIN,Balrampur Chini,612.8,34.25,12963.06,0.57,159.57,-30.36,1603.99,6.67,9.28,Sugar
TRIVENI,Triven.Engg.Ind.,261.75,20.58,5744.02,1.05,167.45,-11.83,1507.98,-7.45,8.99,Sugar
RENUKA,Sh.Renuka Sugar,21.68,,4612.47,0.0,-121.4,-233.41,2548.5,-5.31,-3.12,Sugar
BANARISUG,Bannari Amm.Sug.,3491.0,29.99,4435.72,0.36,41.58,18.26,282.29,-42.84,9.32,Sugar
BAJAJHIND,Bajaj Hindusthan,16.82,28.57,4018.74,0.0,390.68,85.69,1668.71,7.41,2.27,Sugar
DALMIASUG,Dalmia Bharat,363.1,12.71,2937.3,1.65,105.46,-46.94,990.73,-2.44,8.25,Sugar
MVKAGRO,M.V.K. Agro,399.4,43.26,2017.13,0.0,30.6,534.85,133.94,96.13,14.37,Sugar
AVADHSUGAR,Avadh Sugar,534.7,17.35,1087.64,1.87,55.61,-23.23,670.61,-1.2,6.83,Sugar
DHAMPURSUG,Dhampur Sugar,142.18,14.07,916.11,1.41,45.7,-6.88,490.65,-20.75,6.43,Sugar
UTTAMSUGAR,Uttam Sug.Mills,228.73,8.77,874.44,1.09,51.57,-22.6,451.42,-17.92,11.71,Sugar
DWARKESH,Dwarikesh Sugar,42.43,25.6,787.9,0.24,57.41,23.92,425.43,-7.28,4.62,Sugar
ZUARIIND,Zuari Industries,256.1,6.58,763.13,0.39,-31.61,-56.79,283.56,4.15,5.45,Sugar
MAGADSUGAR,Magadh Sugar,495.85,11.08,702.25,2.52,48.55,-32.89,290.67,-18.17,7.75,Sugar
DBOL,Dhampur Bio,101.4,26.32,672.91,1.48,36.79,2.41,532.89,8.21,4.98,Sugar
UGARSUGAR,Ugar Sugar Works,39.16,32.4,441.0,0.26,45.76,-10.42,389.49,-23.78,9.0,Sugar
MAWANASUG,Mawana Sugars,112.6,10.69,439.45,3.55,62.83,-9.55,374.41,9.2,8.35,Sugar
DCMSRIND,DCM Shriram Inds,39.88,8.34,346.18,1.0,15.91,-19.32,273.54,11.29,11.03,Sugar
PONNIERODE,Ponni Sug.Erode,321.2,,277.66,1.56,26.68,85.87,89.54,-5.2,7.27,Sugar
KCPSUGIND,KCP Sugar &Inds.,24.19,24.71,275.04,0.41,-15.2,31.59,68.8,7.52,4.13,Sugar
KMSUGAR,KM Sugar Mills,27.88,5.07,254.89,0.0,9.24,-16.46,105.99,-30.84,12.95,Sugar
CKKRETAIL,C K K Retail,130.0,23.31,251.78,0.0,0.86,-91.83,110.76,-21.72,17.11,Sugar
KOTARISUG,Kothari Sugars,24.68,,204.57,0.0,0.63,191.3,41.96,16.39,-5.52,Sugar
SAKHTISUG,Sakthi Sugars,17.06,7.23,203.35,0.0,86.5,16.73,301.92,-6.19,14.14,Sugar
RANASUG,Rana Sugars,11.64,68.23,178.76,0.0,27.75,-76.36,437.84,-7.79,3.53,Sugar
DOLLEX,Dollex Agrotech,30.35,14.4,121.24,0.0,4.64,2629.41,108.59,-8.49,5.52,Sugar
VISHWARAJ,Vishwaraj Sugar,5.26,,114.58,0.0,10.93,430.58,111.03,-33.39,-3.28,Sugar
RAJSREESUG,Rajshree Sugars,30.32,,98.96,0.0,-23.33,-64.99,153.23,8.73,2.82,Sugar
PRUDMOULI,Pruden. Sugar,13.25,7.22,44.46,0.0,1.5,37.61,10.39,49.71,7.45,Sugar
SIMBHALS,Simbhaoli Sugar,6.75,,27.24,0.0,-1.74,-92.33,192.21,-42.04,-6.48,Sugar
TATACONSUM,Tata Consumer,1107.7,71.37,109613.73,0.9,424.02,34.33,5433.62,17.91,9.24,Tea & Coffee
CCL,CCL Products,1185.3,40.78,15827.07,0.42,114.53,12.43,1224.44,46.49,15.82,Tea & Coffee
VINCOFE,Vintage Coffee,156.53,31.59,2280.61,0.06,21.01,34.34,165.31,57.23,18.18,Tea & Coffee
ANDREWYU,Andrew Yule & Co,23.92,,1169.57,0.0,-30.51,-2751.4,92.72,-5.86,-6.25,Tea & Coffee
MCLEODRUSS,Mcleod Russel,54.8,25.92,574.02,0.0,-72.67,142.46,130.35,-21.22,-4.68,Tea & Coffee
UNITEDTEA,United Nilgiri,483.3,11.12,241.48,0.62,3.66,-4.44,16.31,-13.79,11.2,Tea & Coffee
JAYSREETEA,Jay Shree Tea,80.68,,233.18,0.62,-34.16,-329.15,177.68,10.0,1.18,Tea & Coffee
PKTEA,The Peria Karamalai Tea,743.4,,230.15,0.13,-9.81,-190.8,12.1,21.36,0.27,Tea & Coffee
ROSSELLIND,Rossell India,60.01,14.03,225.53,0.67,-23.79,-7.94,16.58,82.6,9.08,Tea & Coffee
NEAGI,Neelamalai Agro,3134.5,6.76,196.81,0.64,6.62,58.37,6.98,53.07,9.63,Tea & Coffee
GILLANDERS,Gillanders Arbut,87.0,26.06,193.36,0.0,-3.89,-282.63,103.39,-0.53,5.65,Tea & Coffee
BNALTD,B & A,472.35,,148.22,0.0,-20.5,-86.05,43.72,1.63,3.75,Tea & Coffee
DTIL,Dhunseri Tea,133.17,,140.31,1.5,-30.9,34.92,43.97,-35.75,1.8,Tea & Coffee
GANGESSECU,Ganges Securitie,116.19,43.2,116.21,0.0,-2.71,26.95,3.0,50.0,0.76,Tea & Coffee
NORBTEAEXP,Norben Tea,67.37,,104.72,0.0,-0.79,23.3,1.43,32.41,2.96,Tea & Coffee
GROBTEA,Grob Tea Co,887.75,16.78,103.19,0.34,-19.01,3.13,9.76,-39.53,7.35,Tea & Coffee
STLTECH,Sterlite Tech.,548.85,592.19,28206.02,0.0,59.0,744.4,1441.0,36.98,7.75,Telecom -  Equipment & Accessories
ITI,ITI,277.6,,26742.06,0.0,435.91,65.61,627.65,-39.98,1.43,Telecom -  Equipment & Accessories
TEJASNET,Tejas Networks,497.3,,8856.61,0.5,-211.34,-194.35,332.69,-82.55,-14.64,Telecom -  Equipment & Accessories
OPTIEMUS,Optiemus Infra.,615.55,83.22,5493.13,0.0,22.47,0.04,484.98,7.95,10.91,Telecom -  Equipment & Accessories
BIRLACABLE,Birla Cable,197.35,35.48,592.11,0.63,10.81,645.52,214.1,37.04,8.93,Telecom -  Equipment & Accessories
FROG,Frog Innovations,207.45,,322.67,0.0,-0.55,-100.66,51.14,-63.37,-1.91,Telecom -  Equipment & Accessories
UMIYA-MRO,Umiya Buildcon,89.15,18.49,166.24,0.0,0.24,-77.14,16.33,27.28,12.83,Telecom -  Equipment & Accessories
AKSHOPTFBR,Aksh Optifibre,5.88,,95.34,0.0,2.24,70.57,40.83,23.8,-6.63,Telecom -  Equipment & Accessories
TNTELE,T N Telecom.,8.88,,40.04,0.0,-3.69,33.15,0.0,,,Telecom -  Equipment & Accessories
BHARTIARTL,Bharti Airtel,1931.0,45.23,1204303.06,1.24,9247.4,-16.49,55383.2,15.68,17.56,Telecom - Cellular & Fixed line services
IDEA,Vodafone Idea,13.2,,143012.81,0.0,51970.0,23.08,11332.0,2.88,-1.6,Telecom - Cellular & Fixed line services
BHARTIHEXA,Bharti Hexacom,1608.0,47.28,80353.32,1.12,446.7,-1.09,2413.7,5.45,21.37,Telecom - Cellular & Fixed line services
TATACOMM,Tata Comm,1800.7,49.34,51341.91,0.97,129.72,-25.37,6582.82,10.45,14.63,Telecom - Cellular & Fixed line services
TTML,Tata Tele. Mah.,39.4,,7711.92,0.0,-72.15,77.54,301.57,6.09,55.65,Telecom - Cellular & Fixed line services
MTNL,M T N L,26.75,,1685.86,0.0,-306.95,62.92,370.51,34.53,-2.25,Telecom - Cellular & Fixed line services
RCOM,Reliance Communi,0.83,,229.53,0.0,-3097.0,-302.18,81.0,-6.9,,Telecom - Cellular & Fixed line services
INDUSTOWER,Indus Towers,390.25,14.37,102694.22,0.0,1792.9,0.78,8101.0,4.84,19.49,Telecom - Infrastructure
HFCL,HFCL,207.01,55.34,31685.0,0.05,245.64,809.06,1914.98,119.85,10.86,Telecom - Infrastructure
PACEDIGITK,Pace Digitek,197.19,14.3,4256.37,0.0,105.92,73.27,1096.78,60.52,21.26,Telecom - Infrastructure
GTLINFRA,GTL Infra.,1.21,,1549.9,0.0,1185.58,94.92,330.36,-1.98,,Telecom - Infrastructure
SUYOG,Suyog Telematics,841.1,15.83,985.59,0.21,14.14,202.61,52.74,5.35,14.42,Telecom - Infrastructure
SARTELE,Sar Televenture,118.1,8.25,592.24,0.0,36.23,25.49,280.35,35.3,8.84,Telecom - Infrastructure
KDL,Kore Digital,113.25,3.71,136.17,0.0,11.91,-51.61,150.42,-36.24,38.1,Telecom - Infrastructure
RTL,Rama Telecom,81.05,36.76,106.98,0.0,0.48,-86.7,27.75,18.69,11.91,Telecom - Infrastructure
IRCTC,I R C T C,494.05,28.61,39516.0,1.72,326.57,-0.44,1459.72,15.07,46.09,"Tour, Travel Related Services"
TBOTEK,TBO Tek,1436.1,64.4,15604.38,0.0,60.1,16.86,814.36,82.54,18.0,"Tour, Travel Related Services"
BLS,BLS Internat.,230.3,13.8,9474.18,0.87,186.9,31.57,814.56,17.58,29.34,"Tour, Travel Related Services"
IXIGO,Le Travenues,186.81,110.26,8182.16,0.0,32.05,91.15,308.05,8.41,6.8,"Tour, Travel Related Services"
CORDELIA,Waterways Leisur,826.65,149.25,5990.73,0.0,22.77,-34.51,190.11,7.82,63.99,"Tour, Travel Related Services"
THOMASCOOK,Thomas Cook (I),100.29,21.16,4713.75,0.5,30.68,-40.92,1770.69,-10.07,14.83,"Tour, Travel Related Services"
EASEMYTRIP,Easy Trip Plann.,6.84,,2725.5,0.0,-15.41,-188.41,151.91,8.91,0.63,"Tour, Travel Related Services"
YATRA,Yatra Online,107.45,33.56,1688.47,0.0,8.2,-46.12,189.01,-13.68,7.24,"Tour, Travel Related Services"
DUGLOBAL,DU Digital,27.5,34.35,197.84,0.0,0.04,60.66,23.9,6.18,8.14,"Tour, Travel Related Services"
TSC,TSC India,31.05,12.22,45.08,0.0,0.96,-73.91,12.81,-7.04,12.77,"Tour, Travel Related Services"
WINNY,Winny Immigratio,35.6,,7.73,0.0,-4.63,-75.38,0.46,-88.27,-98.17,"Tour, Travel Related Services"
ESCORTS,Escorts Kubota,2907.1,15.3,32560.98,1.14,320.52,17.12,2968.16,21.4,13.93,Tractors
VSTTILLERS,VST Till. Tract.,4412.0,36.08,3824.92,0.45,5.29,-78.82,328.46,8.97,13.75,Tractors
GURUNANAK,Gurunanak Agri.,41.0,8.09,49.2,0.0,4.0,36.52,25.98,34.61,27.24,Tractors
IMPAL,India Motor Part,1071.1,15.23,1330.0,3.08,33.46,28.15,210.72,11.58,4.53,Trading - Auto components
JMA,Jullundur Motor,87.24,6.71,199.27,2.29,9.69,-2.94,172.63,8.57,15.26,Trading - Auto components
UNIENTER,Uniphos Enter.,98.08,32.76,678.53,3.57,-0.7,55.7,26.14,-64.14,0.8,Trading - Chemicals
VINYLINDIA,Vinyl Chemicals,242.0,35.22,443.39,2.89,4.65,-36.04,179.84,4.03,14.86,Trading - Chemicals
DHARIWAL,Dhariwalcorp,32.5,35.57,305.55,0.0,5.5,532.18,117.74,3.97,22.12,Trading - Chemicals
SRD,Shankar Lal Ram.,37.38,17.58,237.1,0.13,4.8,90.48,139.3,30.49,14.01,Trading - Chemicals
AEGISLOG,Aegis Logistics,1368.9,55.28,48060.84,0.64,454.62,45.69,2594.39,52.16,13.33,Trading - Gas
LLOYDSENT,Lloyds Enterpris,77.98,1077.2,11869.87,0.19,68.52,318.23,719.64,47.07,3.67,Trading - Metals
SGMART,SG Mart,674.6,68.6,8529.45,0.0,45.58,41.07,1308.57,14.41,10.24,Trading - Metals
MWL,Mangalam World.,35.8,21.16,1060.33,0.08,15.37,131.83,264.95,-18.24,17.7,Trading - Metals
NRL,Nupur Recyclers,105.67,51.33,729.85,0.0,3.34,34.47,57.32,54.0,15.12,Trading - Metals
BMWVENTLTD,BMW Ventures,57.0,13.14,492.36,2.63,10.85,-1.0,728.63,24.58,11.95,Trading - Metals
ABANSENT,ABans Enterprise,27.0,44.95,177.99,0.0,-7.95,-285.75,6510.4,229.83,4.98,Trading - Metals
ASHOKAMET,Ashoka Metcast,14.23,3.29,35.49,0.0,2.22,311.11,10.35,59.48,9.39,Trading - Metals
ADANIENT,Adani Enterp.,3010.0,,407416.59,0.04,-166.79,-121.16,32439.31,20.3,5.8,Trading - Minerals
ARENTERP,Rajdarshan Inds,49.46,,15.67,0.0,-0.44,-51.72,0.11,57.14,0.19,Trading - Minerals
PDSL,PDS,356.5,45.73,5008.01,0.93,72.1,21.71,3519.03,-0.19,12.5,Trading - Textile Products
BTTL,Bhilwara Tech,48.38,,282.18,0.0,-10.29,-594.71,7.76,413.91,-6.24,Trading - Textile Products
AARNAV,Aarnav Fashions,28.7,12.88,120.39,0.0,3.23,229.59,132.7,45.11,7.63,Trading - Textile Products
SPLIL,SPL Industries,31.74,34.24,93.81,0.0,3.96,34.69,23.28,-24.22,1.78,Trading - Textile Products
HEADSUP,Heads UP Venture,7.06,,15.02,0.0,-3.11,-382.73,2.8,120.47,1.57,Trading - Textile Products
GLOBALE,Globale Tessile,10.9,,11.58,0.0,-0.41,56.38,8.06,1289.66,-3.65,Trading - Textile Products
REDINGTON,Redington,262.05,12.86,20478.69,2.29,287.58,61.68,33213.03,25.62,18.39,Trading & Distributors
MMTC,MMTC,61.94,92.79,9282.06,0.0,126.04,1461.46,0.61,190.48,8.66,Trading & Distributors
MSTCLTD,MSTC,598.05,19.27,4209.56,6.77,77.22,-10.06,118.8,33.71,30.27,Trading & Distributors
BNAGROCHEM,BN Agrochem,274.9,78.69,2704.45,0.0,2.95,-84.68,261.36,22.02,4.38,Trading & Distributors
CNL,Creative Newtech,879.05,18.78,1320.18,0.06,17.79,29.57,740.81,83.17,18.75,Trading & Distributors
STCINDIA,S T C,116.83,15.76,701.93,0.0,16.55,928.57,0.0,,,Trading & Distributors
SHIVAUM,Shiv Aum Steels,402.35,73.55,547.21,0.0,4.38,154.65,153.0,1.22,8.2,Trading & Distributors
OSWALAGRO,Oswal Agro Mills,36.96,,492.2,0.0,-45.61,-163.2,0.02,-99.98,2.03,Trading & Distributors
KOTHARIPRO,Kothari Products,67.73,18.86,404.26,0.0,-1.95,-118.99,316.59,42.08,2.63,Trading & Distributors
ENCOMPAS,Encompass Design,242.6,26.43,344.09,0.0,7.97,-16.19,39.96,1.73,25.62,Trading & Distributors
HPTL,HP Telecom,271.85,12.71,323.9,0.0,17.65,140.46,1412.6,40.89,19.89,Trading & Distributors
SAKUMA,Sakuma Exports,1.67,27.36,260.23,0.0,6.52,44.89,714.68,-2.32,1.74,Trading & Distributors
VIKASLIFE,Vikas Lifecare,1.28,12.82,235.97,0.0,41.59,1533.45,168.62,24.72,2.16,Trading & Distributors
SPCENET,Spacenet Enterpr,3.59,12.68,203.81,0.28,4.48,1.75,45.26,16.86,9.93,Trading & Distributors
ESSENTIA,Integra Essentia,1.13,619.83,198.34,0.0,-2.54,-4980.0,134.15,34.23,1.86,Trading & Distributors
SICAGEN,Sicagen India,50.1,10.83,198.01,2.0,4.46,12.34,277.91,10.49,5.95,Trading & Distributors
METROGLOBL,Metroglobal,128.05,9.68,155.32,1.56,8.45,-79.1,36.75,-15.63,7.18,Trading & Distributors
ROCKINGDCE,Rockingdeals Cir,180.0,14.75,149.38,0.0,4.87,127.57,64.79,90.17,20.44,Trading & Distributors
SIGIND,Signet Industrie,43.98,6.68,129.72,1.14,6.85,-7.56,390.61,7.07,13.7,Trading & Distributors
LAHOTIOV,Lahoti Overseas,42.34,8.55,122.76,0.47,1.45,-66.12,88.46,-28.45,7.95,Trading & Distributors
ANIKINDS,Anik Industries,40.88,,111.12,0.0,-2.19,-609.3,8.04,-83.5,0.3,Trading & Distributors
LANDSMILL,Landsmill Green,0.75,111.09,104.43,0.0,0.29,115.18,0.0,-100.0,0.59,Trading & Distributors
GOYALALUM,Goyal Aluminiums,6.48,29.71,91.51,0.0,2.02,1162.5,28.51,80.9,10.14,Trading & Distributors
UMAEXPORTS,Uma Exports,19.55,78.41,65.87,0.0,0.37,106.93,263.93,-42.48,9.25,Trading & Distributors
KSR,KSR Footwear,28.72,,52.57,0.0,5.07,210.22,60.29,9.04,-10.02,Trading & Distributors
BMETRICS,Bombay Metrics,36.9,29.32,45.44,0.54,0.63,-77.66,45.19,-13.25,10.53,Trading & Distributors
ABMINTLLTD,A B M Internatl.,42.07,,39.58,0.0,1.69,196.57,14.37,-18.68,-8.5,Trading & Distributors
PHOGLOBAL,Phoenix Overseas,16.95,9.56,32.79,3.54,4.65,36.87,371.95,29.69,6.38,Trading & Distributors
AKG,AKG Exim,9.32,82.26,29.61,0.0,0.07,-74.07,16.39,-44.55,1.99,Trading & Distributors
SHYAMTEL,Shyam Telecom,15.57,,17.57,0.0,-0.36,33.33,0.0,,,Trading & Distributors
CONTI,Continental Seed,10.9,14.9,15.2,0.0,0.81,41.38,40.95,-13.28,5.05,Trading & Distributors
BLACKBUCK,Blackbuck,544.25,60.59,9926.22,0.0,65.73,-77.06,185.43,52.23,12.83,Transport Related Services
KERNEX,Kernex Microsys.,2220.5,42.16,3724.12,0.0,68.26,109.45,254.58,206.46,47.83,Transport Related Services
SUNTV,Sun TV Network,488.65,12.92,19288.38,3.07,232.34,-32.4,882.51,-6.3,16.51,TV Broadcasting & Software Production
ZEEL,Zee Entertainmen,103.42,35.5,9913.93,2.35,-103.7,-154.98,2024.8,-7.29,2.75,TV Broadcasting & Software Production
HATHWAY,Hathway Cable,10.64,24.83,1881.65,0.0,24.56,-21.04,565.1,6.52,2.54,TV Broadcasting & Software Production
DEN,Den Networks,26.97,8.68,1287.07,0.0,34.59,-32.29,242.77,0.62,5.58,TV Broadcasting & Software Production
NDTV,NDTV,75.68,,852.73,0.0,-81.88,-16.0,117.23,8.9,-72.58,TV Broadcasting & Software Production
AQYLON,Aqylon Nexus,27.63,,710.59,0.0,-7.99,-3183.33,3.88,179.14,131.18,TV Broadcasting & Software Production
TVTODAY,T.V. Today Netw.,115.84,26.68,690.91,2.59,9.02,14.71,213.47,-14.33,4.55,TV Broadcasting & Software Production
GTPL,GTPL Hathway,59.3,85.24,680.19,3.37,1.37,-78.03,1015.41,12.36,3.37,TV Broadcasting & Software Production
DISHTV,Dish TV India,2.82,,517.45,0.0,-303.95,-244.96,243.07,-29.27,,TV Broadcasting & Software Production
ZEEMEDIA,Zee Media,7.87,73.63,490.34,0.0,-26.53,15.44,157.78,1.27,5.27,TV Broadcasting & Software Production
BAGFILMS,BAG Films,4.57,26.87,100.49,0.0,2.34,-70.28,42.93,2.48,5.55,TV Broadcasting & Software Production
RAJTV,Raj Television,11.92,79.73,62.98,0.0,0.22,104.91,21.32,-1.89,2.63,TV Broadcasting & Software Production
TVVISION,TV Vision,4.76,,18.44,0.0,-13.29,-69.08,0.15,-98.35,,TV Broadcasting & Software Production
SITINET,Siti Networks,0.32,,18.23,0.0,-43.57,22.16,296.1,-2.12,,TV Broadcasting & Software Production
ORTEL,Ortel Commu.,1.77,,5.87,0.0,-9.31,-278.46,10.47,-42.41,-13.42,TV Broadcasting & Software Production
MRF,MRF,132030.0,22.62,55989.73,0.18,702.25,35.5,8044.22,13.7,15.73,Tyres & Rubber Products
BALKRISIND,Balkrishna Inds,2011.4,37.7,38857.78,0.8,299.46,-18.75,2932.82,6.56,11.18,Tyres & Rubber Products
APOLLOTYRE,Apollo Tyres,424.35,13.09,26934.73,1.41,630.97,254.71,7335.67,14.2,13.86,Tyres & Rubber Products
CEATLTD,CEAT,3344.5,21.25,13526.51,1.05,4.0,-96.69,4318.0,22.36,18.73,Tyres & Rubber Products
JKTYRE,JK Tyre & Indust,386.85,12.62,11148.2,1.03,177.96,111.55,4223.44,12.37,15.51,Tyres & Rubber Products
TVSSRICHAK,TVS Srichakra,3921.2,42.95,3000.76,0.43,36.09,169.7,980.94,19.86,7.54,Tyres & Rubber Products
GOODYEAR,Goodyear India,824.8,25.02,1906.97,3.21,9.69,350.92,616.28,2.25,17.4,Tyres & Rubber Products
TOLINS,Tolins Tyres,102.98,11.41,407.14,0.0,8.94,-3.66,77.99,12.17,13.01,Tyres & Rubber Products
MODIRUBBER,Modi Rubber,123.61,469.64,300.57,0.0,-13.88,-1276.27,12.03,70.88,0.63,Tyres & Rubber Products
ETML,Emerald Tyre,87.85,16.56,171.1,1.14,2.77,-31.6,112.94,11.9,12.26,Tyres & Rubber Products
VIAZ,Viaz Tyres,61.8,16.78,88.42,0.0,3.26,59.8,65.74,127.63,12.99,Tyres & Rubber Products
ITTL,Innovative Tyres,70.65,,70.65,0.0,-0.17,97.6,47.28,73.25,0.65,Tyres & Rubber Products
REFEX,Refex Industries,313.85,17.78,4302.49,0.48,94.45,66.79,934.17,57.14,22.71,Waste Management
EMSLIMITED,EMS,406.35,24.99,2261.92,0.37,5.71,-88.0,120.5,-55.34,12.51,Waste Management
AWHCL,Antony Waste han,435.35,16.37,1234.79,0.0,36.9,48.9,285.77,17.77,11.16,Waste Management
EFFWA,Effwa Infra,379.35,30.68,878.09,0.0,18.47,20.33,163.09,31.25,29.26,Waste Management
ZTECH,Z-Tech (India),541.35,21.98,788.18,0.0,19.14,125.18,58.83,68.13,19.76,Waste Management
NAMOEWASTE,Namo eWaste,283.75,45.22,648.87,0.0,7.36,135.9,107.28,29.25,21.33,Waste Management
CEWATER,Concord Enviro,297.5,27.04,616.43,0.0,14.16,-78.51,206.04,-0.46,6.63,Waste Management
HIGREEN,Hi-Green Carbon,134.7,63.75,336.61,0.0,-1.3,-85.22,69.67,14.8,10.41,Waste Management
RACE,Race Eco,108.29,27.06,182.94,0.0,1.96,25.68,182.48,-5.91,10.99,Waste Management
URBAN,Urban Enviro,129.95,7.56,112.53,0.0,5.79,120.15,95.48,38.16,33.15,Waste Management
GREENLEAF,Greenleaf Envi.,100.0,8.2,59.29,0.0,4.34,26.9,39.54,38.88,34.47,Waste Management
WABAG,Va Tech Wabag,2057.3,34.33,12841.14,0.24,128.0,28.94,1414.4,22.33,21.33,Water Supply & Management
IONEXCHANG,ION Exchange,415.0,39.4,6083.8,0.3,24.29,-61.96,863.27,3.44,14.06,Water Supply & Management
EIEL,Enviro Infra,217.62,20.15,3813.25,0.0,54.39,-28.86,427.31,8.75,20.39,Water Supply & Management
JITFINFRA,JITF Infra Logis,360.1,,920.88,0.0,-7.84,107.37,898.33,14.07,15.39,Water Supply & Management
DENTA,Denta Water,330.7,14.51,883.77,0.76,9.11,-33.6,55.31,2.14,18.84,Water Supply & Management
APEXECO,Apex Ecotech,264.4,20.48,348.62,0.0,14.45,106.13,116.08,135.7,41.17,Water Supply & Management
FELIX,Felix Industries,179.0,16.98,307.99,0.0,4.34,25.85,37.43,188.14,19.28,Water Supply & Management
SATTVAENGG,Sattva Eng.,79.0,10.64,138.0,0.0,8.6,16.97,78.23,8.05,22.76,Water Supply & Management
ONMOBILE,OnMobile Global,59.0,,629.37,0.0,-36.54,-360.91,127.67,-18.28,-0.12,Web based media and service
PELATRO,Pelatro,263.0,65.27,278.71,0.38,6.11,65.58,39.1,58.75,7.7,Web based media and service
JSLL,Jeena Sikho,559.8,31.24,6940.98,0.2,45.35,78.97,215.55,54.79,70.74,Wellness
KAYA,Kaya Ltd,264.99,,403.32,0.0,-27.77,-182.35,55.8,2.03,-45.56,Wellness
LLOYDS,Lloyds Luxuries,71.0,,171.35,0.0,0.36,107.53,33.22,36.43,-5.75,Wellness
HINDZINC,Hindustan Zinc,531.15,16.43,224385.91,2.07,4997.0,67.91,13488.0,49.19,69.25,Zinc
